so_id,order_quantity,order_line_count,order_sales_value,unique_products,order_value_category
SO-100070,17,2,292352.0,2,Very High
SO-100088,132,10,2770123.8,9,Very High
SO-100155,108,9,1564183.0,7,Very High
SO-100192,36,2,264196.0,2,Very High
SO-100220,21,3,168070.8,3,Very High
SO-100241,62,9,2563943.0,8,Very High
SO-100259,116,10,2013088.6,9,Very High
SO-100281,11,2,26915.8,2,High
SO-100340,31,3,2670336.0,3,Very High
SO-100355,113,9,5854806.0,8,Very High
SO-100359,68,4,2603264.0,4,Very High
SO-100405,113,7,4069774.8,7,Very High
SO-100420,105,11,3878309.6,9,Very High
SO-100521,37,4,610303.0,4,Very High
SO-100571,139,11,1341471.4,11,Very High
SO-100601,115,12,1291072.4,9,Very High
SO-100609,66,5,1507343.6,5,Very High
SO-100635,106,10,2453042.0,7,Very High
SO-100662,63,6,1434904.8,5,Very High
SO-100786,78,7,1283189.4,7,Very High
SO-100871,63,7,540696.8,7,Very High
SO-100978,44,6,2224184.4,5,Very High
SO-100980,119,9,1296600.2,9,Very High
SO-101005,55,5,2857452.0,5,Very High
SO-101006,62,6,795389.0,6,Very High
SO-101024,26,2,573128.0,2,Very High
SO-101088,103,10,1312986.5999999999,8,Very High
SO-101158,83,7,4292528.0,7,Very High
SO-101202,62,5,1089905.2,5,Very High
SO-101223,115,11,1982777.0,11,Very High
SO-101333,92,10,4566126.0,9,Very High
SO-101360,67,5,890534.0,5,Very High
SO-101371,40,4,397527.0,4,Very High
SO-101378,6,1,8850.0,1,Medium
SO-101405,57,4,594940.0,4,Very High
SO-101408,45,4,687577.6,4,Very High
SO-101430,25,2,376384.0,2,Very High
SO-101487,11,1,344960.0,1,Very High
SO-101606,61,7,755732.6,6,Very High
SO-101627,142,11,1672227.0,10,Very High
SO-101634,114,11,3020610.0,8,Very High
SO-101698,1,1,19072.0,1,High
SO-101727,32,4,1135036.0,3,Very High
SO-101774,15,1,25665.0,1,High
SO-101846,44,4,155236.4,3,Very High
SO-101862,66,8,1620332.8,7,Very High
SO-101875,147,11,2207824.0,9,Very High
SO-101895,111,8,1251814.8,6,Very High
SO-102042,95,10,1514278.0,7,Very High
SO-102047,16,3,100111.6,3,Very High
SO-102070,45,6,522499.0,6,Very High
SO-102089,83,8,3062929.2,8,Very High
SO-102151,37,2,308815.0,2,Very High
SO-102196,73,7,545609.8,6,Very High
SO-102225,76,8,2276281.6,7,Very High
SO-102299,99,11,3440309.6,10,Very High
SO-102341,16,1,13593.6,1,High
SO-102367,132,9,1605142.2,9,Very High
SO-102429,77,6,2631303.6,6,Very High
SO-102436,96,8,2574010.4,8,Very High
SO-102464,94,12,1224995.6,9,Very High
SO-102589,95,9,1249586.6,8,Very High
SO-102622,128,12,4170176.0,11,Very High
SO-102648,79,6,2311208.0,5,Very High
SO-102680,39,4,1734281.8,4,Very High
SO-102750,50,4,316472.0,4,Very High
SO-102755,126,12,7055107.4,8,Very High
SO-102866,86,9,1106498.8,9,Very High
SO-102899,74,6,788077.0,6,Very High
SO-102988,94,9,4453998.4,6,Very High
SO-102997,134,12,3595058.0,10,Very High
SO-103003,86,7,4573880.0,7,Very High
SO-103051,73,6,1950134.2,6,Very High
SO-103196,74,9,996396.8,8,Very High
SO-103200,60,7,273193.2,6,Very High
SO-103375,72,9,1154491.8,7,Very High
SO-103444,18,2,45819.4,2,High
SO-103466,5,1,140160.0,1,Very High
SO-103504,69,6,2143810.4,6,Very High
SO-103663,106,9,2729275.0,7,Very High
SO-103669,69,7,631811.6,7,Very High
SO-103725,22,2,312772.0,2,Very High
SO-103819,36,4,723265.0,4,Very High
SO-103835,113,10,1957122.6,7,Very High
SO-103898,52,6,1252161.0,6,Very High
SO-103924,27,2,52215.0,2,Very High
SO-103937,23,3,570483.0,3,Very High
SO-103986,47,5,325086.0,5,Very High
SO-104082,54,6,650167.0,6,Very High
SO-104122,101,6,3367475.2,5,Very High
SO-104232,44,3,189017.0,3,Very High
SO-104263,36,5,917010.0,5,Very High
SO-104320,12,2,29972.0,2,High
SO-104353,69,8,1547708.0,6,Very High
SO-104358,60,6,1956492.0,5,Very High
SO-104368,84,8,2133932.4,6,Very High
SO-104398,104,11,2376103.0,8,Very High
SO-104445,35,3,502980.0,2,Very High
SO-104475,98,10,1673719.8,10,Very High
SO-104482,92,7,1871506.2,6,Very High
SO-104566,35,4,272622.6,4,Very High
SO-104684,90,10,2639009.2,10,Very High
SO-104780,109,11,1873807.8,9,Very High
SO-104807,9,1,317952.0,1,Very High
SO-104814,59,4,905088.0,4,Very High
SO-104820,66,5,152117.8,5,Very High
SO-104832,58,9,722035.0,8,Very High
SO-104904,94,10,1381863.0,8,Very High
SO-104997,73,9,2641360.6,9,Very High
SO-105053,101,10,3094909.0,6,Very High
SO-105126,16,3,610808.0,3,Very High
SO-105127,105,10,1647908.0,10,Very High
SO-105149,165,12,3308855.0,9,Very High
SO-105214,36,4,275044.4,4,Very High
SO-105299,99,10,3694665.0,10,Very High
SO-105527,111,12,2147947.8,12,Very High
SO-105584,38,3,1071047.2,3,Very High
SO-105665,136,10,1295140.6,10,Very High
SO-105805,121,10,1915100.0,9,Very High
SO-105812,44,4,1883495.0,4,Very High
SO-106008,135,11,3643716.2,10,Very High
SO-106251,71,8,1924314.6,8,Very High
SO-106268,82,6,2695361.0,6,Very High
SO-106300,53,4,916591.0,4,Very High
SO-106305,64,5,853820.0,5,Very High
SO-106420,90,8,2314560.6,8,Very High
SO-106483,68,7,255162.0,7,Very High
SO-106546,50,4,794297.2,4,Very High
SO-106602,9,1,194688.0,1,Very High
SO-106616,123,12,2729446.8,8,Very High
SO-106641,18,1,635904.0,1,Very High
SO-106679,117,12,4050249.8,10,Very High
SO-106729,111,10,1612097.8,9,Very High
SO-106782,97,9,1893892.7999999998,9,Very High
SO-106787,19,3,202398.0,2,Very High
SO-106794,85,8,2323838.0,5,Very High
SO-106795,45,3,469032.8,3,Very High
SO-106802,65,5,542234.0,4,Very High
SO-106810,18,1,237312.0,1,Very High
SO-106864,5,1,23305.0,1,High
SO-106914,107,6,1417055.6,6,Very High
SO-106993,4,1,37052.0,1,High
SO-107028,76,8,691764.8,7,Very High
SO-107037,9,1,7646.4,1,Medium
SO-107080,23,2,2076288.0,2,Very High
SO-107116,53,4,396877.0,4,Very High
SO-107216,111,10,2920611.4,9,Very High
SO-107247,109,9,1963680.0,9,Very High
SO-107281,40,5,814112.0,5,Very High
SO-107323,51,7,1937148.0,5,Very High
SO-107348,39,4,654339.0,3,Very High
SO-107395,118,12,2416735.6,10,Very High
SO-107427,100,7,2284110.4,7,Very High
SO-107462,49,4,1248174.6,4,Very High
SO-107495,69,7,3039726.6,7,Very High
SO-107542,36,4,265414.0,3,Very High
SO-107674,18,2,1071726.4,2,Very High
SO-107676,71,8,1107314.4,7,Very High
SO-107703,26,2,363097.6,2,Very High
SO-107753,105,11,2184590.4,10,Very High
SO-107807,75,10,2964818.1999999997,8,Very High
SO-107838,66,7,1955979.4,7,Very High
SO-107872,43,5,707221.6,5,Very High
SO-108016,42,3,899112.8,3,Very High
SO-108017,30,5,718596.4,5,Very High
SO-108101,111,11,1062289.8,8,Very High
SO-108154,30,3,276956.0,3,Very High
SO-108168,72,5,426270.8,4,Very High
SO-108181,106,9,1341290.6,7,Very High
SO-108191,53,6,502813.8,5,Very High
SO-108201,19,1,532608.0,1,Very High
SO-108210,88,9,1802387.6,8,Very High
SO-108421,127,11,4759006.0,11,Very High
SO-108429,71,7,3547731.6,7,Very High
SO-108452,25,3,727080.0,3,Very High
SO-108459,125,10,2614831.2,10,Very High
SO-108502,69,9,1277527.8,8,Very High
SO-108631,7,1,356608.0,1,Very High
SO-108770,20,1,331520.0,1,Very High
SO-108835,106,12,4175915.5999999996,10,Very High
SO-108905,38,4,328117.0,3,Very High
SO-108909,41,4,731852.0,4,Very High
SO-108931,29,2,2077330.0,2,Very High
SO-108954,91,11,2891744.4,11,Very High
SO-109111,15,1,5487.0,1,Medium
SO-109121,52,5,2959710.0,4,Very High
SO-109132,135,11,1472751.6,10,Very High
SO-109166,31,2,1164928.0,2,Very High
SO-109194,67,8,1389120.0,6,Very High
SO-109208,86,11,1245770.0,8,Very High
SO-109237,38,3,798819.2,3,Very High
SO-109243,33,4,543947.2,4,Very High
SO-109260,83,7,3868013.4,5,Very High
SO-109294,7,1,9499.0,1,Medium
SO-109313,39,5,307052.8,4,Very High
SO-109350,38,3,293687.0,3,Very High
SO-109359,74,5,2545343.2,4,Very High
SO-109375,116,11,961571.4,8,Very High
SO-109386,104,9,4651439.0,8,Very High
SO-109460,79,7,2764537.0,6,Very High
SO-109508,28,2,1557504.0,2,Very High
SO-109643,129,12,3205269.2,10,Very High
SO-109719,15,1,529920.0,1,Very High
SO-109777,83,12,1759003.2,11,Very High
SO-109806,81,6,2379109.0,6,Very High
SO-109811,14,2,769381.6,2,Very High
SO-109841,129,12,2131793.0,11,Very High
SO-109941,120,12,1285301.8,10,Very High
SO-109956,85,9,3205404.2,9,Very High
SO-110032,25,3,436577.0,3,Very High
SO-110096,7,2,149248.0,2,Very High
SO-110183,52,4,534917.2,4,Very High
SO-110228,54,5,823441.0,5,Very High
SO-110235,74,5,1851378.4,5,Very High
SO-110286,67,6,2717013.0,6,Very High
SO-110309,51,4,1086478.4,4,Very High
SO-110527,14,1,37170.0,1,High
SO-110643,18,3,929984.0,3,Very High
SO-110645,45,5,1146896.0,5,Very High
SO-110668,89,10,871244.2,9,Very High
SO-110707,97,10,1412783.8,8,Very High
SO-110760,114,10,3262731.6,8,Very High
SO-110796,79,8,1506586.2,8,Very High
SO-110797,9,3,610870.4,3,Very High
SO-110809,91,7,1974926.4,6,Very High
SO-110812,145,12,3353445.0,10,Very High
SO-110825,17,1,29087.0,1,High
SO-110839,108,12,1206721.4,8,Very High
SO-110901,28,3,558592.0,2,Very High
SO-110912,112,8,2281307.8,8,Very High
SO-110940,79,7,440611.8,6,Very High
SO-110968,57,6,1005504.0,5,Very High
SO-110975,96,10,1519383.8,8,Very High
SO-111028,118,12,1086194.0,10,Very High
SO-111062,74,8,581925.8,7,Very High
SO-111150,117,10,3814629.0,9,Very High
SO-111233,34,3,3206272.0,3,Very High
SO-111234,93,8,894630.8,7,Very High
SO-111255,28,4,101487.4,4,Very High
SO-111257,115,12,4361651.0,11,Very High
SO-111324,16,1,815104.0,1,Very High
SO-111380,61,8,1490720.0,8,Very High
SO-111413,25,2,238699.2,2,Very High
SO-111417,34,5,157522.8,4,Very High
SO-111491,96,11,1531822.8,9,Very High
SO-111538,25,3,509316.2,3,Very High
SO-111551,65,6,878418.0,6,Very High
SO-111569,9,1,282240.0,1,Very High
SO-111583,8,1,86528.0,1,Very High
SO-111590,101,11,1013664.0,11,Very High
SO-111637,4,1,203776.0,1,Very High
SO-111665,1,1,1711.0,1,Low
SO-111684,127,10,1897160.4,8,Very High
SO-111686,40,3,238006.0,3,Very High
SO-111854,25,2,540800.0,1,Very High
SO-111870,33,6,369360.6,5,Very High
SO-111967,89,12,3305864.6,10,Very High
SO-112011,17,1,183872.0,1,Very High
SO-112050,51,4,277295.4,4,Very High
SO-112068,97,9,2677844.0,9,Very High
SO-112087,102,8,3071119.0,8,Very High
SO-112106,12,2,11575.8,2,High
SO-112129,26,2,1033536.0,2,Very High
SO-112219,22,2,57560.0,2,Very High
SO-112295,24,3,2234147.2,3,Very High
SO-112341,129,11,1317942.2,9,Very High
SO-112398,24,3,1006814.0,3,Very High
SO-112462,147,12,1864036.0,10,Very High
SO-112687,114,8,2231019.6,7,Very High
SO-112696,75,7,2961676.0,7,Very High
SO-112697,105,12,4485719.6,9,Very High
SO-112775,38,4,234131.8,4,Very High
SO-112778,61,5,755878.0,4,Very High
SO-112782,88,8,2621081.8,8,Very High
SO-112784,46,4,1249166.0,4,Very High
SO-112795,110,11,2436047.0,11,Very High
SO-112886,73,6,1357616.6,6,Very High
SO-112976,19,2,13027.2,2,High
SO-112979,90,10,4186403.0,8,Very High
SO-113195,52,5,2918065.6,4,Very High
SO-113206,55,5,1643065.6,5,Very High
SO-113298,58,6,1717977.6,6,Very High
SO-113383,18,1,24426.0,1,High
SO-113388,98,8,435739.6,7,Very High
SO-113417,43,4,433080.4,3,Very High
SO-113495,118,12,1362246.6,10,Very High
SO-113497,63,8,1245068.8,7,Very High
SO-113516,107,12,1171188.4,10,Very High
SO-113554,44,4,404456.0,3,Very High
SO-113620,26,2,36414.8,2,High
SO-113634,13,1,8897.2,1,Medium
SO-113661,130,11,1765690.4,10,Very High
SO-113666,76,8,1263871.8,8,Very High
SO-113694,68,7,3288270.0,6,Very High
SO-113709,89,7,1421178.2,6,Very High
SO-113739,64,6,2683883.2,5,Very High
SO-113760,81,7,2896724.8,6,Very High
SO-113805,69,8,766733.8,7,Very High
SO-113834,9,2,361918.0,2,Very High
SO-113873,60,7,879973.6,7,Very High
SO-113928,141,12,2030981.0,10,Very High
SO-113956,98,11,1085953.4,8,Very High
SO-113960,92,10,1196610.0,9,Very High
SO-113975,34,2,2914435.0,2,Very High
SO-113977,155,11,3941075.0,10,Very High
SO-114001,131,10,4385167.2,10,Very High
SO-114163,44,3,59259.6,2,Very High
SO-114166,99,7,829560.6,6,Very High
SO-114173,119,11,2092592.2,10,Very High
SO-114181,15,2,196416.0,2,Very High
SO-114274,115,9,4086249.2,9,Very High
SO-114337,40,3,807076.0,3,Very High
SO-114395,162,11,2685679.0,10,Very High
SO-114435,143,11,1934995.4,9,Very High
SO-114473,12,2,68352.0,2,Very High
SO-114513,93,8,2996086.8,7,Very High
SO-114599,11,1,132396.0,1,Very High
SO-114724,129,11,4680694.8,9,Very High
SO-114754,88,8,2284856.4,8,Very High
SO-114798,84,7,3671168.0,6,Very High
SO-114830,92,8,4340822.0,6,Very High
SO-114852,104,10,3529363.1999999997,9,Very High
SO-114882,91,7,2136037.0,6,Very High
SO-114887,92,12,2356632.8,11,Very High
SO-114918,79,8,2708351.0,8,Very High
SO-115169,110,9,3847751.0,7,Very High
SO-115288,30,2,3555840.0,2,Very High
SO-115320,71,9,670179.2,8,Very High
SO-115469,36,5,1682714.0,5,Very High
SO-115474,76,7,1913613.0,6,Very High
SO-115513,89,8,1374166.0,8,Very High
SO-115564,38,5,422873.6,4,Very High
SO-115572,83,9,1804918.0,7,Very High
SO-115580,31,3,720794.0,3,Very High
SO-115725,121,11,1266748.0,9,Very High
SO-115727,74,9,1725733.0,9,Very High
SO-115889,105,12,4372667.0,10,Very High
SO-115911,59,7,1482047.0,7,Very High
SO-115995,5,1,223360.0,1,Very High
SO-116031,150,11,1890402.8,10,Very High
SO-116096,119,12,3442787.4,10,Very High
SO-116265,98,12,1064722.6,9,Very High
SO-116328,32,4,2531924.0,4,Very High
SO-116442,115,11,1863997.4,8,Very High
SO-116443,117,10,3254163.2,8,Very High
SO-116490,61,7,682155.0,7,Very High
SO-116508,47,8,2457467.2,8,Very High
SO-116512,141,12,3823553.0,11,Very High
SO-116524,6,1,8850.0,1,Medium
SO-116545,166,12,3124868.6,10,Very High
SO-116607,61,4,1442109.0,4,Very High
SO-116710,117,9,3532311.2,9,Very High
SO-116751,16,2,550809.0,2,Very High
SO-116778,49,3,1027197.0,3,Very High
SO-116845,39,5,306204.2,4,Very High
SO-116893,35,3,362975.0,3,Very High
SO-116960,16,2,344640.0,2,Very High
SO-117016,108,9,1830795.6,8,Very High
SO-117031,118,11,4521880.8,9,Very High
SO-117035,73,7,1679382.2,7,Very High
SO-117074,32,2,692224.0,1,Very High
SO-117100,31,3,58450.0,3,Very High
SO-117106,70,5,183785.0,5,Very High
SO-117146,63,7,1569305.5999999999,6,Very High
SO-117190,101,8,2081934.4,6,Very High
SO-117341,31,2,38161.2,2,High
SO-117421,61,6,1338209.0,6,Very High
SO-117429,66,7,698240.0,7,Very High
SO-117514,57,5,1686336.0,4,Very High
SO-117570,59,6,962482.8,5,Very High
SO-117613,56,8,824297.6,8,Very High
SO-117660,37,2,2268032.0,2,Very High
SO-117680,72,6,1684618.4,6,Very High
SO-117794,139,11,3666924.4,11,Very High
SO-117802,103,10,1874456.0,9,Very High
SO-117855,36,4,77596.8,4,Very High
SO-117880,65,5,2374720.0,5,Very High
SO-117929,85,8,753497.0,7,Very High
SO-117950,136,9,2685829.6,7,Very High
SO-117981,45,3,1019023.6,3,Very High
SO-118081,31,3,169542.4,3,Very High
SO-118123,19,1,205504.0,1,Very High
SO-118154,21,3,298036.8,3,Very High
SO-118259,10,1,108160.0,1,Very High
SO-118270,106,12,1220907.0,7,Very High
SO-118279,83,9,1172108.8,9,Very High
SO-118409,107,9,5734866.2,9,Very High
SO-118432,74,6,2956858.0,6,Very High
SO-118477,119,11,2532264.0,11,Very High
SO-118549,37,3,354221.4,3,Very High
SO-118561,4,1,52736.0,1,Very High
SO-118619,33,4,376590.0,4,Very High
SO-118665,43,5,178667.8,5,Very High
SO-118713,110,8,947025.0,7,Very High
SO-118725,98,9,2970498.6,8,Very High
SO-118727,95,7,2793988.6,7,Very High
SO-118742,140,12,2197291.0,9,Very High
SO-118808,120,12,2339101.8,10,Very High
SO-118989,25,3,438811.0,3,Very High
SO-119071,37,4,1108205.6,4,Very High
SO-119146,109,8,3337859.0,7,Very High
SO-119183,113,10,2013106.6,10,Very High
SO-119200,122,12,3007181.4,10,Very High
SO-119229,127,11,5331467.6,9,Very High
SO-119248,24,3,1043352.0,3,Very High
SO-119272,70,8,1688069.0,8,Very High
SO-119292,109,9,1299954.8,8,Very High
SO-119322,56,8,2493409.6,7,Very High
SO-119337,175,12,3589486.6,9,Very High
SO-119391,58,4,519000.0,4,Very High
SO-119449,72,7,3363251.4,5,Very High
SO-119515,82,8,1277325.0,8,Very High
SO-119539,149,11,2535105.2,9,Very High
SO-119560,57,7,1090448.4,7,Very High
SO-119584,136,11,2264235.6,10,Very High
SO-119622,41,3,1259392.0,3,Very High
SO-119631,13,3,427904.0,3,Very High
SO-119636,15,1,529920.0,1,Very High
SO-119672,116,11,3587204.8,9,Very High
SO-119776,49,3,2836544.0,3,Very High
SO-119786,89,9,2930159.0,8,Very High
SO-119789,89,8,1504366.6,7,Very High
SO-119816,34,3,1227520.0,3,Very High
SO-119880,81,8,1032987.0,6,Very High
SO-119892,84,9,1003133.0,8,Very High
SO-120032,41,5,417833.4,5,Very High
SO-120037,132,10,4982770.6,8,Very High
SO-120127,121,10,2139900.0,9,Very High
SO-120132,41,4,1435030.4,4,Very High
SO-120182,138,12,6065264.0,10,Very High
SO-120236,82,9,1248043.8,6,Very High
SO-120243,11,3,12083.2,3,High
SO-120260,28,2,589232.0,2,Very High
SO-120286,100,9,3981013.4,8,Very High
SO-120300,137,12,3367655.4,11,Very High
SO-120316,91,8,2684723.0,6,Very High
SO-120318,42,5,1697648.0,5,Very High
SO-120335,65,7,1845839.0,6,Very High
SO-120358,89,10,2087981.6,8,Very High
SO-120376,5,1,15680.0,1,High
SO-120419,69,6,805841.6,5,Very High
SO-120433,56,5,2272497.6,5,Very High
SO-120435,37,4,988942.0,4,Very High
SO-120544,55,5,3582208.4,4,Very High
SO-120723,126,12,990837.0,10,Very High
SO-120797,12,2,123928.0,2,Very High
SO-120880,20,2,90314.6,2,Very High
SO-120883,75,6,2008842.4,4,Very High
SO-120904,75,9,2676564.1999999997,9,Very High
SO-120948,76,10,855183.4,8,Very High
SO-120957,22,2,317952.0,2,Very High
SO-120959,114,10,5123606.4,9,Very High
SO-121099,21,4,663872.0,4,Very High
SO-121119,55,4,1324831.0,4,Very High
SO-121132,136,10,3337623.0,6,Very High
SO-121134,94,8,4440098.6,8,Very High
SO-121249,75,7,2386196.0,6,Very High
SO-121311,30,6,537633.0,5,Very High
SO-121319,75,7,772281.4,7,Very High
SO-121329,35,4,683278.0,2,Very High
SO-121367,46,5,2202877.0,5,Very High
SO-121402,64,9,2079833.8,8,Very High
SO-121403,53,4,100288.2,4,Very High
SO-121429,43,4,123286.4,4,Very High
SO-121475,94,10,1447667.0,8,Very High
SO-121586,26,3,302676.0,3,Very High
SO-121609,115,9,2066004.0,8,Very High
SO-121656,32,3,217265.0,3,Very High
SO-121695,95,7,1977782.8,6,Very High
SO-121765,86,8,1227848.6,7,Very High
SO-121806,61,5,2855040.0,3,Very High
SO-121845,88,9,1450675.2,8,Very High
SO-121881,35,4,198651.4,4,Very High
SO-121887,71,6,346497.60000000003,5,Very High
SO-121896,25,3,245725.6,3,Very High
SO-121906,7,1,100352.0,1,Very High
SO-121915,44,6,502368.4,6,Very High
SO-121920,73,6,1811306.6,6,Very High
SO-122007,90,10,1402827.0,10,Very High
SO-122063,95,7,3535608.2,5,Very High
SO-122091,38,3,403740.0,3,Very High
SO-122117,68,5,2674128.6,5,Very High
SO-122172,40,4,1042816.0,4,Very High
SO-122260,51,5,815211.2,5,Very High
SO-122401,82,10,830161.2,8,Very High
SO-122411,101,8,5479242.0,6,Very High
SO-122476,10,1,5664.0,1,Medium
SO-122494,66,7,429900.8,6,Very High
SO-122544,88,10,2330118.0,9,Very High
SO-122593,128,9,3447116.4,8,Very High
SO-122598,125,11,4770698.4,9,Very High
SO-122604,110,11,906839.6,8,Very High
SO-122652,15,1,25665.0,1,High
SO-122695,104,12,557832.2,10,Very High
SO-122718,52,6,720819.0,6,Very High
SO-122791,28,2,364324.8,2,Very High
SO-122835,4,2,14089.2,2,High
SO-122874,37,5,483132.0,4,Very High
SO-122960,65,5,1688463.6,4,Very High
SO-122980,111,11,1979197.0,9,Very High
SO-122982,7,1,64841.0,1,Very High
SO-122999,136,12,5495656.2,11,Very High
SO-123071,69,5,2698904.0,5,Very High
SO-123075,103,7,1310344.0,5,Very High
SO-123147,64,6,331116.2,5,Very High
SO-123148,48,5,2070121.0,5,Very High
SO-123209,32,5,3102080.0,5,Very High
SO-123219,111,11,2465407.0,8,Very High
SO-123244,9,2,571392.0,2,Very High
SO-123266,43,6,1392567.2,6,Very High
SO-123304,109,9,4561876.0,8,Very High
SO-123442,51,4,1926631.0,4,Very High
SO-123470,160,11,2129687.0,10,Very High
SO-123554,40,4,647535.0,4,Very High
SO-123580,76,10,1232701.0,8,Very High
SO-123624,88,9,1344725.6,7,Very High
SO-123684,46,5,949909.0,4,Very High
SO-123720,102,8,3083739.2,6,Very High
SO-123726,103,9,1138223.8,8,Very High
SO-123733,140,10,6056371.4,10,Very High
SO-123815,141,11,1012107.6,10,Very High
SO-123912,60,6,902163.0,6,Very High
SO-123956,63,7,3230786.0,6,Very High
SO-123960,58,7,1317100.2,7,Very High
SO-124011,112,11,1764170.0,11,Very High
SO-124039,137,11,3783892.8,11,Very High
SO-124088,11,1,650496.0,1,Very High
SO-124132,166,10,1460944.0,9,Very High
SO-124262,19,1,25783.0,1,High
SO-124263,131,12,3953310.2,11,Very High
SO-124267,96,8,2557896.0,7,Very High
SO-124275,72,7,630760.8,5,Very High
SO-124322,113,11,2928532.0,8,Very High
SO-124331,68,5,2338902.0,5,Very High
SO-124351,30,2,840960.0,1,Very High
SO-124382,60,7,464457.8,7,Very High
SO-124384,64,7,842786.8,7,Very High
SO-124399,73,8,1090812.6,7,Very High
SO-124450,108,8,3764861.2,8,Very High
SO-124473,70,12,2642163.0,7,Very High
SO-124559,47,4,824572.6,4,Very High
SO-124584,9,1,130176.0,1,Very High
SO-124618,11,2,1191680.0,2,Very High
SO-124750,23,3,276545.0,2,Very High
SO-124757,30,2,897098.0,2,Very High
SO-124778,122,8,2406166.4,8,Very High
SO-124834,49,4,1051495.2,4,Very High
SO-124840,47,5,892324.6,5,Very High
SO-124872,114,9,1407213.8,9,Very High
SO-124879,34,3,592368.0,3,Very High
SO-124899,37,4,3072367.0,4,Very High
SO-124932,33,4,911125.0,4,Very High
SO-124947,108,9,2033062.4,7,Very High
SO-124990,25,2,317000.0,2,Very High
SO-125079,81,10,2696117.0,10,Very High
SO-125166,15,1,286080.0,1,Very High
SO-125198,71,7,1741351.4,7,Very High
SO-125262,56,5,1369192.0,4,Very High
SO-125263,91,10,1736222.2,9,Very High
SO-125289,96,9,3198887.0,7,Very High
SO-125301,21,2,104592.0,2,Very High
SO-125358,54,5,1216877.8,5,Very High
SO-125371,120,9,3151662.4,7,Very High
SO-125430,26,4,203913.0,4,Very High
SO-125473,30,3,323538.0,3,Very High
SO-125514,59,7,2120448.0,6,Very High
SO-125524,147,12,5860772.2,10,Very High
SO-125525,55,6,1818271.0,5,Very High
SO-125687,13,2,48564.0,2,High
SO-125722,46,4,358456.8,4,Very High
SO-125744,13,2,16425.6,2,High
SO-125785,115,12,1076113.2,11,Very High
SO-125836,112,10,2049298.4,7,Very High
SO-125885,122,10,1344745.8,8,Very High
SO-125921,104,10,3844106.8000000003,9,Very High
SO-125999,83,11,1939471.8,10,Very High
SO-126028,35,5,143433.4,5,Very High
SO-126046,59,6,522892.8,6,Very High
SO-126063,13,1,11044.8,1,High
SO-126067,126,10,5690555.2,9,Very High
SO-126069,30,2,721310.0,2,Very High
SO-126151,129,10,3492857.6,9,Very High
SO-126167,29,2,1035968.0,2,Very High
SO-126262,81,8,3738473.4,7,Very High
SO-126286,97,9,2332940.6,7,Very High
SO-126327,28,4,1170198.0,4,Very High
SO-126329,84,6,1059898.0,5,Very High
SO-126356,45,6,296668.8,6,Very High
SO-126408,48,5,466160.2,5,Very High
SO-126413,90,8,3483235.0,6,Very High
SO-126464,65,8,428329.6,7,Very High
SO-126470,85,7,304199.2,7,Very High
SO-126523,62,6,1847609.0,6,Very High
SO-126525,108,9,3479935.6,9,Very High
SO-126579,60,4,1796864.0,4,Very High
SO-126589,5,1,72320.0,1,Very High
SO-126603,123,9,1283188.0,8,Very High
SO-126640,2,1,304640.0,1,Very High
SO-126644,35,5,1170040.0,5,Very High
SO-126691,142,12,3893629.0,11,Very High
SO-126769,34,2,514393.6,2,Very High
SO-126839,47,7,817818.0,7,Very High
SO-126842,60,6,1854160.0,6,Very High
SO-126876,60,5,380881.80000000005,5,Very High
SO-126946,146,12,1777323.2,9,Very High
SO-126963,101,8,4247052.4,8,Very High
SO-127001,119,10,2978610.0,10,Very High
SO-127087,122,11,1433858.8,10,Very High
SO-127142,34,4,935856.0,4,Very High
SO-127160,132,9,2904960.0,7,Very High
SO-127193,81,12,836553.2000000001,9,Very High
SO-127237,32,2,439808.0,2,Very High
SO-127258,72,7,2138611.2,7,Very High
SO-127311,59,6,857973.8,6,Very High
SO-127314,61,6,611419.0,6,Very High
SO-127336,92,9,1851256.0,6,Very High
SO-127497,53,5,845306.4,5,Very High
SO-127565,11,1,157696.0,1,Very High
SO-127610,56,6,985997.2,6,Very High
SO-127664,150,12,2516441.0,10,Very High
SO-127671,82,9,2125509.4,8,Very High
SO-127675,101,10,1133838.4,9,Very High
SO-127697,65,6,1218676.6,5,Very High
SO-127731,111,9,2436408.2,7,Very High
SO-127751,70,5,970110.4,5,Very High
SO-127769,69,5,758827.0,5,Very High
SO-127785,87,9,3165464.0,8,Very High
SO-127837,100,9,2244701.6,8,Very High
SO-127924,79,9,1138104.2,8,Very High
SO-127960,52,5,1646720.0,5,Very High
SO-127973,5,2,3304.0,2,Low
SO-127982,30,4,1560090.0,3,Very High
SO-128017,86,10,581475.8,10,Very High
SO-128050,41,4,711534.0,4,Very High
SO-128090,30,3,746624.0,3,Very High
SO-128131,71,6,5128461.0,5,Very High
SO-128231,97,9,977565.0,8,Very High
SO-128291,72,6,1442096.0,6,Very High
SO-128301,91,10,3106756.2,9,Very High
SO-128325,69,6,833017.0,5,Very High
SO-128350,42,5,365480.2,4,Very High
SO-128409,101,11,1752492.4,10,Very High
SO-128488,34,2,21995.199999999997,2,High
SO-128533,18,2,367744.0,2,Very High
SO-128568,43,4,1242506.6,4,Very High
SO-128636,26,3,59188.8,3,Very High
SO-128667,123,12,2715760.0,11,Very High
SO-128707,40,4,2343436.0,4,Very High
SO-128775,102,9,3698021.8,7,Very High
SO-128833,85,6,2033470.0,6,Very High
SO-128847,97,9,1340511.7999999998,7,Very High
SO-128865,22,2,336457.0,2,Very High
SO-128871,49,5,765590.0,5,Very High
SO-128885,19,3,280769.0,3,Very High
SO-128929,67,8,3390443.0,7,Very High
SO-128933,68,6,1590290.0,6,Very High
SO-128959,54,5,639061.0,3,Very High
SO-128978,108,11,2425972.0,9,Very High
SO-128989,147,10,6169884.2,9,Very High
SO-129019,70,7,2223981.6,7,Very High
SO-129051,116,11,1597627.8,9,Very High
SO-129081,32,2,737642.0,2,Very High
SO-129152,68,6,1254294.4,5,Very High
SO-129175,39,4,2505976.0,3,Very High
SO-129194,80,8,3302097.6,8,Very High
SO-129200,72,8,382114.4,6,Very High
SO-129259,50,6,2862453.4,5,Very High
SO-129348,31,3,1668480.0,3,Very High
SO-129356,108,7,2436570.0,7,Very High
SO-129380,97,10,5433477.8,9,Very High
SO-129495,72,8,503666.0,4,Very High
SO-129559,90,6,1542441.4,6,Very High
SO-129598,65,5,2605935.4,5,Very High
SO-129603,40,5,987658.0,5,Very High
SO-129613,112,12,2163067.2,10,Very High
SO-129722,98,10,3033472.6,10,Very High
SO-129841,45,3,3033472.0,3,Very High
SO-129856,73,8,2981680.6,8,Very High
SO-129897,77,7,875861.4,7,Very High
SO-129935,92,7,2182226.0,6,Very High
SO-129967,156,12,3688925.8,12,Very High
SO-129993,137,11,2067820.6,8,Very High
SO-130003,50,7,2848521.0,7,Very High
SO-130054,59,6,1658194.4,6,Very High
SO-130090,114,10,1905298.0,8,Very High
SO-130096,89,8,1676434.2,6,Very High
SO-130118,18,2,640916.0,2,Very High
SO-130135,148,12,4100461.4,9,Very High
SO-130266,76,9,5012066.4,9,Very High
SO-130312,91,8,1589510.8,7,Very High
SO-130353,134,12,1914931.0,11,Very High
SO-130370,27,4,163695.0,4,Very High
SO-130373,101,10,2460670.8,10,Very High
SO-130400,116,10,3023186.2,8,Very High
SO-130444,45,5,234397.8,5,Very High
SO-130467,125,12,5008862.0,9,Very High
SO-130469,23,2,80889.0,2,Very High
SO-130520,104,9,1958151.0,8,Very High
SO-130521,72,7,4978446.4,6,Very High
SO-130599,64,5,5812182.4,4,Very High
SO-130621,72,6,1673340.6,6,Very High
SO-130741,108,12,2827253.6,8,Very High
SO-130772,112,10,1480023.0,8,Very High
SO-130816,66,5,1691163.0,4,Very High
SO-130817,35,4,644131.2,3,Very High
SO-130825,30,3,176146.0,3,Very High
SO-130872,95,9,3195330.4,9,Very High
SO-130947,115,11,1977581.8,11,Very High
SO-131026,45,4,824623.0,4,Very High
SO-131103,120,11,2891246.0,9,Very High
SO-131189,113,11,2820893.2,10,Very High
SO-131265,55,8,787833.8,7,Very High
SO-131302,108,12,4570673.4,10,Very High
SO-131422,147,12,2177705.0,11,Very High
SO-131528,27,3,936832.0,3,Very High
SO-131548,42,3,683463.0,3,Very High
SO-131582,62,4,570437.8,4,Very High
SO-131605,82,8,820082.0,7,Very High
SO-131687,80,8,1419731.4,6,Very High
SO-131782,63,6,832149.0,5,Very High
SO-131792,2,1,2950.0,1,Low
SO-131894,84,8,2041975.4,7,Very High
SO-131956,98,11,1454595.8,9,Very High
SO-131958,43,7,740314.2,7,Very High
SO-132024,124,12,2972546.6,11,Very High
SO-132040,84,6,2031114.4,6,Very High
SO-132080,116,11,2777378.8,9,Very High
SO-132104,28,2,219420.8,2,Very High
SO-132199,122,11,1394872.2,9,Very High
SO-132202,107,10,1602005.0,9,Very High
SO-132258,95,9,3607356.0,6,Very High
SO-132266,27,3,415653.6,3,Very High
SO-132286,59,6,1259690.0,6,Very High
SO-132331,70,9,3888870.6,8,Very High
SO-132392,63,9,671193.8,8,Very High
SO-132405,105,12,4689126.0,10,Very High
SO-132443,31,3,615549.0,3,Very High
SO-132454,27,3,65438.0,3,Very High
SO-132466,18,1,804096.0,1,Very High
SO-132476,71,8,1625047.6,7,Very High
SO-132575,29,2,156291.0,2,Very High
SO-132623,76,6,833459.0,5,Very High
SO-132696,15,2,282584.8,2,Very High
SO-132786,40,3,1204664.0,3,Very High
SO-132792,28,2,304658.0,2,Very High
SO-132836,66,6,2330198.4,6,Very High
SO-132845,53,6,1359490.2,5,Very High
SO-132870,21,2,588672.0,1,Very High
SO-132918,62,5,2289903.0,4,Very High
SO-132951,145,12,3848142.8,9,Very High
SO-132966,15,2,244416.0,2,Very High
SO-132988,46,5,439628.8,5,Very High
SO-133111,16,1,346112.0,1,Very High
SO-133257,3,1,456960.0,1,Very High
SO-133278,6,2,210048.0,2,Very High
SO-133296,55,7,867021.6,7,Very High
SO-133353,40,5,965718.0,5,Very High
SO-133375,82,12,1489389.2,11,Very High
SO-133412,63,7,1182728.4,6,Very High
SO-133423,76,6,3127232.0,6,Very High
SO-133436,79,7,3157711.0,5,Very High
SO-133577,50,4,1869765.4,4,Very High
SO-133698,145,11,6451457.2,10,Very High
SO-133734,102,9,1593074.6,8,Very High
SO-133770,55,5,524751.2,5,Very High
SO-133775,94,12,3555676.0,9,Very High
SO-133793,63,4,788964.0,4,Very High
SO-133794,116,11,2111426.6,11,Very High
SO-133830,3,1,320640.0,1,Very High
SO-133896,39,5,1548581.6,5,Very High
SO-133904,46,5,578686.8,5,Very High
SO-133931,154,11,3445568.4,9,Very High
SO-134011,125,9,2768694.2,7,Very High
SO-134142,63,5,1532421.0,5,Very High
SO-134189,123,11,2923904.6,8,Very High
SO-134269,28,4,750724.0,4,Very High
SO-134274,107,9,3539877.8,9,Very High
SO-134294,66,7,1469084.0,5,Very High
SO-134371,56,6,1663050.0,5,Very High
SO-134425,126,12,4809803.8,8,Very High
SO-134461,111,11,2027866.0,9,Very High
SO-134465,73,6,663359.4,5,Very High
SO-134497,52,6,1173823.0,5,Very High
SO-134513,32,3,64506.2,3,Very High
SO-134543,108,11,2984949.0,8,Very High
SO-134588,100,11,1839112.6,8,Very High
SO-134599,144,12,4335160.0,11,Very High
SO-134604,20,2,160432.8,2,Very High
SO-134648,51,5,415664.4,5,Very High
SO-134667,94,7,1471910.0,6,Very High
SO-134797,35,4,41547.799999999996,3,High
SO-134933,34,7,1071456.4,6,Very High
SO-134992,13,3,538496.0,3,Very High
SO-135051,49,4,463322.0,4,Very High
SO-135095,50,5,328729.39999999997,5,Very High
SO-135163,97,9,1477702.0,8,Very High
SO-135189,3,1,1840.8,1,Low
SO-135246,73,6,4753013.0,6,Very High
SO-135329,10,1,280320.0,1,Very High
SO-135470,17,2,65507.0,2,Very High
SO-135532,37,5,659914.4,5,Very High
SO-135579,43,8,1227200.2,8,Very High
SO-135673,26,2,323417.6,2,Very High
SO-135676,72,5,2300554.0,5,Very High
SO-135702,85,11,657903.8,9,Very High
SO-135879,139,10,2197935.0,8,Very High
SO-135892,91,9,694208.8,9,Very High
SO-135921,41,4,286607.2,4,Very High
SO-135936,100,10,2469662.6,7,Very High
SO-135952,27,4,181914.4,3,Very High
SO-135982,9,2,416815.0,2,Very High
SO-135984,88,9,1824599.2,8,Very High
SO-136046,108,11,2484082.6,9,Very High
SO-136062,70,8,2284334.4,7,Very High
SO-136078,83,10,1622539.8,8,Very High
SO-136249,80,9,541740.8,6,Very High
SO-136294,96,8,1401433.8,8,Very High
SO-136347,65,4,1259784.0,4,Very High
SO-136353,12,1,31860.0,1,High
SO-136444,19,2,185230.4,2,Very High
SO-136507,112,8,6294363.0,7,Very High
SO-136558,33,4,213209.2,4,Very High
SO-136589,49,4,1492139.0,4,Very High
SO-136611,17,2,214682.0,2,Very High
SO-136637,101,12,2864447.4,11,Very High
SO-136658,14,2,156062.0,2,Very High
SO-136800,122,9,4696228.0,8,Very High
SO-136892,104,10,1426057.0,8,Very High
SO-136916,106,9,1711242.6,9,Very High
SO-136986,34,2,552963.0,2,Very High
SO-137010,64,5,3028060.8,5,Very High
SO-137082,107,9,1731437.0,9,Very High
SO-137135,102,12,1136828.8,11,Very High
SO-137164,10,1,92630.0,1,Very High
SO-137292,136,12,3266699.6,11,Very High
SO-137400,128,12,5612063.0,11,Very High
SO-137402,65,6,370725.4,6,Very High
SO-137602,87,11,2630266.0,9,Very High
SO-137626,25,4,117418.0,3,Very High
SO-137627,75,9,1087492.8,8,Very High
SO-137653,33,4,642822.8,4,Very High
SO-137655,84,6,5449616.0,5,Very High
SO-137702,10,1,353280.0,1,Very High
SO-137715,1,1,50944.0,1,Very High
SO-137809,50,6,930200.6,6,Very High
SO-137988,77,8,2442880.6,5,Very High
SO-137993,114,12,1660491.2,9,Very High
SO-138029,12,2,193152.0,2,Very High
SO-138033,82,7,1783529.0,6,Very High
SO-138058,113,11,962213.8,10,Very High
SO-138078,58,4,248741.2,4,Very High
SO-138229,23,2,47903.0,2,High
SO-138275,126,12,2847155.2,11,Very High
SO-138306,86,10,3948689.8,9,Very High
SO-138323,67,9,780623.2,9,Very High
SO-138333,52,4,917054.4,4,Very High
SO-138345,98,11,1278074.4,8,Very High
SO-138405,134,12,788594.6,9,Very High
SO-138545,83,8,2163107.2,7,Very High
SO-138585,18,1,6584.4,1,Medium
SO-138627,44,3,356177.0,3,Very High
SO-138659,56,6,834154.6,6,Very High
SO-138728,12,2,157929.6,2,Very High
SO-138729,4,1,57344.0,1,Very High
SO-138747,113,11,2869931.2,9,Very High
SO-138849,16,2,177664.0,2,Very High
SO-138876,82,9,1917318.6,9,Very High
SO-138902,30,2,772656.0,2,Very High
SO-138929,37,3,356444.0,3,Very High
SO-138987,96,12,1960258.2,9,Very High
SO-139040,102,11,723893.8,9,Very High
SO-139094,95,9,4045547.0,9,Very High
SO-139132,162,12,5408286.4,10,Very High
SO-139141,1,1,28032.0,1,High
SO-139165,71,6,739855.0,5,Very High
SO-139191,101,9,2793457.8,9,Very High
SO-139404,78,8,2677828.0,8,Very High
SO-139517,86,11,1130167.4,10,Very High
SO-139617,13,2,222293.0,2,Very High
SO-139618,61,6,484393.0,6,Very High
SO-139666,126,12,6930637.0,10,Very High
SO-139683,25,2,887424.0,2,Very High
SO-139742,17,1,476544.0,1,Very High
SO-139774,101,6,3691747.0,6,Very High
SO-139779,24,2,1932690.0,2,Very High
SO-139840,100,9,4538015.2,8,Very High
SO-139865,86,8,791712.6,6,Very High
SO-139883,70,6,251649.19999999998,4,Very High
SO-140014,141,11,2709616.8,11,Very High
SO-140049,22,2,476137.0,2,Very High
SO-140095,21,2,272180.0,2,Very High
SO-140141,114,11,1153047.2,9,Very High
SO-140157,78,8,1941740.0,8,Very High
SO-140216,60,6,1576222.0,5,Very High
SO-140229,48,6,1765514.0,6,Very High
SO-140246,119,11,2325060.4,11,Very High
SO-140323,130,11,2983653.0,10,Very High
SO-140341,15,1,2284800.0,1,Very High
SO-140358,19,3,525888.0,3,Very High
SO-140363,48,6,1727130.8,5,Very High
SO-140388,39,4,1004874.6,3,Very High
SO-140504,90,7,4052830.4,7,Very High
SO-140547,51,3,286970.0,3,Very High
SO-140582,122,10,3502765.0,8,Very High
SO-140585,6,1,79104.0,1,Very High
SO-140586,87,7,770296.4,7,Very High
SO-140629,132,10,3401521.2,8,Very High
SO-140647,55,4,934890.6,4,Very High
SO-140651,109,11,1729103.0,11,Very High
SO-140757,107,8,516520.8,8,Very High
SO-140820,8,2,391936.0,2,Very High
SO-140852,36,5,299630.0,5,Very High
SO-141027,105,10,2470015.6,8,Very High
SO-141029,45,3,227527.6,3,Very High
SO-141213,86,11,2341926.0,9,Very High
SO-141214,129,11,3438515.6,8,Very High
SO-141250,40,3,381920.0,3,Very High
SO-141269,15,1,162240.0,1,Very High
SO-141310,124,10,1068857.8,10,Very High
SO-141385,71,5,2500608.0,5,Very High
SO-141404,28,2,254422.0,2,Very High
SO-141504,31,4,910787.2,4,Very High
SO-141522,20,1,16992.0,1,High
SO-141533,108,9,3625856.8,9,Very High
SO-141593,142,11,3174817.0,10,Very High
SO-141634,4,2,27595.2,2,High
SO-141709,64,6,1775374.8,6,Very High
SO-141731,97,11,4149835.1999999997,10,Very High
SO-141744,13,2,5864.6,2,Medium
SO-141754,99,10,3547205.0,8,Very High
SO-141821,62,5,251675.4,5,Very High
SO-141829,29,4,1902844.8,4,Very High
SO-141837,93,8,1863412.6,7,Very High
SO-141841,69,6,1504798.4,5,Very High
SO-142041,73,6,4233928.0,6,Very High
SO-142049,37,2,540544.0,2,Very High
SO-142080,93,9,1598505.0,6,Very High
SO-142185,5,1,254720.0,1,Very High
SO-142238,113,11,1467562.0,10,Very High
SO-142240,83,9,1516118.0,7,Very High
SO-142356,127,12,2067370.5999999999,10,Very High
SO-142402,126,11,4914058.6,10,Very High
SO-142421,46,7,208317.0,6,Very High
SO-142441,129,10,2603471.4,9,Very High
SO-142452,63,6,2043464.0,5,Very High
SO-142456,54,3,596427.0,2,Very High
SO-142555,78,7,1984800.8,7,Very High
SO-142574,62,4,652381.2,4,Very High
SO-142594,16,1,231424.0,1,Very High
SO-142615,12,3,40769.0,3,High
SO-142756,50,4,896951.0,4,Very High
SO-142815,40,4,4163328.0,2,Very High
SO-142881,31,3,1112064.0,2,Very High
SO-142899,124,10,1737817.0,8,Very High
SO-142901,110,11,1297132.6,9,Very High
SO-143027,44,5,843880.0,5,Very High
SO-143098,133,12,3319235.4,9,Very High
SO-143120,64,9,1442804.0,9,Very High
SO-143138,16,1,231424.0,1,Very High
SO-143171,62,5,105659.6,3,Very High
SO-143199,23,3,330604.6,3,Very High
SO-143228,61,8,709051.0,8,Very High
SO-143290,60,7,385815.4,7,Very High
SO-143337,101,8,2199870.4,7,Very High
SO-143367,139,12,4496613.2,9,Very High
SO-143413,18,2,848256.0,2,Very High
SO-143429,34,3,1800704.0,3,Very High
SO-143434,17,1,533120.0,1,Very High
SO-143460,103,9,1336026.2,8,Very High
SO-143483,94,10,935790.2,9,Very High
SO-143544,69,8,689140.2,7,Very High
SO-143576,26,3,117582.0,3,Very High
SO-143768,12,1,172032.0,1,Very High
SO-143834,58,7,1656308.0,7,Very High
SO-143861,102,10,2940236.0,9,Very High
SO-143863,101,11,2054649.8,11,Very High
SO-143920,117,9,6392163.0,8,Very High
SO-143923,54,7,337813.0,7,Very High
SO-143999,62,5,1231436.4,5,Very High
SO-144029,35,3,212645.0,3,Very High
SO-144077,37,4,116455.8,4,Very High
SO-144101,50,6,2633344.0,4,Very High
SO-144136,9,1,97344.0,1,Very High
SO-144148,70,8,1916515.8,7,Very High
SO-144163,74,7,1407300.4,7,Very High
SO-144273,19,1,2030720.0,1,Very High
SO-144291,106,10,3860986.0,7,Very High
SO-144302,111,7,2833280.2,6,Very High
SO-144311,83,11,5706286.0,11,Very High
SO-144365,58,6,134424.4,6,Very High
SO-144389,115,8,2470620.2,6,Very High
SO-144397,84,8,1418480.4,7,Very High
SO-144417,45,5,589623.2,4,Very High
SO-144500,66,6,1596265.6,6,Very High
SO-144507,120,11,4812569.4,9,Very High
SO-144544,26,2,1701185.0,2,Very High
SO-144547,85,10,1105845.0,9,Very High
SO-144766,107,10,3017972.8,8,Very High
SO-144777,41,5,1424070.4,5,Very High
SO-144778,20,4,317098.8,4,Very High
SO-144780,25,2,928969.0,2,Very High
SO-144814,72,9,771042.6,8,Very High
SO-144832,135,12,4315456.0,10,Very High
SO-144856,40,4,554651.0,4,Very High
SO-145026,105,10,504084.0,8,Very High
SO-145076,55,7,729981.0,7,Very High
SO-145095,137,11,3050640.0,9,Very High
SO-145129,36,2,1481472.0,2,Very High
SO-145223,40,4,2100524.0,4,Very High
SO-145288,162,11,5108602.2,11,Very High
SO-145472,81,9,1264638.0,7,Very High
SO-145478,76,6,2330411.6,6,Very High
SO-145553,99,12,1678032.8,11,Very High
SO-145572,113,9,4803942.2,8,Very High
SO-145666,132,11,6034032.0,10,Very High
SO-145844,39,3,1578940.0,3,Very High
SO-145847,93,9,2429268.8,8,Very High
SO-145854,68,8,1488380.0,6,Very High
SO-145864,17,3,1243968.0,3,Very High
SO-145900,13,3,211968.0,3,Very High
SO-145902,93,7,1538896.0,7,Very High
SO-145920,109,10,1926634.6,8,Very High
SO-145963,94,9,2048984.8,7,Very High
SO-146070,98,11,2682514.2,7,Very High
SO-146138,102,10,6159083.2,7,Very High
SO-146203,115,12,3406499.4,11,Very High
SO-146270,40,3,386857.4,3,Very High
SO-146276,19,2,1095808.0,2,Very High
SO-146343,126,12,3050187.6,11,Very High
SO-146379,146,12,3617441.4,9,Very High
SO-146450,111,11,2999765.0,9,Very High
SO-146540,125,12,4415772.4,10,Very High
SO-146551,31,6,528219.6,5,Very High
SO-146609,98,8,1960919.0,8,Very High
SO-146618,87,8,773534.0,7,Very High
SO-146644,82,6,887703.4,6,Very High
SO-146654,107,12,598170.4,9,Very High
SO-146801,109,9,887770.8,6,Very High
SO-146860,131,12,1582467.4,9,Very High
SO-146909,19,1,362368.0,1,Very High
SO-146983,94,9,970447.0,9,Very High
SO-146985,75,9,1182723.0,7,Very High
SO-146999,15,3,645248.0,3,Very High
SO-147060,121,10,3199144.6,8,Very High
SO-147094,77,8,2882079.6,7,Very High
SO-147215,15,1,2284800.0,1,Very High
SO-147241,28,4,1175355.8,4,Very High
SO-147251,98,8,783833.0,8,Very High
SO-147258,118,8,2402110.0,8,Very High
SO-147329,45,4,346668.0,4,Very High
SO-147338,138,11,2011471.2,8,Very High
SO-147373,95,8,2279390.8,8,Very High
SO-147428,33,4,927188.0,3,Very High
SO-147496,27,3,77280.0,3,Very High
SO-147503,110,11,4222526.4,10,Very High
SO-147522,115,10,1182521.4,9,Very High
SO-147567,1,1,50944.0,1,Very High
SO-147590,81,8,835719.0,8,Very High
SO-147606,117,9,2529547.4,9,Very High
SO-147650,38,4,1080469.0,4,Very High
SO-147653,53,4,3920094.0,4,Very High
SO-147672,75,7,2487820.2,7,Very High
SO-147697,40,5,610816.0,5,Very High
SO-147704,99,11,4701779.8,11,Very High
SO-147860,57,5,1573849.6,5,Very High
SO-147868,13,1,7363.2,1,Medium
SO-147974,114,9,1781796.2,7,Very High
SO-148051,78,7,1117644.0,7,Very High
SO-148076,23,2,531264.0,2,Very High
SO-148084,101,8,3097108.8,7,Very High
SO-148152,52,6,2227599.4,5,Very High
SO-148184,77,7,654583.4,7,Very High
SO-148202,25,3,272616.4,3,Very High
SO-148287,8,1,4531.2,1,Low
SO-148297,50,5,809984.0,3,Very High
SO-148342,61,5,654412.0,4,Very High
SO-148350,76,7,1889943.0,7,Very High
SO-148363,103,8,533324.4,7,Very High
SO-148367,13,1,120419.0,1,Very High
SO-148380,105,12,2036828.4,10,Very High
SO-148514,1,1,3136.0,1,Low
SO-148522,114,11,3990043.0,9,Very High
SO-148533,65,5,675370.6,5,Very High
SO-148548,146,12,4075461.2,10,Very High
SO-148622,29,4,542967.8,3,Very High
SO-148625,74,5,907946.0,5,Very High
SO-148644,81,6,1209808.2,5,Very High
SO-148675,50,5,736000.0,3,Very High
SO-148684,13,1,40768.0,1,High
SO-148698,93,10,1427839.0,8,Very High
SO-148727,52,4,898640.0,4,Very High
SO-148793,87,7,1853751.6,7,Very High
SO-148800,14,2,366127.0,2,Very High
SO-148803,48,3,741248.0,3,Very High
SO-148817,106,11,3068335.2,11,Very High
SO-148851,12,1,55932.0,1,Very High
SO-148866,63,4,82517.4,3,Very High
SO-148883,21,2,632132.0,2,Very High
SO-148902,14,1,7929.6,1,Medium
SO-148963,63,7,1125488.0,6,Very High
SO-148987,44,6,268013.4,6,Very High
SO-149000,23,3,189638.4,3,Very High
SO-149120,91,10,2949229.0,8,Very High
SO-149125,110,11,2732109.6,10,Very High
SO-149208,112,10,1144153.4,8,Very High
SO-149243,98,10,797059.2,9,Very High
SO-149292,93,9,1188353.8,9,Very High
SO-149306,136,12,3529611.6,12,Very High
SO-149357,52,7,433084.8,7,Very High
SO-149359,14,1,43904.0,1,High
SO-149468,23,2,2315008.0,2,Very High
SO-149491,88,10,1916427.2,9,Very High
SO-149505,99,9,3921339.0,9,Very High
SO-149529,63,8,3390332.8,7,Very High
SO-149559,58,6,2584093.0,5,Very High
SO-149568,7,1,116032.0,1,Very High
SO-149745,146,12,2851728.6,9,Very High
SO-149753,46,4,2097280.0,3,Very High
SO-149759,11,1,344960.0,1,Very High
SO-149790,99,10,3186479.1999999997,9,Very High
SO-149797,93,9,1571923.0,9,Very High
SO-149924,87,10,2110518.8,9,Very High
SO-149986,97,9,2991092.0,8,Very High
SO-150015,115,11,2946557.6,11,Very High
SO-150065,113,9,3539662.0,7,Very High
SO-150117,97,9,3825977.8,8,Very High
SO-150137,35,4,732794.2,3,Very High
SO-150273,111,10,5413953.8,7,Very High
SO-150316,14,1,5121.2,1,Medium
SO-150405,90,8,1572454.0,7,Very High
SO-150414,19,1,532608.0,1,Very High
SO-150428,139,10,2177729.8,9,Very High
SO-150478,43,4,2666024.8,4,Very High
SO-150524,106,11,1097224.8,8,Very High
SO-150526,73,6,1769419.4,6,Very High
SO-150547,40,4,334653.0,4,Very High
SO-150553,147,12,3389092.6,10,Very High
SO-150559,152,12,5256202.4,11,Very High
SO-150580,12,2,261632.0,2,Very High
SO-150638,33,3,690433.6,3,Very High
SO-150709,22,3,156238.0,2,Very High
SO-150712,79,5,1936574.0,5,Very High
SO-150763,70,10,2052542.0,10,Very High
SO-150828,53,6,2406824.0,6,Very High
SO-150864,3,1,9408.0,1,Medium
SO-150936,105,9,763554.8,8,Very High
SO-150937,52,4,3973272.0,4,Very High
SO-150938,17,3,168851.4,3,Very High
SO-150955,115,11,2522358.2,9,Very High
SO-150956,76,7,1145028.0,7,Very High
SO-151018,44,5,799705.0,4,Very High
SO-151061,16,3,682264.0,3,Very High
SO-151079,112,11,2658346.6,10,Very High
SO-151113,85,10,980938.8,8,Very High
SO-151135,80,8,2263284.4,7,Very High
SO-151171,41,5,2436984.0,4,Very High
SO-151208,44,4,991810.8,3,Very High
SO-151243,118,11,2515326.0,10,Very High
SO-151329,5,1,2832.0,1,Low
SO-151363,134,12,4966142.8,11,Very High
SO-151408,96,9,2357346.2,7,Very High
SO-151481,24,2,925842.0,2,Very High
SO-151492,64,7,1154581.2,7,Very High
SO-151603,145,12,4195327.0,11,Very High
SO-151632,37,4,708568.4,3,Very High
SO-151639,47,4,471776.0,4,Very High
SO-151706,125,11,482681.8,7,Very High
SO-151749,110,11,1888460.8,10,Very High
SO-151772,84,9,734769.0,7,Very High
SO-151790,80,9,744464.2,8,Very High
SO-151854,47,4,1222291.4,4,Very High
SO-151899,101,11,2881222.2,9,Very High
SO-151901,83,10,1754189.8,8,Very High
SO-151914,52,8,704773.6,7,Very High
SO-151967,48,5,1320446.6,5,Very High
SO-152017,124,10,6006162.0,8,Very High
SO-152026,30,3,212656.0,3,Very High
SO-152051,89,7,2912346.0,6,Very High
SO-152057,31,3,660767.0,3,Very High
SO-152156,18,1,258048.0,1,Very High
SO-152163,23,2,16461.0,2,High
SO-152183,68,7,587827.7999999999,7,Very High
SO-152326,36,6,1042062.0,5,Very High
SO-152364,8,1,282624.0,1,Very High
SO-152396,63,4,689767.0,4,Very High
SO-152406,123,9,4303043.6,9,Very High
SO-152481,93,7,1495534.0,6,Very High
SO-152501,87,9,1707030.0,7,Very High
SO-152561,48,5,456173.6,5,Very High
SO-152612,122,11,1754952.4,9,Very High
SO-152645,1,1,19072.0,1,High
SO-152670,13,2,455168.0,2,Very High
SO-152758,83,10,2032320.2,9,Very High
SO-152778,132,11,4679348.4,9,Very High
SO-152793,83,9,2211176.0,8,Very High
SO-152829,35,4,1289024.0,4,Very High
SO-152835,64,5,453243.6,5,Very High
SO-153019,43,3,242672.2,2,Very High
SO-153026,87,11,1681948.6,11,Very High
SO-153033,39,3,203933.0,3,Very High
SO-153039,100,9,2370843.0,7,Very High
SO-153048,100,10,1258375.6,10,Very High
SO-153106,29,4,638985.0,4,Very High
SO-153215,100,10,1347637.8,8,Very High
SO-153233,16,1,210944.0,1,Very High
SO-153242,140,12,1784268.6,10,Very High
SO-153253,85,9,3495714.6,9,Very High
SO-153327,52,5,1029121.0,4,Very High
SO-153389,106,10,2428522.2,9,Very High
SO-153555,45,4,566096.0,4,Very High
SO-153578,136,11,4115841.0,9,Very High
SO-153670,113,12,452739.8,9,Very High
SO-153792,120,12,3805705.4,10,Very High
SO-153833,107,9,1824779.0,7,Very High
SO-153865,42,5,1479680.0,5,Very High
SO-154011,101,10,1101595.4,9,Very High
SO-154038,103,10,1033062.6,9,Very High
SO-154153,79,7,3852791.0,7,Very High
SO-154191,87,6,1687097.2,6,Very High
SO-154255,33,4,467132.0,4,Very High
SO-154368,70,6,807338.6,6,Very High
SO-154372,29,2,196185.6,2,Very High
SO-154388,91,8,3655686.4,8,Very High
SO-154447,135,11,7018928.4,10,Very High
SO-154603,15,2,399228.0,2,Very High
SO-154610,26,3,65528.8,3,Very High
SO-154643,96,8,625891.2,7,Very High
SO-154697,117,9,3634932.8,8,Very High
SO-154710,75,6,691176.0,6,Very High
SO-154712,146,12,4128690.0,11,Very High
SO-154756,12,1,259584.0,1,Very High
SO-154761,67,7,4229928.4,6,Very High
SO-154789,125,11,3557758.4,9,Very High
SO-154796,90,7,2487299.8,7,Very High
SO-154840,88,9,3639861.4,8,Very High
SO-154966,96,10,3564705.6,9,Very High
SO-155105,95,11,1237763.2,11,Very High
SO-155156,14,3,338560.0,3,Very High
SO-155270,77,6,1242950.4,6,Very High
SO-155281,110,10,938383.0,10,Very High
SO-155338,92,9,2717510.0,8,Very High
SO-155366,48,4,1089967.0,4,Very High
SO-155512,97,10,2206495.0,10,Very High
SO-155532,10,3,13676.2,3,High
SO-155559,3,1,1097.4,1,Low
SO-155563,112,10,2113195.2,8,Very High
SO-155626,33,3,1292672.0,3,Very High
SO-155881,16,2,139927.0,2,Very High
SO-155888,132,12,2898129.2,9,Very High
SO-155914,13,3,431311.0,3,Very High
SO-155942,137,12,1387416.2,11,Very High
SO-156075,53,5,711641.6,5,Very High
SO-156170,131,12,3555736.8,11,Very High
SO-156181,55,7,1875742.6,6,Very High
SO-156211,170,12,5243943.2,10,Very High
SO-156324,29,2,621759.2,2,Very High
SO-156349,100,11,1520009.8,9,Very High
SO-156461,108,9,1465684.6,8,Very High
SO-156473,58,6,2407148.2,5,Very High
SO-156488,56,4,1300270.4,4,Very High
SO-156523,65,7,1830529.0,6,Very High
SO-156527,41,4,2124904.4,4,Very High
SO-156542,20,3,56029.0,3,Very High
SO-156550,118,10,2726891.0,7,Very High
SO-156740,112,8,5901516.0,7,Very High
SO-156868,116,7,3147430.2,6,Very High
SO-156898,9,1,1370880.0,1,Very High
SO-156929,64,7,386033.0,6,Very High
SO-156981,67,6,1094170.0,6,Very High
SO-157034,155,12,2783879.0,9,Very High
SO-157042,105,9,1586743.0,8,Very High
SO-157081,90,8,2528958.0,7,Very High
SO-157091,89,11,1588033.6,11,Very High
SO-157096,78,12,849249.4,11,Very High
SO-157143,74,7,3282683.0,6,Very High
SO-157190,87,11,2083410.8,8,Very High
SO-157192,116,11,1768210.8,11,Very High
SO-157205,137,12,5025398.2,11,Very High
SO-157242,76,9,1941584.8,8,Very High
SO-157315,10,1,216320.0,1,Very High
SO-157399,38,5,292246.0,5,Very High
SO-157441,100,9,2196322.2,8,Very High
SO-157520,112,11,1735062.6,10,Very High
SO-157579,96,11,4453078.6,10,Very High
SO-157605,130,12,1651374.0,8,Very High
SO-157670,68,4,1495076.0,4,Very High
SO-157703,12,2,611328.0,1,Very High
SO-157767,63,8,785113.0,6,Very High
SO-157808,69,7,1073119.5999999999,6,Very High
SO-157811,32,3,320991.2,3,Very High
SO-157862,79,8,1017352.2,8,Very High
SO-157891,101,10,4566513.6,9,Very High
SO-157940,89,10,1337100.2,10,Very High
SO-158058,43,4,373881.0,3,Very High
SO-158067,85,7,2891153.8,5,Very High
SO-158105,70,5,1646840.0,4,Very High
SO-158113,22,2,144525.0,2,Very High
SO-158127,9,3,110524.0,3,Very High
SO-158170,62,6,1422466.8,6,Very High
SO-158171,40,5,280602.0,5,Very High
SO-158184,41,5,1873759.4,5,Very High
SO-158209,75,8,1614363.6,7,Very High
SO-158221,27,2,1084672.0,2,Very High
SO-158287,90,9,4566447.0,9,Very High
SO-158293,121,12,1478894.4,9,Very High
SO-158297,49,5,838501.2,5,Very High
SO-158336,52,4,315059.0,4,Very High
SO-158360,73,7,640729.6,7,Very High
SO-158450,73,5,1429742.0,5,Very High
SO-158506,26,2,894568.4,2,Very High
SO-158557,19,3,182456.0,3,Very High
SO-158614,87,12,558501.6,8,Very High
SO-158640,120,9,2431468.0,9,Very High
SO-158673,113,9,1923044.0,7,Very High
SO-158680,86,7,1742529.8,7,Very High
SO-158710,69,7,508972.8,6,Very High
SO-158728,96,11,1491282.0,9,Very High
SO-158762,14,1,151424.0,1,Very High
SO-158763,101,11,1797132.0,11,Very High
SO-158781,11,1,34496.0,1,High
SO-158801,16,1,231424.0,1,Very High
SO-158806,19,1,16142.4,1,High
SO-158839,18,2,743936.0,2,Very High
SO-158874,56,5,1697283.6,5,Very High
SO-158883,116,11,2667406.0,9,Very High
SO-158909,98,10,4538333.2,9,Very High
SO-159016,10,2,8720.2,2,Medium
SO-159135,35,5,347927.0,4,Very High
SO-159187,139,11,1747878.7999999998,11,Very High
SO-159286,81,11,3644410.8,10,Very High
SO-159301,44,4,770752.8,4,Very High
SO-159373,52,6,608757.0,5,Very High
SO-159382,22,5,299405.0,5,Very High
SO-159385,34,3,1109878.0,3,Very High
SO-159417,42,4,1206442.0,4,Very High
SO-159432,111,8,2648853.8,8,Very High
SO-159507,100,10,2021715.2,10,Very High
SO-159572,87,10,1203517.6,9,Very High
SO-159573,123,10,3840428.8,9,Very High
SO-159575,52,6,1675439.0,6,Very High
SO-159663,138,12,2001102.6,12,Very High
SO-159675,18,3,230424.0,2,Very High
SO-159702,4,2,228352.0,2,Very High
SO-159735,79,7,539998.6,7,Very High
SO-159748,118,11,827140.8,10,Very High
SO-159775,3,1,13983.0,1,High
SO-159788,50,6,1224129.0,6,Very High
SO-159796,112,10,1626540.2,10,Very High
SO-159986,115,11,2122820.4,9,Very High
SO-159998,19,1,1123584.0,1,Very High
SO-160009,15,1,215040.0,1,Very High
SO-160021,115,10,1768744.2,7,Very High
SO-160031,146,12,4853425.0,11,Very High
SO-160048,81,8,1060523.6,7,Very High
SO-160070,45,6,301809.0,6,Very High
SO-160161,101,8,2185583.8,7,Very High
SO-160176,19,3,154492.0,2,Very High
SO-160192,101,12,1719269.8,11,Very High
SO-160403,30,5,947390.0,5,Very High
SO-160540,27,2,180006.2,2,Very High
SO-160543,14,1,232064.0,1,Very High
SO-160627,31,3,453130.6,3,Very High
SO-160647,73,7,721465.2000000001,7,Very High
SO-160682,30,4,603869.6,4,Very High
SO-160714,113,11,977945.4,7,Very High
SO-160775,102,9,3481894.8,8,Very High
SO-160801,38,5,478416.2,5,Very High
SO-160824,34,2,52675.2,2,Very High
SO-160837,98,8,1882743.0,7,Very High
SO-160877,69,7,2022956.0,6,Very High
SO-160906,100,11,3612634.2,9,Very High
SO-160921,99,12,1991777.0,11,Very High
SO-160929,106,9,1983232.4,8,Very High
SO-160937,16,2,311328.0,2,Very High
SO-160957,119,12,2481687.6,11,Very High
SO-160982,54,5,1934767.0,5,Very High
SO-161121,85,11,2722099.6,10,Very High
SO-161213,123,11,2720759.2,9,Very High
SO-161352,16,2,203628.8,2,Very High
SO-161415,107,12,4777703.0,9,Very High
SO-161436,129,12,3121338.0,10,Very High
SO-161459,49,3,2179975.0,2,Very High
SO-161489,16,2,540928.0,2,Very High
SO-161511,17,1,533120.0,1,Very High
SO-161524,82,7,1670182.4,6,Very High
SO-161543,79,6,1675337.0,6,Very High
SO-161559,8,2,50598.4,2,Very High
SO-161686,18,2,533733.6,2,Very High
SO-161714,55,4,710040.0,4,Very High
SO-161764,44,5,1264640.6,5,Very High
SO-161818,92,9,1992449.2,7,Very High
SO-161834,112,10,3073367.4,8,Very High
SO-161897,83,7,4002109.0,7,Very High
SO-161965,133,10,2997815.8,8,Very High
SO-161983,81,8,3178717.2,6,Very High
SO-161986,124,12,2242989.2,9,Very High
SO-161995,57,4,40769.0,4,High
SO-162181,102,9,1578978.4,9,Very High
SO-162229,80,7,2453170.2,7,Very High
SO-162243,106,11,2133828.6,11,Very High
SO-162295,101,11,2802206.6,11,Very High
SO-162297,70,6,1616799.8,5,Very High
SO-162327,90,8,780212.0,7,Very High
SO-162330,102,10,2311933.4,10,Very High
SO-162360,47,4,178190.0,4,Very High
SO-162362,33,4,513653.0,4,Very High
SO-162405,129,12,1155588.8,11,Very High
SO-162426,36,6,363466.6,6,Very High
SO-162446,119,12,2673185.4,10,Very High
SO-162503,89,9,2650496.8,8,Very High
SO-162516,74,6,959992.2,6,Very High
SO-162625,80,7,1822657.2,7,Very High
SO-162662,150,10,5864065.2,8,Very High
SO-162694,141,12,3931040.4,10,Very High
SO-162751,73,7,1647404.6,6,Very High
SO-162752,120,9,1647264.0,7,Very High
SO-162768,98,8,3110340.2,7,Very High
SO-162825,69,7,809968.8,6,Very High
SO-162973,106,11,1035125.6,8,Very High
SO-162991,77,7,3879581.0,6,Very High
SO-163026,103,9,1585686.6,7,Very High
SO-163137,67,7,3531840.0,7,Very High
SO-163160,45,5,306218.4,4,Very High
SO-163162,58,7,1146119.6,5,Very High
SO-163206,102,10,2030406.6,8,Very High
SO-163241,81,8,851592.6,6,Very High
SO-163385,84,6,1605348.8,6,Very High
SO-163439,74,8,1142950.0,6,Very High
SO-163466,58,5,1534699.0,5,Very High
SO-163509,105,7,638854.0,6,Very High
SO-163512,40,3,962291.0,3,Very High
SO-163516,65,5,460300.6,5,Very High
SO-163524,48,4,2326536.6,4,Very High
SO-163540,63,6,2542859.6,5,Very High
SO-163546,43,5,325843.2,5,Very High
SO-163700,31,4,2190608.5999999996,4,Very High
SO-163794,76,8,3351049.0,7,Very High
SO-163810,9,1,252288.0,1,Very High
SO-163853,104,7,1986148.0,6,Very High
SO-163869,58,7,1567661.0,6,Very High
SO-163925,27,5,710784.0,4,Very High
SO-163947,101,12,3179310.2,10,Very High
SO-164002,11,1,4023.8,1,Low
SO-164051,18,3,76028.0,3,Very High
SO-164058,52,5,1732096.0,4,Very High
SO-164073,52,6,2088385.6,5,Very High
SO-164107,66,7,163831.2,6,Very High
SO-164188,15,1,470400.0,1,Very High
SO-164224,116,12,937631.6,9,Very High
SO-164316,79,9,2333267.0,8,Very High
SO-164338,150,11,2148508.0,9,Very High
SO-164385,118,11,3412500.0,8,Very High
SO-164417,77,7,2077317.4,6,Very High
SO-164452,75,7,2746314.0,6,Very High
SO-164613,23,2,374193.0,2,Very High
SO-164714,28,4,1668310.0,4,Very High
SO-164755,61,5,2197754.0,5,Very High
SO-164756,2,1,26368.0,1,High
SO-164788,74,6,886269.2,6,Very High
SO-164794,126,10,5186192.0,8,Very High
SO-164887,44,5,2245901.6,5,Very High
SO-164895,26,2,416512.0,2,Very High
SO-164944,110,12,2161393.0,11,Very High
SO-165020,33,4,1456013.0,4,Very High
SO-165058,137,12,1951760.8,9,Very High
SO-165101,4,2,64896.0,2,Very High
SO-165124,29,3,363555.2,3,Very High
SO-165200,120,11,1991545.8,9,Very High
SO-165207,72,4,1321933.0,4,Very High
SO-165358,118,10,1432424.0,9,Very High
SO-165552,82,8,3373274.0,8,Very High
SO-165567,64,8,574197.6,6,Very High
SO-165586,66,7,1498800.4,6,Very High
SO-165708,74,7,1742425.2,6,Very High
SO-165738,52,4,270049.4,4,Very High
SO-165743,105,9,2035547.2,9,Very High
SO-165764,16,1,815104.0,1,Very High
SO-165767,47,3,1964870.4,3,Very High
SO-165851,11,1,51271.0,1,Very High
SO-165930,31,4,326692.8,4,Very High
SO-165966,141,11,5145373.8,10,Very High
SO-166032,49,4,687005.2,4,Very High
SO-166044,3,1,9408.0,1,Medium
SO-166085,18,3,382665.4,3,Very High
SO-166114,123,12,3238978.6,10,Very High
SO-166206,58,8,1850881.0,6,Very High
SO-166246,56,4,3105127.2,4,Very High
SO-166256,111,10,5619076.0,8,Very High
SO-166357,41,4,703713.6,4,Very High
SO-166409,58,5,3095144.0,5,Very High
SO-166441,99,8,700886.8,8,Very High
SO-166516,60,6,1705088.0,5,Very High
SO-166579,45,4,3575436.0,4,Very High
SO-166600,54,5,1205243.6,4,Very High
SO-166648,79,10,687850.2,8,Very High
SO-166694,36,3,659340.8,3,Very High
SO-166695,68,7,1254715.8,6,Very High
SO-166761,87,6,1674169.0,5,Very High
SO-166772,35,4,387978.0,4,Very High
SO-166785,65,5,1312871.2,4,Very High
SO-166807,139,10,1636425.0,7,Very High
SO-166826,54,7,1945472.0,7,Very High
SO-166867,44,5,1037034.0,4,Very High
SO-166905,86,10,1529338.4,10,Very High
SO-166965,62,4,480372.0,4,Very High
SO-167046,84,8,1796369.0,7,Very High
SO-167064,110,12,1958286.0,11,Very High
SO-167097,106,10,2206736.0,8,Very High
SO-167139,36,5,1420862.6,5,Very High
SO-167168,92,6,2561135.0,6,Very High
SO-167214,15,3,211830.8,3,Very High
SO-167263,27,4,159275.2,4,Very High
SO-167289,112,9,1621242.2,9,Very High
SO-167291,19,1,175997.0,1,Very High
SO-167295,28,2,606401.0,2,Very High
SO-167307,82,8,1296080.4,7,Very High
SO-167353,91,10,4344128.0,7,Very High
SO-167374,80,6,1251213.0,5,Very High
SO-167431,44,5,531800.2,5,Very High
SO-167543,40,5,851840.0,5,Very High
SO-167718,69,7,1456463.4,7,Very High
SO-167729,85,8,2019608.8,7,Very High
SO-167768,91,8,1536760.2,6,Very High
SO-167813,103,11,3229988.0,11,Very High
SO-167847,69,5,116465.6,5,Very High
SO-167913,63,4,1206626.8,4,Very High
SO-167943,99,10,1539102.8,10,Very High
SO-167954,21,2,1868160.0,2,Very High
SO-167975,40,6,1020903.2,6,Very High
SO-168054,103,8,2896579.6,8,Very High
SO-168096,113,9,3323172.4,8,Very High
SO-168158,81,5,1078531.2,5,Very High
SO-168159,56,6,3389530.0,5,Very High
SO-168167,47,5,755210.0,4,Very High
SO-168317,10,3,179308.8,3,Very High
SO-168318,125,9,4238373.0,9,Very High
SO-168333,135,11,3156313.2,9,Very High
SO-168358,90,8,1762704.2,6,Very High
SO-168381,28,4,1044169.0,4,Very High
SO-168393,121,12,1284197.2,9,Very High
SO-168441,104,11,3459334.8,9,Very High
SO-168464,70,6,4513792.0,5,Very High
SO-168485,75,8,3203032.0,7,Very High
SO-168567,101,10,2694961.8,9,Very High
SO-168735,154,12,3271210.8,10,Very High
SO-168755,85,10,2365300.6,9,Very High
SO-168764,118,9,4991216.0,7,Very High
SO-168782,18,3,92068.8,3,Very High
SO-168802,22,4,132176.4,4,Very High
SO-168852,137,11,6836331.2,9,Very High
SO-168905,48,4,1134044.0,4,Very High
SO-168915,19,3,867180.8,2,Very High
SO-168921,44,5,2517991.0,5,Very High
SO-168927,98,11,1575595.2,9,Very High
SO-168938,19,1,228684.0,1,Very High
SO-168939,24,2,819968.0,2,Very High
SO-168993,154,12,3482815.8,11,Very High
SO-169012,63,8,223200.8,7,Very High
SO-169060,84,5,2215097.2,5,Very High
SO-169104,55,8,1758997.4,7,Very High
SO-169135,101,9,888903.8,8,Very High
SO-169140,116,10,2788484.6,9,Very High
SO-169147,20,3,1921212.0,3,Very High
SO-169149,43,5,1311435.2000000002,5,Very High
SO-169161,43,5,571626.0,4,Very High
SO-169218,103,9,3470471.8,8,Very High
SO-169302,24,2,684507.0,2,Very High
SO-169303,52,5,2234002.2,5,Very High
SO-169387,32,2,235646.0,2,Very High
SO-169431,126,12,2845249.0,10,Very High
SO-169452,47,4,1218578.0,4,Very High
SO-169579,31,3,222812.8,2,Very High
SO-169594,24,3,418073.6,3,Very High
SO-169602,16,2,42241.0,2,High
SO-169667,37,4,672994.6,4,Very High
SO-169724,5,1,8555.0,1,Medium
SO-169734,82,7,1910998.0,5,Very High
SO-169739,117,10,2640846.0,8,Very High
SO-169745,37,4,845636.0,3,Very High
SO-169753,50,4,1255587.0,4,Very High
SO-169779,85,9,1044330.6000000001,7,Very High
SO-169815,78,8,1467813.0,8,Very High
SO-169860,49,4,433897.4,4,Very High
SO-169872,79,9,1749796.6,8,Very High
SO-169926,98,7,872392.2,6,Very High
SO-169969,95,7,1263995.2,7,Very High
SO-170047,19,3,419584.0,3,Very High
SO-170134,32,2,375537.0,2,Very High
SO-170250,47,4,222781.4,4,Very High
SO-170378,87,12,1520475.0,9,Very High
SO-170404,66,6,762827.0,4,Very High
SO-170407,115,11,1258046.4,11,Very High
SO-170474,121,10,3002792.4,6,Very High
SO-170594,110,11,2904280.0,9,Very High
SO-170605,77,7,520930.4,5,Very High
SO-170639,20,2,29452.8,2,High
SO-170650,137,11,6648400.6,9,Very High
SO-170742,111,10,4192497.6,10,Very High
SO-170766,147,12,4887257.0,12,Very High
SO-170786,81,7,1663264.0,6,Very High
SO-170879,119,9,3519612.8,7,Very High
SO-170985,8,1,6796.8,1,Medium
SO-170988,83,9,2603992.0,9,Very High
SO-170993,6,1,114432.0,1,Very High
SO-171042,111,12,3165066.8,9,Very High
SO-171051,101,11,2023297.0,10,Very High
SO-171053,122,10,3175416.0,10,Very High
SO-171070,120,12,2206054.6,10,Very High
SO-171079,55,5,1438623.2,5,Very High
SO-171080,44,6,615279.0,6,Very High
SO-171134,70,5,1079459.2,4,Very High
SO-171147,77,6,1173659.2,4,Very High
SO-171156,70,5,1645049.0,5,Very High
SO-171187,107,9,2307775.8,8,Very High
SO-171197,98,9,2296260.0,8,Very High
SO-171201,19,2,679488.0,2,Very High
SO-171270,84,8,848073.4,8,Very High
SO-171349,57,6,2248945.2,5,Very High
SO-171359,96,11,1062509.8,9,Very High
SO-171368,6,1,211968.0,1,Very High
SO-171369,8,1,473088.0,1,Very High
SO-171371,66,7,1052376.6,7,Very High
SO-171466,56,6,1607816.8,6,Very High
SO-171490,9,2,239488.0,2,Very High
SO-171501,32,4,868096.0,4,Very High
SO-171516,1,1,4661.0,1,Low
SO-171543,74,8,765766.0,7,Very High
SO-171544,29,3,65360.2,3,Very High
SO-171594,58,6,2728768.0,5,Very High
SO-171597,12,2,418172.0,2,Very High
SO-171611,104,12,3067419.0,10,Very High
SO-171618,120,12,2202346.2,10,Very High
SO-171717,19,2,244844.8,2,Very High
SO-171810,122,11,1736743.8,8,Very High
SO-171891,63,6,1055674.8,5,Very High
SO-171933,17,4,321343.6,4,Very High
SO-171949,127,10,4361159.2,8,Very High
SO-172003,93,11,732982.6,7,Very High
SO-172055,27,3,406784.0,3,Very High
SO-172092,124,9,2939549.6,9,Very High
SO-172140,53,5,795697.4,5,Very High
SO-172163,8,1,25088.0,1,High
SO-172171,70,6,2837454.4,5,Very High
SO-172179,7,1,4295.2,1,Low
SO-172186,48,5,2030976.0,4,Very High
SO-172230,56,4,810844.0,4,Very High
SO-172244,61,6,1987370.4,6,Very High
SO-172307,104,10,3292642.0,10,Very High
SO-172347,74,6,624351.0,6,Very High
SO-172370,67,8,1557412.8,6,Very High
SO-172377,52,4,306602.0,4,Very High
SO-172399,72,7,2633055.0,7,Very High
SO-172469,37,5,92158.6,5,Very High
SO-172529,72,7,1407490.0,6,Very High
SO-172534,14,2,16968.4,2,High
SO-172561,81,5,543043.0,4,Very High
SO-172564,77,9,1974328.8,6,Very High
SO-172590,58,5,155571.2,5,Very High
SO-172660,79,8,2681845.4,7,Very High
SO-172749,20,1,1018880.0,1,Very High
SO-172752,68,7,272776.2,6,Very High
SO-172777,3,1,49728.0,1,High
SO-172793,24,3,283981.0,3,Very High
SO-172962,93,7,853643.2,6,Very High
SO-172978,59,9,1064038.0,9,Very High
SO-172995,43,3,945536.0,2,Very High
SO-173033,34,3,1245934.4,3,Very High
SO-173052,74,7,1233294.8,4,Very High
SO-173079,33,4,106260.8,3,Very High
SO-173100,107,10,2713585.8,8,Very High
SO-173159,73,7,1615914.8,7,Very High
SO-173184,147,12,2766964.4,10,Very High
SO-173243,26,2,28461.6,2,High
SO-173331,77,7,1114022.0,5,Very High
SO-173338,19,1,848768.0,1,Very High
SO-173392,37,4,1286038.0,4,Very High
SO-173449,56,5,99334.2,5,Very High
SO-173478,106,9,1269669.0,5,Very High
SO-173526,101,11,1154034.8,10,Very High
SO-173623,47,6,2527957.8,4,Very High
SO-173710,16,2,17003.8,2,High
SO-173717,13,1,459264.0,1,Very High
SO-173733,18,3,529664.0,3,Very High
SO-173872,12,4,804592.8,4,Very High
SO-173957,9,1,108324.0,1,Very High
SO-173975,57,5,645723.0,4,Very High
SO-173976,7,1,101248.0,1,Very High
SO-174109,115,10,2486358.8,9,Very High
SO-174122,65,5,704379.0,4,Very High
SO-174126,26,3,771570.3999999999,3,Very High
SO-174150,22,2,780160.0,2,Very High
SO-174151,31,6,1311801.0,5,Very High
SO-174181,21,2,1125283.2,2,Very High
SO-174300,16,2,57125.6,2,Very High
SO-174335,100,11,2839245.4,10,Very High
SO-174338,98,9,1417373.8,8,Very High
SO-174422,152,12,4897805.0,11,Very High
SO-174432,32,3,318839.8,3,Very High
SO-174438,102,10,1762429.4,9,Very High
SO-174451,129,11,2795131.0,10,Very High
SO-174505,127,9,2235000.0,8,Very High
SO-174537,44,7,1493485.0,6,Very High
SO-174553,26,2,527040.0,2,Very High
SO-174581,21,3,507008.0,3,Very High
SO-174604,32,4,384178.0,4,Very High
SO-174610,132,10,2660299.0,9,Very High
SO-174617,79,6,2550305.5999999996,5,Very High
SO-174776,86,8,1751936.5999999999,7,Very High
SO-174837,45,4,349282.4,4,Very High
SO-174904,19,1,50445.0,1,Very High
SO-174927,110,10,4272819.8,9,Very High
SO-174944,66,5,2803034.8,5,Very High
SO-175018,32,4,794757.0,4,Very High
SO-175032,116,11,4691835.2,9,Very High
SO-175042,113,12,1379122.2,11,Very High
SO-175225,22,2,884352.0,2,Very High
SO-175352,22,3,60958.8,3,Very High
SO-175402,66,7,133709.8,5,Very High
SO-175442,33,3,896440.0,3,Very High
SO-175530,15,1,887040.0,1,Very High
SO-175553,12,1,536064.0,1,Very High
SO-175561,133,10,6171961.6,7,Very High
SO-175637,39,5,920916.0,5,Very High
SO-175644,51,4,530115.0,4,Very High
SO-175664,30,4,530004.2,4,Very High
SO-175675,134,11,2474991.2,10,Very High
SO-175696,124,12,5835211.0,9,Very High
SO-175713,1,1,1475.0,1,Low
SO-175725,29,4,105467.2,4,Very High
SO-175772,15,4,1094784.2,4,Very High
SO-175798,120,11,1680417.4,10,Very High
SO-175820,155,12,3774190.8,8,Very High
SO-175874,28,2,2329600.0,2,Very High
SO-175887,71,7,3300198.0,7,Very High
SO-175891,45,4,53004.0,4,Very High
SO-175927,26,4,336370.8,4,Very High
SO-175986,41,5,2251530.0,5,Very High
SO-176027,70,5,1025101.0,4,Very High
SO-176172,96,8,2656939.0,7,Very High
SO-176189,127,12,545746.4,10,Very High
SO-176201,115,10,2296730.6,9,Very High
SO-176233,126,11,3336730.0,10,Very High
SO-176239,108,9,2698550.8,9,Very High
SO-176244,31,4,1227411.4,4,Very High
SO-176267,76,11,2339380.0,9,Very High
SO-176305,117,12,2439450.0,11,Very High
SO-176325,4,1,86528.0,1,Very High
SO-176348,133,12,3518852.2,11,Very High
SO-176381,79,10,1857151.6,9,Very High
SO-176390,43,6,587459.0,4,Very High
SO-176400,112,12,3287181.2,10,Very High
SO-176517,102,9,1461037.4,7,Very High
SO-176558,72,5,628767.0,5,Very High
SO-176606,123,9,1432662.8,8,Very High
SO-176607,121,11,496451.0,8,Very High
SO-176670,67,9,1339098.4,8,Very High
SO-176694,51,6,772497.8,6,Very High
SO-176714,45,4,1489247.0,4,Very High
SO-176754,73,5,1411318.4,5,Very High
SO-176757,66,4,1932071.2,4,Very High
SO-176760,92,10,2173494.6,9,Very High
SO-176829,129,9,4705519.6,8,Very High
SO-176843,28,2,237613.0,2,Very High
SO-176928,71,5,2724930.6,5,Very High
SO-176957,107,12,1970133.2000000002,11,Very High
SO-177008,80,8,747029.0,6,Very High
SO-177039,112,8,2615463.0,7,Very High
SO-177141,74,10,1298052.8,8,Very High
SO-177163,71,6,1404246.4,5,Very High
SO-177220,12,1,611328.0,1,Very High
SO-177245,103,10,3793706.6,8,Very High
SO-177356,92,10,2537038.0,9,Very High
SO-177459,29,3,828805.0,3,Very High
SO-177469,86,6,2805628.8,6,Very High
SO-177473,25,2,601920.0,2,Very High
SO-177531,103,12,1238397.2,11,Very High
SO-177569,114,10,1292976.8,8,Very High
SO-177571,62,5,460990.2,5,Very High
SO-177606,24,4,73773.4,4,Very High
SO-177652,71,10,1653666.0,10,Very High
SO-177695,38,3,530688.0,3,Very High
SO-177699,106,11,2019946.4,10,Very High
SO-177713,106,8,2232809.6,7,Very High
SO-177725,159,12,6393906.199999999,9,Very High
SO-177808,82,9,1660666.4,9,Very High
SO-177842,51,6,858321.6,6,Very High
SO-177844,132,11,1182463.4,10,Very High
SO-177908,67,10,1494193.2,8,Very High
SO-177954,61,5,1186204.0,5,Very High
SO-178013,104,11,1981713.0,9,Very High
SO-178192,113,10,1005163.2,9,Very High
SO-178243,135,10,903001.0,8,Very High
SO-178317,36,3,658240.0,3,Very High
SO-178326,39,3,598246.6,3,Very High
SO-178343,159,11,2908738.2,10,Very High
SO-178372,53,6,372654.0,5,Very High
SO-178421,82,6,3074784.0,6,Very High
SO-178496,96,10,2357616.0,8,Very High
SO-178499,121,11,4934956.0,10,Very High
SO-178507,50,4,871257.6,4,Very High
SO-178546,18,2,328620.0,2,Very High
SO-178555,115,11,2749845.4,10,Very High
SO-178587,72,8,1209676.0,7,Very High
SO-178591,34,5,575749.8,5,Very High
SO-178608,47,5,981270.0,5,Very High
SO-178673,50,6,509194.0,5,Very High
SO-178754,133,10,1937893.8,8,Very High
SO-178763,28,2,262533.0,2,Very High
SO-178785,104,8,6152039.0,8,Very High
SO-178858,52,7,752209.6,7,Very High
SO-178956,3,1,4425.0,1,Low
SO-179130,92,7,1563870.0,6,Very High
SO-179251,104,8,2721079.4,8,Very High
SO-179261,94,8,521332.4,6,Very High
SO-179273,67,8,941817.2,6,Very High
SO-179338,55,6,2107794.0,5,Very High
SO-179343,128,9,1830720.0,8,Very High
SO-179347,82,9,2868473.8,8,Very High
SO-179378,102,10,1450199.2,8,Very High
SO-179379,39,5,1229659.6,5,Very High
SO-179482,37,3,3284644.0,3,Very High
SO-179628,47,4,173368.0,4,Very High
SO-179632,90,12,1973761.4,11,Very High
SO-179645,23,4,238034.0,4,Very High
SO-179689,51,5,1054304.0,4,Very High
SO-179752,9,1,13275.0,1,High
SO-179766,11,2,305024.0,2,Very High
SO-179826,29,2,891136.0,2,Very High
SO-179828,45,5,122053.2,5,Very High
SO-179892,30,3,191691.6,3,Very High
SO-179916,113,10,3076162.0,10,Very High
SO-179920,43,3,859539.4,3,Very High
SO-179967,66,7,825185.8,7,Very High
SO-180039,75,5,985301.0,5,Very High
SO-180061,42,7,1042340.2,6,Very High
SO-180170,77,10,3119907.6,8,Very High
SO-180351,44,4,911514.0,4,Very High
SO-180360,75,9,2083646.2,7,Very High
SO-180446,117,12,2630312.0,10,Very High
SO-180451,6,1,168192.0,1,Very High
SO-180461,74,6,3767582.0,6,Very High
SO-180494,29,3,338048.0,3,Very High
SO-180538,90,8,1964705.0,7,Very High
SO-180685,13,2,43855.0,2,High
SO-180714,38,4,2704768.0,4,Very High
SO-180754,5,1,254720.0,1,Very High
SO-180766,101,8,4015809.0,7,Very High
SO-180780,57,6,2429687.0,5,Very High
SO-180788,134,11,1391678.5999999999,9,Very High
SO-180804,88,10,1197847.2,7,Very High
SO-180829,27,3,34007.6,3,High
SO-180914,34,4,803998.0,4,Very High
SO-180986,77,9,675949.0,7,Very High
SO-181009,46,5,1073744.8,4,Very High
SO-181046,65,7,2091035.4000000001,7,Very High
SO-181169,85,9,721328.0,8,Very High
SO-181180,37,4,1281178.4,4,Very High
SO-181312,96,8,1147034.0,8,Very High
SO-181387,75,10,2018773.8,9,Very High
SO-181555,89,7,2250945.0,5,Very High
SO-181640,66,5,1586496.0,4,Very High
SO-181718,18,4,339051.0,4,Very High
SO-181734,24,3,109858.0,2,Very High
SO-181764,79,10,1080126.8,8,Very High
SO-181835,120,11,1516410.2,7,Very High
SO-181860,106,9,1186947.0,7,Very High
SO-181920,7,1,413952.0,1,Very High
SO-181937,61,7,663898.0,6,Very High
SO-182036,97,7,2479735.0,6,Very High
SO-182268,68,7,1838113.4,5,Very High
SO-182273,10,1,5664.0,1,Medium
SO-182290,51,5,1404544.0,4,Very High
SO-182308,27,2,2805760.0,2,Very High
SO-182323,92,9,912779.0,7,Very High
SO-182348,13,2,12437.2,2,High
SO-182376,36,2,1196416.0,2,Very High
SO-182601,84,7,4291167.4,5,Very High
SO-182622,121,8,1961613.4,7,Very High
SO-182642,85,8,1860208.8,8,Very High
SO-182710,122,9,5301491.2,8,Very High
SO-182826,78,9,1393862.8,8,Very High
SO-182854,106,10,1658923.4,9,Very High
SO-182865,87,7,2795435.0,7,Very High
SO-182877,90,8,934366.8,7,Very High
SO-182946,79,7,3651225.8,7,Very High
SO-182953,115,10,2586456.6,9,Very High
SO-183010,75,11,1709150.4,9,Very High
SO-183077,40,3,204376.0,3,Very High
SO-183080,71,7,880265.4,4,Very High
SO-183130,119,10,1542758.0,8,Very High
SO-183146,57,7,1312337.4,7,Very High
SO-183153,84,9,1844865.0,9,Very High
SO-183169,63,8,1531728.8,8,Very High
SO-183171,81,8,2464548.4,7,Very High
SO-183174,44,4,117693.2,4,Very High
SO-183228,13,1,459264.0,1,Very High
SO-183358,21,3,1311367.0,3,Very High
SO-183460,15,1,764160.0,1,Very High
SO-183514,83,8,3647072.4,7,Very High
SO-183516,114,9,3233815.4,8,Very High
SO-183524,74,9,1190874.0,9,Very High
SO-183534,5,2,3304.0,2,Low
SO-183572,60,7,2672516.0,5,Very High
SO-183592,94,7,5889436.0,7,Very High
SO-183655,47,4,1941501.0,4,Very High
SO-183701,22,3,120405.6,3,Very High
SO-183734,105,9,5358915.6,8,Very High
SO-183751,28,2,2771776.0,2,Very High
SO-183754,2,2,16047.0,2,High
SO-183782,139,12,4736160.2,11,Very High
SO-183800,69,7,1954630.0,6,Very High
SO-183883,54,7,443638.0,6,Very High
SO-183936,28,3,960207.0,3,Very High
SO-183997,62,5,728065.0,5,Very High
SO-184015,22,2,981919.0,2,Very High
SO-184059,27,3,882450.0,3,Very High
SO-184070,70,9,4432016.8,9,Very High
SO-184114,13,1,188032.0,1,Very High
SO-184178,82,8,1258155.4,8,Very High
SO-184205,7,2,306348.4,2,Very High
SO-184300,68,6,1453615.4,6,Very High
SO-184463,92,9,1754506.2,9,Very High
SO-184467,30,4,1003185.0,4,Very High
SO-184505,118,12,2000608.4,10,Very High
SO-184571,87,9,1284929.0,8,Very High
SO-184640,32,4,1301120.0,4,Very High
SO-184662,70,7,2101880.4,7,Very High
SO-184678,85,7,1245076.2,7,Very High
SO-184765,95,12,1622102.0,9,Very High
SO-184791,131,9,2104885.2,7,Very High
SO-184802,8,2,16661.6,2,High
SO-184820,118,11,3274236.8,10,Very High
SO-184834,79,7,852675.0,7,Very High
SO-184847,61,6,2252767.8,6,Very High
SO-184889,102,10,1571718.0,10,Very High
SO-184893,84,9,3080453.2,6,Very High
SO-185035,63,5,2954848.0,5,Very High
SO-185070,74,8,671542.0,8,Very High
SO-185077,70,7,1257391.8,7,Very High
SO-185095,77,8,812297.8,7,Very High
SO-185136,78,9,1095932.6,8,Very High
SO-185164,86,8,563056.4,8,Very High
SO-185180,128,11,2972777.4,9,Very High
SO-185191,99,10,1496830.8,9,Very High
SO-185212,95,9,2838042.0,7,Very High
SO-185255,89,10,798130.0,8,Very High
SO-185265,123,12,2999865.0,9,Very High
SO-185281,138,9,2535422.2,7,Very High
SO-185283,136,11,4604884.6,9,Very High
SO-185423,95,7,708360.4,7,Very High
SO-185456,30,3,713664.0,3,Very High
SO-185461,112,12,1229027.6,10,Very High
SO-185489,141,11,4144225.0,9,Very High
SO-185652,90,9,588719.4,8,Very High
SO-185670,1,1,44672.0,1,High
SO-185681,29,4,195083.4,3,Very High
SO-185693,117,10,3472377.0,8,Very High
SO-185736,8,1,2926.4,1,Low
SO-185896,89,7,3454720.0,6,Very High
SO-186016,50,5,289516.8,5,Very High
SO-186207,77,7,2070357.0,7,Very High
SO-186306,7,1,11977.0,1,High
SO-186327,48,5,1296192.8,5,Very High
SO-186361,66,7,544943.0,7,Very High
SO-186376,103,8,3670673.0,6,Very High
SO-186396,102,10,2030804.4,8,Very High
SO-186405,121,11,2843697.2,11,Very High
SO-186412,105,12,1417596.6,10,Very High
SO-186515,111,11,2670040.0,9,Very High
SO-186530,76,8,1942934.6,8,Very High
SO-186636,117,8,3681562.4,8,Very High
SO-186641,15,2,98505.0,2,Very High
SO-186670,86,10,683804.8,8,Very High
SO-186751,98,11,2661648.4,9,Very High
SO-186790,91,8,4796683.8,7,Very High
SO-186795,79,10,2164187.2,10,Very High
SO-186847,11,2,864640.0,2,Very High
SO-187003,129,12,1536101.8,9,Very High
SO-187074,50,6,1320132.0,5,Very High
SO-187076,34,3,786944.0,3,Very High
SO-187190,107,11,479610.39999999997,9,Very High
SO-187199,44,4,2125119.2,4,Very High
SO-187254,122,10,3371008.0,9,Very High
SO-187515,14,3,193505.6,3,Very High
SO-187545,6,1,10266.0,1,High
SO-187547,90,8,911153.0,8,Very High
SO-187608,49,5,729377.0,5,Very High
SO-187693,4,1,178688.0,1,Very High
SO-187724,27,3,545280.0,3,Very High
SO-187763,57,4,1173583.0,4,Very High
SO-187789,76,8,1044204.4,7,Very High
SO-187814,40,8,1720154.0,7,Very High
SO-187883,9,1,118656.0,1,Very High
SO-187961,120,12,3914472.0,8,Very High
SO-187963,49,6,635934.0,6,Very High
SO-188013,134,12,3048201.6,11,Very High
SO-188048,69,8,1627394.2,7,Very High
SO-188100,42,4,64416.2,4,Very High
SO-188126,71,7,2057267.0,6,Very High
SO-188204,20,2,109581.0,2,Very High
SO-188255,118,10,3594977.6,8,Very High
SO-188273,37,3,471118.0,3,Very High
SO-188308,118,12,1467743.6,11,Very High
SO-188384,137,12,4129191.0,9,Very High
SO-188407,151,11,4718229.0,10,Very High
SO-188411,56,5,840069.0,4,Very High
SO-188441,82,7,3718342.4,7,Very High
SO-188444,41,4,1036778.0,3,Very High
SO-188446,129,11,3978787.0,9,Very High
SO-188459,76,8,291466.6,7,Very High
SO-188475,98,10,1049072.0,8,Very High
SO-188507,91,11,2070604.4,10,Very High
SO-188511,44,5,316925.2,3,Very High
SO-188516,127,12,1439517.6,9,Very High
SO-188541,91,7,1059566.0,7,Very High
SO-188735,25,3,1935118.0,3,Very High
SO-188926,26,3,653308.0,3,Very High
SO-189015,72,8,5477343.0,6,Very High
SO-189072,114,10,2156273.8,9,Very High
SO-189091,52,5,3317760.0,5,Very High
SO-189133,9,1,5097.6,1,Medium
SO-189278,66,6,1305911.0,6,Very High
SO-189302,70,5,2289088.6,5,Very High
SO-189315,71,6,1780550.2,6,Very High
SO-189316,68,6,449942.4,5,Very High
SO-189397,103,11,2853570.8,11,Very High
SO-189417,21,2,355085.0,2,Very High
SO-189418,57,8,196895.0,6,Very High
SO-189441,90,12,1998638.8,9,Very High
SO-189456,15,1,25665.0,1,High
SO-189547,102,9,3055525.8,9,Very High
SO-189606,105,10,3242609.4,8,Very High
SO-189711,53,6,921087.8,6,Very High
SO-189733,38,4,3240969.0,4,Very High
SO-189809,120,9,1539553.6,7,Very High
SO-189851,100,8,2653494.2,8,Very High
SO-189908,27,2,2380416.0,2,Very High
SO-189996,95,11,2260803.0,10,Very High
SO-190155,6,1,72216.0,1,Very High
SO-190183,26,2,518870.0,2,Very High
SO-190192,125,12,2096632.2,12,Very High
SO-190259,71,8,1193673.8,8,Very High
SO-190282,48,4,683860.8,4,Very High
SO-190387,37,4,1589580.8,3,Very High
SO-190429,33,4,1454012.0,4,Very High
SO-190444,140,12,3309065.6,10,Very High
SO-190447,55,5,946112.0,4,Very High
SO-190472,3,2,26934.4,2,High
SO-190603,70,6,1533645.0,5,Very High
SO-190639,130,11,6802351.8,9,Very High
SO-190681,23,5,783239.4,5,Very High
SO-190706,116,12,2687320.0,11,Very High
SO-190810,2,1,38144.0,1,High
SO-190829,44,5,1615371.0,5,Very High
SO-190900,107,9,4069509.4,8,Very High
SO-190922,144,12,2755494.6,11,Very High
SO-190932,24,2,1532781.6,2,Very High
SO-190940,44,4,264908.0,4,Very High
SO-190942,40,4,2881152.0,4,Very High
SO-190945,143,12,5374204.0,10,Very High
SO-191090,92,8,2818991.4,7,Very High
SO-191093,38,5,497285.2,5,Very High
SO-191184,90,8,856552.4,7,Very High
SO-191191,111,12,3594337.0,9,Very High
SO-191273,101,8,808785.2,7,Very High
SO-191281,6,1,27966.0,1,High
SO-191335,3,1,177408.0,1,Very High
SO-191369,45,5,594073.0,4,Very High
SO-191378,35,4,347132.0,4,Very High
SO-191422,17,1,14443.2,1,High
SO-191427,53,7,217663.0,5,Very High
SO-191672,119,11,2118015.2,9,Very High
SO-191716,86,10,1420789.0,10,Very High
SO-191719,6,2,95779.2,2,Very High
SO-191775,16,2,235648.0,2,Very High
SO-191892,142,12,1676915.0,9,Very High
SO-191897,10,2,363520.0,2,Very High
SO-191937,19,1,13003.6,1,High
SO-191967,8,1,250880.0,1,Very High
SO-192026,39,5,942313.0,5,Very High
SO-192052,20,2,33040.0,2,High
SO-192158,105,11,1069998.6,9,Very High
SO-192225,94,12,881628.8,11,Very High
SO-192243,64,6,1444361.0,6,Very High
SO-192308,110,9,1680215.8,7,Very High
SO-192314,118,11,2191004.4,10,Very High
SO-192385,81,7,1295385.0,7,Very High
SO-192558,9,1,118656.0,1,Very High
SO-192660,52,7,2191446.0,7,Very High
SO-192792,109,8,382051.4,7,Very High
SO-192973,118,10,4544496.8,10,Very High
SO-192988,101,11,2576235.6,11,Very High
SO-193057,46,6,174951.4,6,Very High
SO-193075,7,1,92288.0,1,Very High
SO-193087,116,11,2337954.0,10,Very High
SO-193100,47,3,94553.4,3,Very High
SO-193152,60,4,831340.0,4,Very High
SO-193190,63,7,2318340.4,6,Very High
SO-193208,16,1,231424.0,1,Very High
SO-193262,97,12,1027971.0,9,Very High
SO-193296,93,8,1698143.4,7,Very High
SO-193320,149,11,3673778.6,8,Very High
SO-193487,162,11,5086901.0,10,Very High
SO-193504,98,11,794127.8,9,Very High
SO-193509,68,5,776081.2,4,Very High
SO-193556,87,8,2170865.0,7,Very High
SO-193560,14,3,302477.0,3,Very High
SO-193591,69,7,1213807.4,7,Very High
SO-193613,25,3,811456.0,3,Very High
SO-193671,41,5,927199.0,5,Very High
SO-193689,105,10,2657160.0,9,Very High
SO-193720,105,12,1263542.6,10,Very High
SO-193811,140,12,4163416.4,12,Very High
SO-193814,43,4,2311692.8,4,Very High
SO-193854,20,1,11328.0,1,High
SO-193865,47,6,941631.6,5,Very High
SO-193892,74,8,1212321.8,7,Very High
SO-193900,119,10,2499324.2,10,Very High
SO-194014,36,4,280514.4,4,Very High
SO-194044,58,6,1983630.4000000001,4,Very High
SO-194069,84,9,1213888.0,8,Very High
SO-194202,101,12,2616899.8,10,Very High
SO-194232,54,7,3088277.4,6,Very High
SO-194260,5,1,3068.0,1,Low
SO-194413,56,5,241159.2,5,Very High
SO-194442,88,8,1850451.6,6,Very High
SO-194474,116,9,2157015.6,8,Very High
SO-194483,72,9,1344895.0,9,Very High
SO-194576,2,1,5310.0,1,Medium
SO-194674,89,10,488210.6,8,Very High
SO-194675,18,1,298368.0,1,Very High
SO-194720,61,7,2307616.0,6,Very High
SO-194725,27,2,745336.0,2,Very High
SO-194758,69,6,2261640.6,6,Very High
SO-194759,40,4,103899.0,4,Very High
SO-194826,99,7,2455758.0,6,Very High
SO-194865,45,4,997812.0,3,Very High
SO-194877,25,4,283458.0,4,Very High
SO-194942,115,9,1307547.4,8,Very High
SO-194988,86,11,1958758.2,10,Very High
SO-195027,65,6,1668110.0,5,Very High
SO-195031,90,7,1922193.6,7,Very High
SO-195129,27,3,395603.2,3,Very High
SO-195156,102,11,855374.0,9,Very High
SO-195174,24,3,644613.0,3,Very High
SO-195192,90,8,1856596.0,7,Very High
SO-195248,98,10,4126016.0,8,Very High
SO-195381,4,1,43264.0,1,High
SO-195425,68,8,1206562.0,7,Very High
SO-195487,135,12,1022459.2,9,Very High
SO-195495,108,9,1884384.2,8,Very High
SO-195538,49,6,681292.0,5,Very High
SO-195571,76,7,385361.2,6,Very High
SO-195595,62,5,1526657.4,5,Very High
SO-195672,137,11,5006152.8,8,Very High
SO-195753,83,10,1965238.2,9,Very High
SO-195815,88,12,4028369.2,9,Very High
SO-195865,40,3,1239884.0,3,Very High
SO-195895,21,2,398720.0,2,Very High
SO-195952,93,12,1367693.4,10,Very High
SO-195980,125,12,2389937.2,10,Very High
SO-196254,15,2,104553.6,2,Very High
SO-196335,107,10,5009866.2,8,Very High
SO-196450,117,9,5338396.0,7,Very High
SO-196488,3,1,177408.0,1,Very High
SO-196621,77,8,2641521.6,6,Very High
SO-196625,22,2,98422.4,2,Very High
SO-196686,19,2,1049856.0,2,Very High
SO-196749,53,6,3033408.0,6,Very High
SO-196774,4,1,48144.0,1,High
SO-196859,22,2,451910.4,2,Very High
SO-196881,49,4,1348356.0,3,Very High
SO-196893,99,9,4526407.8,8,Very High
SO-197020,13,1,7363.2,1,Medium
SO-197139,106,11,2121459.2,10,Very High
SO-197245,74,6,513572.0,6,Very High
SO-197268,29,3,1353408.0,3,Very High
SO-197297,117,10,2514038.0,10,Very High
SO-197388,93,8,1664355.0,7,Very High
SO-197396,15,2,32969.2,2,High
SO-197400,43,4,272757.0,2,Very High
SO-197401,46,4,1686475.0,4,Very High
SO-197448,78,8,1327616.4,6,Very High
SO-197475,132,12,1717676.6,12,Very High
SO-197487,85,8,2107601.4,8,Very High
SO-197516,36,5,380100.4,4,Very High
SO-197537,37,2,3292288.0,2,Very High
SO-197560,90,10,2721669.2,10,Very High
SO-197684,86,7,2267656.8,6,Very High
SO-197703,24,4,199008.0,4,Very High
SO-197728,53,5,1554906.0,5,Very High
SO-197747,8,1,250880.0,1,Very High
SO-197857,35,7,761335.0,7,Very High
SO-197858,78,8,3618777.6,7,Very High
SO-197913,138,10,3850980.0,9,Very High
SO-198012,41,3,35282.0,3,High
SO-198023,11,1,209792.0,1,Very High
SO-198090,54,5,3115008.0,5,Very High
SO-198179,97,7,733834.0,7,Very High
SO-198182,51,3,99214.4,3,Very High
SO-198230,68,6,1515912.0,6,Very High
SO-198260,88,10,864676.4,9,Very High
SO-198336,77,6,4274108.8,5,Very High
SO-198405,96,8,1243777.0,7,Very High
SO-198514,59,4,3339811.6,4,Very High
SO-198676,106,11,2364102.4,11,Very High
SO-198698,10,3,60229.4,3,Very High
SO-198703,20,3,1186688.0,2,Very High
SO-198720,46,4,2069833.0,4,Very High
SO-198793,30,3,46986.6,2,High
SO-198798,136,10,2775397.4,8,Very High
SO-198931,18,3,192280.0,2,Very High
SO-198977,121,11,3010280.0,8,Very High
SO-199012,37,5,1176614.2,5,Very High
SO-199104,33,4,583920.0,4,Very High
SO-199142,24,3,675608.0,3,Very High
SO-199153,129,12,4287341.6,9,Very High
SO-199170,85,8,1681822.0,7,Very High
SO-199191,78,7,3530158.6,7,Very High
SO-199280,132,11,1755708.2,10,Very High
SO-199323,77,8,1236387.0,8,Very High
SO-199423,56,5,659764.0,4,Very High
SO-199471,103,10,5126531.0,9,Very High
SO-199474,33,4,289955.8,4,Very High
SO-199566,40,4,896956.0,4,Very High
SO-199594,96,9,1645497.4,8,Very High
SO-199606,68,5,335972.6,4,Very High
SO-199636,93,10,2484626.8,9,Very High
SO-199744,80,9,762544.8,6,Very High
SO-199789,64,10,3077969.6,8,Very High
SO-199798,20,2,518144.0,2,Very High
SO-199846,62,7,1908881.6,7,Very High
SO-200033,130,10,1846213.0,9,Very High
SO-200075,116,12,2143976.4,11,Very High
SO-200134,37,5,1944908.0,5,Very High
SO-200147,55,6,1661886.0,5,Very High
SO-200233,60,6,933469.4,6,Very High
SO-200251,52,7,3113041.6,7,Very High
SO-200274,97,10,3569345.0,9,Very High
SO-200338,84,9,1824727.4,9,Very High
SO-200421,45,3,335829.0,3,Very High
SO-200456,92,8,2225585.6,7,Very High
SO-200471,116,11,2564780.0,11,Very High
SO-200671,67,4,1233949.4,4,Very High
SO-200690,29,4,2023040.0,4,Very High
SO-200711,13,1,171392.0,1,Very High
SO-200725,80,7,1337110.0,7,Very High
SO-200748,84,6,2011419.0,6,Very High
SO-200802,111,9,1225280.0,6,Very High
SO-200813,57,5,4588667.0,4,Very High
SO-200814,48,5,794107.0,5,Very High
SO-200818,82,11,1968347.2,7,Very High
SO-200914,129,11,5162039.6,10,Very High
SO-200995,107,10,1629542.4,9,Very High
SO-201006,115,11,2168810.4,10,Very High
SO-201046,139,11,8168383.2,8,Very High
SO-201062,92,8,2984254.0,7,Very High
SO-201085,119,11,2676479.4,8,Very High
SO-201170,53,6,849695.0,6,Very High
SO-201180,108,9,1808192.2,7,Very High
SO-201242,72,8,584793.8,8,Very High
SO-201297,94,7,3866513.0,6,Very High
SO-201332,10,2,128838.4,2,Very High
SO-201352,44,6,1448188.0,6,Very High
SO-201377,105,11,3946132.1999999997,10,Very High
SO-201436,153,12,3203307.6,10,Very High
SO-201453,92,8,2595456.4,8,Very High
SO-201471,46,7,865921.8,7,Very High
SO-201505,98,10,1096536.0,8,Very High
SO-201540,117,10,2329045.4,7,Very High
SO-201603,117,12,5283641.8,12,Very High
SO-201619,75,6,1936154.7999999998,6,Very High
SO-201651,96,8,4083979.8,7,Very High
SO-201842,32,3,752512.0,3,Very High
SO-202006,64,8,640189.2,7,Very High
SO-202016,30,3,1173312.0,3,Very High
SO-202058,84,6,1979417.0,6,Very High
SO-202211,1,1,28032.0,1,High
SO-202271,75,8,2657724.0,7,Very High
SO-202397,12,1,4389.6,1,Low
SO-202413,20,1,12272.0,1,High
SO-202456,136,12,5704534.0,9,Very High
SO-202481,118,11,6854319.0,9,Very High
SO-202535,126,10,3969397.4,8,Very High
SO-202540,66,5,1511325.8,5,Very High
SO-202568,120,12,2640535.6,12,Very High
SO-202573,105,8,2029450.6,7,Very High
SO-202592,81,10,2842824.0,8,Very High
SO-202594,84,10,1175236.4,9,Very High
SO-202623,48,5,737067.0,5,Very High
SO-202645,109,9,4683623.8,8,Very High
SO-202648,25,3,3084288.0,3,Very High
SO-202689,82,6,771741.4,6,Very High
SO-202713,68,5,2289743.0,5,Very High
SO-202810,113,10,3309490.2,10,Very High
SO-202812,89,9,1269925.0,7,Very High
SO-202839,11,1,344960.0,1,Very High
SO-202888,76,5,1512915.2,5,Very High
SO-202914,72,9,3653181.4,8,Very High
SO-202977,111,12,2039399.4,10,Very High
SO-202998,101,9,1529511.6,7,Very High
SO-203151,68,8,1132253.6,7,Very High
SO-203178,119,11,994551.7999999999,8,Very High
SO-203363,9,1,194688.0,1,Very High
SO-203388,53,7,804769.4,7,Very High
SO-203403,127,12,1913024.6,12,Very High
SO-203506,55,9,2235779.6,8,Very High
SO-203515,51,5,2308810.0,4,Very High
SO-203546,90,9,531051.6,8,Very High
SO-203561,12,1,198912.0,1,Very High
SO-203591,69,8,996479.2,8,Very High
SO-203599,115,11,1086222.4,8,Very High
SO-203624,1,1,106880.0,1,Very High
SO-203681,66,8,687137.4,6,Very High
SO-203709,84,8,1283541.2,7,Very High
SO-203728,70,6,1596943.4,6,Very High
SO-203813,80,7,4464459.6,7,Very High
SO-203824,32,3,740169.0,3,Very High
SO-203830,34,3,1108077.6,3,Very High
SO-203868,119,12,3755466.6,11,Very High
SO-203948,42,5,786176.0,4,Very High
SO-204041,112,10,4283783.0,9,Very High
SO-204053,17,1,243712.0,1,Very High
SO-204059,32,4,167548.2,3,Very High
SO-204096,90,10,1620222.0,6,Very High
SO-204139,90,9,4855902.0,6,Very High
SO-204151,47,5,200765.2,4,Very High
SO-204168,32,6,177501.0,5,Very High
SO-204178,34,3,707082.4,3,Very High
SO-204224,87,8,1606406.4,6,Very High
SO-204235,128,11,2025331.2,11,Very High
SO-204251,66,6,2469313.8,4,Very High
SO-204307,133,11,3096316.6,9,Very High
SO-204375,47,8,400407.4,7,Very High
SO-204445,9,1,6159.6,1,Medium
SO-204492,108,12,1421933.0,9,Very High
SO-204626,39,4,807888.6,4,Very High
SO-204703,58,7,1745136.0,7,Very High
SO-204764,9,1,317952.0,1,Very High
SO-204798,5,2,139136.0,2,Very High
SO-204844,69,6,1338719.2,5,Very High
SO-204846,11,1,308352.0,1,Very High
SO-204882,8,1,74104.0,1,Very High
SO-205144,75,7,3924950.0,4,Very High
SO-205151,113,10,3345226.2,8,Very High
SO-205174,140,10,5252720.0,8,Very High
SO-205206,33,3,288408.4,3,Very High
SO-205367,37,3,740055.2,3,Very High
SO-205378,127,11,1873879.8,11,Very High
SO-205399,13,1,8897.2,1,Medium
SO-205416,7,1,247296.0,1,Very High
SO-205590,73,7,717348.8,7,Very High
SO-205718,61,5,638455.2,5,Very High
SO-205812,83,7,1867380.0,6,Very High
SO-205816,57,5,1041871.0,4,Very High
SO-205869,35,4,404640.0,4,Very High
SO-205918,18,1,1064448.0,1,Very High
SO-205946,11,2,44083.2,2,High
SO-205999,89,11,2390068.0,8,Very High
SO-206023,53,6,475424.0,5,Very High
SO-206045,45,6,1627621.4,5,Very High
SO-206073,13,1,662272.0,1,Very High
SO-206101,18,3,142183.0,3,Very High
SO-206216,28,6,882121.0,5,Very High
SO-206218,24,2,574746.0,2,Very High
SO-206231,26,3,141170.8,3,Very High
SO-206255,28,3,288050.0,3,Very High
SO-206317,114,10,2543287.0,10,Very High
SO-206339,51,5,667463.6,4,Very High
SO-206346,58,5,967528.0,4,Very High
SO-206514,10,1,165760.0,1,Very High
SO-206522,135,11,1913000.2,10,Very High
SO-206528,103,7,1208122.2,7,Very High
SO-206579,101,10,1733626.5999999999,8,Very High
SO-206606,106,12,2878176.8000000003,10,Very High
SO-206642,64,8,737824.8,6,Very High
SO-206708,115,11,1272241.2,10,Very High
SO-206854,142,11,6514369.4,8,Very High
SO-206910,124,12,1591853.0,11,Very High
SO-206938,105,11,1948645.6,7,Very High
SO-206956,117,12,1730293.0,8,Very High
SO-207006,110,11,2289084.6,10,Very High
SO-207009,101,10,2558960.2,9,Very High
SO-207157,15,1,764160.0,1,Very High
SO-207258,75,8,1022279.0,8,Very High
SO-207288,69,5,1364446.0,5,Very High
SO-207305,76,11,1461622.2,9,Very High
SO-207313,28,3,927865.6,3,Very High
SO-207344,47,4,1330825.0,4,Very High
SO-207369,116,8,1431566.0,7,Very High
SO-207371,84,9,1712933.4,7,Very High
SO-207576,96,8,1617759.6,6,Very High
SO-207605,34,4,1655040.0,4,Very High
SO-207617,120,9,2753505.0,8,Very High
SO-207632,17,2,93987.0,2,Very High
SO-207663,96,8,1901349.6,7,Very High
SO-207699,18,3,1072054.8,3,Very High
SO-207722,114,11,2518194.4,8,Very High
SO-207803,30,4,115397.2,4,Very High
SO-207877,79,7,1073666.0,6,Very High
SO-207907,131,10,1490810.4,7,Very High
SO-208013,128,11,2075031.4,9,Very High
SO-208015,19,2,839424.0,2,Very High
SO-208084,96,9,2665639.0,7,Very High
SO-208108,40,3,1858980.8,3,Very High
SO-208227,59,6,641355.8,5,Very High
SO-208253,17,1,45135.0,1,High
SO-208274,71,7,2175099.6,6,Very High
SO-208301,73,8,653843.0,7,Very High
SO-208318,112,10,3535206.0,9,Very High
SO-208407,48,4,1727744.0,3,Very High
SO-208469,25,3,439788.8,2,Very High
SO-208507,68,8,682680.0,7,Very High
SO-208560,59,5,433709.6,5,Very High
SO-208613,45,4,53064.6,3,Very High
SO-208629,120,12,1302564.0,10,Very High
SO-208637,53,4,3638920.6,4,Very High
SO-208654,73,5,1103552.4,5,Very High
SO-208658,36,3,501312.0,3,Very High
SO-208681,125,10,2665368.8,10,Very High
SO-208699,36,5,297767.0,4,Very High
SO-208732,34,3,564695.0,2,Very High
SO-208780,83,10,3354929.0,9,Very High
SO-208800,65,6,921270.0,5,Very High
SO-208818,9,1,6159.6,1,Medium
SO-208824,14,2,171968.0,2,Very High
SO-208829,56,9,1102687.6,6,Very High
SO-208857,79,8,3514571.8,7,Very High
SO-208885,37,4,260678.4,3,Very High
SO-208937,12,2,35872.0,2,High
SO-208965,134,12,6002288.8,10,Very High
SO-208988,69,5,667134.8,5,Very High
SO-209090,95,10,2792954.8,9,Very High
SO-209153,100,11,1259013.0,9,Very High
SO-209197,41,4,122416.4,3,Very High
SO-209232,5,1,8555.0,1,Medium
SO-209359,34,4,194303.4,4,Very High
SO-209446,49,6,627275.6,6,Very High
SO-209546,84,5,1360695.2,5,Very High
SO-209625,95,8,4109550.0,6,Very High
SO-209652,84,6,1504914.0,6,Very High
SO-209707,142,10,3550735.0,8,Very High
SO-209726,109,11,3268386.2,11,Very High
SO-209763,108,11,2317658.0,10,Very High
SO-209764,107,10,3741484.2,10,Very High
SO-209775,111,12,1886576.8,9,Very High
SO-209846,81,7,3815646.4,6,Very High
SO-209978,90,9,2840441.8,7,Very High
SO-210081,86,8,1384611.6,7,Very High
SO-210094,39,6,643080.8,6,Very High
SO-210105,25,4,270550.0,4,Very High
SO-210257,60,5,3683388.0,5,Very High
SO-210271,47,8,257889.6,8,Very High
SO-210284,56,4,3330560.0,4,Very High
SO-210416,20,2,343552.0,2,Very High
SO-210421,166,12,2425151.4,11,Very High
SO-210431,78,8,1073679.2,6,Very High
SO-210585,44,4,799220.0,3,Very High
SO-210629,33,3,447579.6,3,Very High
SO-210656,24,2,98695.2,2,Very High
SO-210761,89,10,2166909.2,10,Very High
SO-210798,139,12,2282330.6,10,Very High
SO-210809,32,2,449567.0,2,Very High
SO-210883,47,3,932500.0,3,Very High
SO-210911,17,2,1369472.0,2,Very High
SO-210930,35,4,976573.6,4,Very High
SO-210980,65,6,2813970.0,6,Very High
SO-210985,150,11,5634526.4,9,Very High
SO-211002,132,12,3005968.2,10,Very High
SO-211094,69,5,1465098.0,5,Very High
SO-211119,120,10,1964655.0,8,Very High
SO-211155,42,5,304963.0,4,Very High
SO-211200,38,5,1250025.6,5,Very High
SO-211209,94,10,2156353.4,7,Very High
SO-211237,26,4,101454.2,4,Very High
SO-211242,18,2,236637.0,2,Very High
SO-211284,42,4,764149.2,4,Very High
SO-211309,76,8,1620949.2,7,Very High
SO-211386,50,4,1113955.2,4,Very High
SO-211390,96,8,1018570.4,7,Very High
SO-211407,66,5,395593.0,5,Very High
SO-211425,35,3,849168.0,3,Very High
SO-211430,38,4,41940.4,4,High
SO-211487,14,3,360286.0,3,Very High
SO-211556,71,6,4117186.4,6,Very High
SO-211603,28,3,264714.4,3,Very High
SO-211654,15,3,25204.8,3,High
SO-211797,68,7,5278811.4,6,Very High
SO-211799,84,6,1336301.8,5,Very High
SO-211820,104,11,852145.0,10,Very High
SO-211917,63,8,2103820.0,6,Very High
SO-211930,161,12,2857584.2,7,Very High
SO-211955,41,5,975470.4,5,Very High
SO-211966,13,2,111840.4,2,Very High
SO-211988,63,4,1489090.8,4,Very High
SO-211992,32,3,540352.0,3,Very High
SO-211994,116,10,621034.0,6,Very High
SO-212056,143,12,8970183.0,9,Very High
SO-212096,52,5,941064.8,4,Very High
SO-212165,64,5,3329774.8,5,Very High
SO-212257,63,4,1717632.0,4,Very High
SO-212264,111,10,4014653.8,8,Very High
SO-212296,97,7,653018.0,7,Very High
SO-212333,22,4,505867.0,4,Very High
SO-212500,36,4,588400.0,4,Very High
SO-212509,110,12,2293560.4,11,Very High
SO-212515,73,7,1229844.0,7,Very High
SO-212568,79,6,4227061.0,5,Very High
SO-212588,106,11,2323080.8,9,Very High
SO-212666,117,10,3954793.8,7,Very High
SO-212742,84,10,1278941.4,8,Very High
SO-212887,30,2,3048960.0,2,Very High
SO-212913,22,3,370812.0,2,Very High
SO-212921,115,9,891933.4,7,Very High
SO-212996,69,7,1812341.4,7,Very High
SO-213032,136,10,2192245.4,10,Very High
SO-213077,143,12,4008439.0,11,Very High
SO-213129,54,4,3980800.0,3,Very High
SO-213144,47,4,778883.4,4,Very High
SO-213163,84,8,1496571.0,7,Very High
SO-213188,81,7,2031242.2,7,Very High
SO-213191,37,4,271830.8,4,Very High
SO-213265,84,11,2438386.8,7,Very High
SO-213311,77,9,1896535.8,7,Very High
SO-213363,49,5,1512322.8,5,Very High
SO-213377,117,12,2455016.0,9,Very High
SO-213407,106,10,992973.0,9,Very High
SO-213408,121,11,2326805.2,10,Very High
SO-213482,119,12,3757370.2,11,Very High
SO-213483,139,12,2830763.6,11,Very High
SO-213487,102,10,2334510.0,8,Very High
SO-213533,42,6,2180096.0,5,Very High
SO-213544,131,10,2082695.2,10,Very High
SO-213565,109,10,3024040.0,10,Very High
SO-213593,39,4,734204.0,4,Very High
SO-213650,141,10,2667899.2,9,Very High
SO-213661,101,8,1264227.0,6,Very High
SO-213711,58,6,2852925.2,6,Very High
SO-213804,58,5,2618452.0,5,Very High
SO-213844,55,4,429186.0,4,Very High
SO-213852,50,4,1207907.0,4,Very High
SO-213870,40,5,628089.0,5,Very High
SO-213958,63,11,521308.0,10,Very High
SO-214132,64,7,1386526.0,6,Very High
SO-214139,5,1,6785.0,1,Medium
SO-214187,75,7,3455259.0,7,Very High
SO-214289,110,10,2850945.0,8,Very High
SO-214365,3,1,2053.2,1,Low
SO-214366,2,1,28928.0,1,High
SO-214375,143,12,3253143.4,11,Very High
SO-214513,113,11,1557313.0,9,Very High
SO-214549,31,4,682309.2,4,Very High
SO-214598,42,5,2179071.6,4,Very High
SO-214646,67,7,972278.0,7,Very High
SO-214668,59,5,2325560.6,5,Very High
SO-214783,15,1,215040.0,1,Very High
SO-214817,9,2,11965.2,2,High
SO-214819,71,6,3376413.0,5,Very High
SO-214841,13,3,368862.0,3,Very High
SO-214952,103,10,1981885.5999999999,8,Very High
SO-214988,105,10,5540287.0,8,Very High
SO-215138,117,9,1947387.2,6,Very High
SO-215191,55,4,892603.0,4,Very High
SO-215196,55,8,1231680.8,8,Very High
SO-215229,70,5,1046561.6,4,Very High
SO-215329,64,6,1433364.8,6,Very High
SO-215336,48,4,955797.0,4,Very High
SO-215426,63,5,2888077.2,5,Very High
SO-215435,87,8,4107720.0,8,Very High
SO-215576,50,4,1886115.2,3,Very High
SO-215589,23,2,88146.0,2,Very High
SO-215725,72,8,3596941.0,8,Very High
SO-215730,18,4,626531.6,4,Very High
SO-215765,81,11,3661027.6,7,Very High
SO-215814,78,10,773436.0,10,Very High
SO-215919,116,12,1841725.4,9,Very High
SO-215958,87,10,1733549.0,9,Very High
SO-215960,127,11,2071924.2,7,Very High
SO-215986,14,1,267008.0,1,Very High
SO-216028,60,6,409129.4,6,Very High
SO-216029,23,2,245339.0,2,Very High
SO-216039,135,12,4430131.0,11,Very High
SO-216047,53,5,930166.0,5,Very High
SO-216078,30,4,1562752.0,4,Very High
SO-216160,142,12,1922120.8,9,Very High
SO-216378,20,1,34220.0,1,High
SO-216391,75,7,1191617.4,6,Very High
SO-216480,160,12,2504910.0,11,Very High
SO-216586,84,6,1358436.4,6,Very High
SO-216635,30,2,572160.0,1,Very High
SO-216671,106,12,2464871.8,12,Very High
SO-216724,112,11,1775810.4,8,Very High
SO-216754,101,8,1631681.8,8,Very High
SO-216778,17,3,69207.0,2,Very High
SO-216823,87,8,3018669.6,7,Very High
SO-216827,104,7,795175.2,6,Very High
SO-216867,61,5,348678.0,5,Very High
SO-216943,11,1,4023.8,1,Low
SO-216965,123,11,3787736.0,8,Very High
SO-216969,104,8,1390285.8,6,Very High
SO-217122,63,7,1048176.2,7,Very High
SO-217145,99,8,2375845.4,5,Very High
SO-217200,81,7,847192.8,7,Very High
SO-217321,7,3,320128.0,2,Very High
SO-217451,28,2,244170.6,2,Very High
SO-217472,64,5,2857856.0,4,Very High
SO-217589,72,9,2328630.0,8,Very High
SO-217613,12,3,614656.0,3,Very High
SO-217683,112,9,2339364.8,6,Very High
SO-217749,7,1,413952.0,1,Very High
SO-217758,31,3,349074.0,3,Very High
SO-217773,157,12,4043147.6,7,Very High
SO-217811,112,11,3976505.2,8,Very High
SO-217868,75,6,626281.0,6,Very High
SO-217875,61,7,2023603.2,7,Very High
SO-217944,23,5,512404.2,5,Very High
SO-218019,19,1,10761.6,1,High
SO-218070,84,7,1284646.0,6,Very High
SO-218255,4,1,5900.0,1,Medium
SO-218271,7,1,4790.8,1,Low
SO-218293,25,2,208565.0,2,Very High
SO-218325,154,12,5866872.0,10,Very High
SO-218345,26,3,71862.0,3,Very High
SO-218377,88,8,1172850.0,7,Very High
SO-218380,20,5,1217566.0,5,Very High
SO-218398,8,1,4531.2,1,Low
SO-218405,28,2,689255.0,2,Very High
SO-218406,119,12,4392192.0,11,Very High
SO-218488,143,12,3625441.8,9,Very High
SO-218511,98,9,665848.4,7,Very High
SO-218662,15,3,201216.0,3,Very High
SO-218674,96,8,1299560.6,7,Very High
SO-218796,104,8,1163045.6,7,Very High
SO-218799,76,7,2978051.0,7,Very High
SO-218862,110,11,2608403.0,8,Very High
SO-218908,139,10,552228.0,7,Very High
SO-218909,73,6,1916992.0,5,Very High
SO-218988,98,6,3872438.0,6,Very High
SO-219038,32,3,3420160.0,1,Very High
SO-219070,26,3,61074.0,3,Very High
SO-219151,61,6,269795.2,6,Very High
SO-219190,63,6,1751941.2,6,Very High
SO-219277,34,3,2468224.0,3,Very High
SO-219294,52,5,316922.0,5,Very High
SO-219356,93,10,1880366.4,8,Very High
SO-219376,87,9,2818824.0,8,Very High
SO-219413,76,8,1126816.0,8,Very High
SO-219443,130,11,4294545.0,10,Very High
SO-219450,104,12,5553091.0,10,Very High
SO-219455,42,3,727144.8,3,Very High
SO-219470,81,7,1293925.6,7,Very High
SO-219510,62,6,2897467.0,4,Very High
SO-219565,110,10,4164810.0,9,Very High
SO-219569,11,2,6655.2,2,Medium
SO-219593,36,5,275513.2,4,Very High
SO-219613,112,10,1897008.4,7,Very High
SO-219676,38,2,100217.4,2,Very High
SO-219718,50,8,521866.0,8,Very High
SO-219763,83,10,2282260.4,10,Very High
SO-219766,32,3,722639.0,3,Very High
SO-219825,78,5,317147.4,5,Very High
SO-219847,46,4,3260801.2,4,Very High
SO-219865,120,11,3415781.4,10,Very High
SO-219922,96,9,1128917.6,6,Very High
SO-219975,20,1,216320.0,1,Very High
SO-220036,95,10,1914010.0,8,Very High
SO-220058,47,3,928552.8,3,Very High
SO-220086,58,7,156645.0,7,Very High
SO-220091,85,8,1399402.0,7,Very High
SO-220093,79,12,1156467.4,8,Very High
SO-220182,11,1,491392.0,1,Very High
SO-220226,10,1,26550.0,1,High
SO-220228,71,10,2319044.0,9,Very High
SO-220236,110,9,1733206.0,8,Very High
SO-220253,27,2,49619.0,2,High
SO-220265,62,7,991607.4,7,Very High
SO-220308,49,4,424436.4,4,Very High
SO-220331,77,8,473296.6,7,Very High
SO-220336,38,6,2491862.4,5,Very High
SO-220407,11,2,234368.0,2,Very High
SO-220499,116,10,2607808.0,7,Very High
SO-220642,73,4,2879916.0,4,Very High
SO-220680,86,9,1006921.6,9,Very High
SO-220704,114,12,1749411.4000000001,10,Very High
SO-220788,28,4,1195280.0,4,Very High
SO-220794,118,10,3405294.0,10,Very High
SO-220798,23,4,70064.0,4,Very High
SO-220800,47,4,1060480.0,4,Very High
SO-220803,58,5,2270604.8,5,Very High
SO-220871,44,4,945536.0,4,Very High
SO-220898,90,9,3185599.2,8,Very High
SO-220905,50,5,1533368.0,5,Very High
SO-220912,109,8,2928884.4000000004,6,Very High
SO-220913,50,6,578397.0,6,Very High
SO-220951,103,7,1801315.4,7,Very High
SO-220964,24,3,160562.2,3,Very High
SO-220995,117,10,3983555.0,9,Very High
SO-221034,86,10,1454696.4,10,Very High
SO-221042,78,7,1642162.6,6,Very High
SO-221110,26,2,538432.0,2,Very High
SO-221123,83,8,1892809.8,7,Very High
SO-221138,85,8,839825.8,8,Very High
SO-221160,39,6,924934.0,6,Very High
SO-221190,132,11,5395487.4,10,Very High
SO-221199,77,7,2071289.8,7,Very High
SO-221240,124,12,2204317.4,12,Very High
SO-221289,105,10,1931700.0,9,Very High
SO-221300,107,12,577811.6,9,Very High
SO-221341,34,4,904896.0,4,Very High
SO-221402,91,9,1926114.2,9,Very High
SO-221413,81,6,1114974.0,6,Very High
SO-221460,42,7,255242.0,7,Very High
SO-221476,3,1,152832.0,1,Very High
SO-221506,64,5,3254100.6,5,Very High
SO-221587,113,11,1507548.0,10,Very High
SO-221618,44,3,1467968.0,3,Very High
SO-221627,30,3,111155.0,3,Very High
SO-221741,121,10,1238680.0,6,Very High
SO-221744,19,2,631405.0,2,Very High
SO-221767,26,4,288636.0,3,Very High
SO-221801,30,2,32190.4,2,High
SO-221806,114,11,2480871.0,10,Very High
SO-221895,87,7,1222162.0,7,Very High
SO-221908,103,9,1546962.4,8,Very High
SO-221968,51,4,1165779.0,4,Very High
SO-221983,50,6,298235.6,5,Very High
SO-222072,10,2,33736.2,2,High
SO-222073,99,12,1418956.4,7,Very High
SO-222074,75,8,1436741.6,8,Very High
SO-222083,21,2,201757.0,2,Very High
SO-222091,52,5,2537485.1999999997,5,Very High
SO-222111,90,12,2661218.2,11,Very High
SO-222120,21,3,690142.0,3,Very High
SO-222163,124,12,4131622.8,11,Very High
SO-222173,74,10,1297000.6,8,Very High
SO-222176,92,8,1855541.0,7,Very High
SO-222243,96,9,3215489.8,8,Very High
SO-222272,64,8,1702072.0,8,Very High
SO-222322,74,6,1244312.2,5,Very High
SO-222336,84,8,1506891.6,6,Very High
SO-222379,66,5,2025680.4,5,Very High
SO-222419,136,10,1290310.6,9,Very High
SO-222518,129,11,3673476.0,10,Very High
SO-222550,156,12,5265141.4,11,Very High
SO-222569,36,3,629376.0,3,Very High
SO-222621,38,3,85727.0,3,Very High
SO-222639,88,7,1714589.8,5,Very High
SO-222657,74,6,1708930.0,6,Very High
SO-222699,77,7,374680.8,7,Very High
SO-222714,55,5,2016574.0,5,Very High
SO-222760,39,5,549559.0,5,Very High
SO-222768,62,8,742877.0,8,Very High
SO-222771,28,2,675016.0,2,Very High
SO-222781,108,11,1482353.0,11,Very High
SO-222799,70,8,1536946.0,7,Very High
SO-222812,68,8,934302.0,7,Very High
SO-222816,98,10,2732621.2,7,Very High
SO-222822,61,7,661740.0,5,Very High
SO-222837,16,1,265216.0,1,Very High
SO-222868,47,5,1174656.0,5,Very High
SO-222903,100,11,4185201.6,9,Very High
SO-222943,1,1,12036.0,1,High
SO-222954,76,6,1948696.0,6,Very High
SO-223009,43,4,3527009.6,4,Very High
SO-223076,79,7,749430.0,5,Very High
SO-223086,112,11,2537597.0,11,Very High
SO-223152,122,10,1110742.6,9,Very High
SO-223163,51,5,59771.59999999999,3,Very High
SO-223202,110,10,2733128.8,9,Very High
SO-223320,72,8,480340.4,8,Very High
SO-223423,60,4,3836265.6,4,Very High
SO-223482,132,12,3733975.0,12,Very High
SO-223557,21,2,27010.2,2,High
SO-223600,33,7,511356.0,5,Very High
SO-223675,125,10,4278482.0,8,Very High
SO-223676,76,11,505831.2,8,Very High
SO-223715,33,4,521706.0,4,Very High
SO-223722,25,2,551424.0,2,Very High
SO-223743,137,11,1786226.4,10,Very High
SO-223749,22,4,401362.0,4,Very High
SO-223761,94,8,1724219.0,7,Very High
SO-223792,105,11,3221564.6,10,Very High
SO-223793,42,5,2541067.2,5,Very High
SO-223805,118,11,1904872.0,9,Very High
SO-223832,24,2,161896.0,2,Very High
SO-223845,66,5,3175936.0,5,Very High
SO-223981,82,7,4843628.0,6,Very High
SO-224003,40,8,738109.2,8,Very High
SO-224109,86,8,750331.4,6,Very High
SO-224427,19,2,2094592.0,2,Very High
SO-224486,80,8,1026332.0,5,Very High
SO-224572,11,1,16225.0,1,High
SO-224574,32,2,499717.0,2,Very High
SO-224642,82,6,846530.0,6,Very High
SO-224705,54,5,2281452.0,4,Very High
SO-224715,59,5,371471.0,5,Very High
SO-224745,14,1,713216.0,1,Very High
SO-224809,124,11,4857563.8,10,Very High
SO-224840,126,11,2954696.2,11,Very High
SO-224841,35,3,1907840.0,3,Very High
SO-224928,73,5,1280828.8,5,Very High
SO-224944,79,7,623783.6,6,Very High
SO-224977,72,8,4485659.0,7,Very High
SO-224981,34,4,889765.0,3,Very High
SO-224997,58,8,2385980.8,7,Very High
SO-225107,153,11,4097614.8,8,Very High
SO-225111,104,9,1751732.6,7,Very High
SO-225113,95,12,2713702.8,9,Very High
SO-225194,96,8,1919323.4,6,Very High
SO-225206,84,5,1206533.0,4,Very High
SO-225229,135,12,3757295.5999999996,8,Very High
SO-225240,74,9,977242.4,9,Very High
SO-225248,53,6,1001092.2,5,Very High
SO-225250,128,12,3137833.4,8,Very High
SO-225305,48,8,3508084.8,7,Very High
SO-225327,89,7,681191.4,6,Very High
SO-225373,73,7,1417456.0,6,Very High
SO-225387,107,11,3036259.2,10,Very High
SO-225401,86,8,557499.4,5,Very High
SO-225464,28,2,18172.0,2,High
SO-225483,106,10,1886901.6,8,Very High
SO-225564,22,2,10277.8,2,High
SO-225600,132,11,2656334.0,10,Very High
SO-225608,30,4,702698.8,4,Very High
SO-225647,10,2,123836.0,2,Very High
SO-225753,114,9,1912130.8,7,Very High
SO-225838,12,2,485632.0,2,Very High
SO-225884,48,3,253841.6,3,Very High
SO-225903,133,10,3300271.0,10,Very High
SO-225936,74,10,737183.4,9,Very High
SO-226009,138,11,5302098.4,9,Very High
SO-226165,36,5,237464.2,5,Very High
SO-226187,43,4,920832.0,4,Very High
SO-226195,47,4,1021312.0,3,Very High
SO-226196,33,4,1432737.0,4,Very High
SO-226221,68,8,570610.8,7,Very High
SO-226243,119,10,609413.8,8,Very High
SO-226245,96,9,1295781.6,8,Very High
SO-226301,14,2,582093.0,2,Very High
SO-226323,103,11,3661197.2,10,Very High
SO-226326,46,5,276158.4,5,Very High
SO-226347,88,9,2379304.0,7,Very High
SO-226361,21,3,699200.0,3,Very High
SO-226367,89,8,3683220.8,6,Very High
SO-226373,107,12,4541860.0,8,Very High
SO-226675,61,6,1052789.6,5,Very High
SO-226713,33,3,297227.8,3,Very High
SO-226769,29,2,10608.2,1,High
SO-226811,11,1,388608.0,1,Very High
SO-226825,63,6,1403672.2,6,Very High
SO-226828,59,5,441388.0,4,Very High
SO-226858,102,12,1804417.0,10,Very High
SO-226902,139,10,4916302.6,9,Very High
SO-226992,59,5,869720.0,4,Very High
SO-227023,98,10,2026186.8,8,Very High
SO-227050,27,2,276502.0,2,Very High
SO-227077,42,6,353600.8,5,Very High
SO-227101,18,1,504576.0,1,Very High
SO-227114,91,7,3179135.2,6,Very High
SO-227138,123,12,1441072.8,11,Very High
SO-227188,110,12,1623254.4,12,Very High
SO-227234,39,4,982000.8,4,Very High
SO-227254,67,9,1287373.8,8,Very High
SO-227275,8,2,192256.0,2,Very High
SO-227290,108,12,2631067.6,8,Very High
SO-227356,53,5,3018176.0,4,Very High
SO-227394,79,10,2334100.4,9,Very High
SO-227581,83,8,2548537.6,8,Very High
SO-227614,129,10,3727931.8,9,Very High
SO-227635,42,4,443292.0,3,Very High
SO-227689,66,6,1170587.0,6,Very High
SO-227715,86,6,3486976.0,6,Very High
SO-227789,39,3,924800.0,3,Very High
SO-227811,100,9,831797.6,9,Very High
SO-227835,118,10,1488101.0,8,Very High
SO-227899,140,10,7746595.0,8,Very High
SO-227918,50,3,226076.0,3,Very High
SO-227970,76,9,1777444.6,9,Very High
SO-227992,119,12,3625427.8000000003,11,Very High
SO-227993,15,1,420480.0,1,Very High
SO-228041,8,1,173056.0,1,Very High
SO-228047,83,7,751340.6,7,Very High
SO-228076,42,6,1597815.0,6,Very High
SO-228127,112,11,6541864.4,10,Very High
SO-228128,77,7,615815.8,6,Very High
SO-228129,94,10,1666456.0,10,Very High
SO-228141,140,12,3265072.8,10,Very High
SO-228229,9,2,198528.0,2,Very High
SO-228265,5,1,13275.0,1,High
SO-228318,62,7,1871788.0,6,Very High
SO-228344,72,6,1132953.6,6,Very High
SO-228394,14,1,232064.0,1,Very High
SO-228409,20,2,37070.0,2,High
SO-228578,13,1,1980160.0,1,Very High
SO-228580,18,1,916992.0,1,Very High
SO-228597,103,9,2215327.4,8,Very High
SO-228633,41,4,278354.0,4,Very High
SO-228683,27,3,34007.6,3,High
SO-228730,44,5,1154728.0,4,Very High
SO-228734,69,6,1215300.0,5,Very High
SO-228780,45,3,410604.0,3,Very High
SO-228883,54,5,2100864.0,5,Very High
SO-228901,16,2,199570.0,2,Very High
SO-229036,119,11,1661180.6,10,Very High
SO-229050,88,9,2186103.0,9,Very High
SO-229132,61,7,1867688.8,7,Very High
SO-229183,27,4,803328.0,4,Very High
SO-229257,40,6,109813.6,5,Very High
SO-229282,74,9,2315183.0,7,Very High
SO-229316,64,9,704784.6,8,Very High
SO-229401,113,8,1397513.8,7,Very High
SO-229407,9,1,252288.0,1,Very High
SO-229431,50,6,657349.6,5,Very High
SO-229467,128,11,2737667.0,10,Very High
SO-229678,64,4,594753.8,4,Very High
SO-229711,52,4,1201265.2,4,Very High
SO-229787,84,11,709908.2,10,Very High
SO-229823,3,1,7965.0,1,Medium
SO-229852,141,10,3939404.0,8,Very High
SO-229897,138,11,2918633.4,10,Very High
SO-229921,27,3,162971.0,3,Very High
SO-229962,25,2,29606.2,2,High
SO-229967,99,7,1424759.6,7,Very High
SO-229987,54,3,826378.0,3,Very High
SO-230043,74,6,887188.0,6,Very High
SO-230144,101,11,2026330.0,9,Very High
SO-230211,30,2,19753.2,2,High
SO-230256,24,2,366144.0,2,Very High
SO-230260,89,10,2365300.8,9,Very High
SO-230272,6,2,6631.6,2,Medium
SO-230284,118,12,1258418.4,10,Very High
SO-230327,48,6,518733.19999999995,5,Very High
SO-230329,77,8,1106123.4,8,Very High
SO-230460,92,7,3127560.0,7,Very High
SO-230499,27,3,486016.0,3,Very High
SO-230529,79,9,2657880.8,9,Very High
SO-230551,119,11,3251532.0,10,Very High
SO-230558,45,4,1357312.0,4,Very High
SO-230561,46,3,2580992.0,2,Very High
SO-230625,93,9,2612641.8,9,Very High
SO-230643,121,11,2238668.0,9,Very High
SO-230687,98,8,3075704.0,7,Very High
SO-230733,86,7,2187545.8,6,Very High
SO-230750,45,6,1654635.0,4,Very High
SO-230751,19,3,221157.4,3,Very High
SO-230850,95,8,1841619.4,8,Very High
SO-230867,28,3,469888.0,3,Very High
SO-230923,91,9,698250.6,7,Very High
SO-230928,85,9,3337499.0,8,Very High
SO-230929,145,12,6300186.0,8,Very High
SO-230935,119,11,4018484.0,9,Very High
SO-230953,105,10,1819803.0,9,Very High
SO-230954,80,9,2686645.6,8,Very High
SO-230955,37,4,98932.0,2,Very High
SO-230963,39,5,1375507.8,5,Very High
SO-230981,111,11,2027290.6,11,Very High
SO-231023,43,9,986016.0,8,Very High
SO-231047,37,3,708507.0,3,Very High
SO-231052,76,9,1868199.7999999998,9,Very High
SO-231098,102,10,3526809.4,9,Very High
SO-231105,60,6,633817.0,6,Very High
SO-231207,11,1,118976.0,1,Very High
SO-231233,41,3,539194.0,3,Very High
SO-231253,129,12,3065627.8,10,Very High
SO-231288,90,11,1273572.0,8,Very High
SO-231296,29,2,236472.0,2,Very High
SO-231297,103,10,2702110.0,8,Very High
SO-231303,38,5,652806.0,5,Very High
SO-231363,68,5,3270912.0,5,Very High
SO-231413,51,6,964255.0,6,Very High
SO-231455,7,1,116032.0,1,Very High
SO-231626,128,12,2864080.6,11,Very High
SO-231697,33,3,934784.0,3,Very High
SO-231755,108,12,3589167.0,11,Very High
SO-231796,83,10,3835431.6,9,Very High
SO-231855,89,8,2961629.8,8,Very High
SO-231952,25,3,299745.6,3,Very High
SO-232002,65,6,1650084.8,6,Very High
SO-232014,126,11,4519943.0,9,Very High
SO-232194,72,8,2865851.2,8,Very High
SO-232226,21,2,875284.0,2,Very High
SO-232322,56,5,1005752.6,5,Very High
SO-232341,94,11,922641.2,11,Very High
SO-232344,16,1,2437120.0,1,Very High
SO-232354,74,6,1432784.0,5,Very High
SO-232357,54,6,754460.4,5,Very High
SO-232358,121,10,2669277.0,9,Very High
SO-232361,92,8,2417317.8,7,Very High
SO-232372,26,3,1461812.0,3,Very High
SO-232406,76,7,1119613.8,6,Very High
SO-232459,95,9,995457.0,8,Very High
SO-232484,16,1,9817.6,1,Medium
SO-232503,78,7,2794382.4,7,Very High
SO-232519,16,2,12791.2,2,High
SO-232526,87,6,3551092.0,5,Very High
SO-232565,79,7,4316395.0,6,Very High
SO-232641,59,5,2442708.4,4,Very High
SO-232654,46,5,1016781.8,5,Very High
SO-232660,114,9,863523.0,9,Very High
SO-232665,104,11,5163323.2,9,Very High
SO-232671,24,3,1099102.0,3,Very High
SO-232788,61,5,4824860.0,4,Very High
SO-232828,103,11,1495631.6,10,Very High
SO-232832,112,11,1057953.2,10,Very High
SO-232835,108,8,5948912.4,7,Very High
SO-232919,78,10,2227980.0,8,Very High
SO-232926,78,9,1265714.0,8,Very High
SO-232947,42,4,345660.8,4,Very High
SO-232992,52,5,1061096.2,5,Very High
SO-233005,23,2,270800.0,2,Very High
SO-233043,64,10,1705651.4,8,Very High
SO-233076,128,11,2841310.8,10,Very High
SO-233118,46,7,1098024.6,7,Very High
SO-233150,87,8,888713.8,6,Very High
SO-233203,33,3,347572.2,3,Very High
SO-233225,93,9,794163.0,8,Very High
SO-233286,18,1,166734.0,1,Very High
SO-233357,80,6,1219495.6,4,Very High
SO-233391,103,8,776239.8,7,Very High
SO-233421,46,4,593417.0,4,Very High
SO-233618,11,2,622720.0,2,Very High
SO-233652,17,1,367744.0,1,Very High
SO-233671,93,8,1527730.4,6,Very High
SO-233687,108,11,2498344.0,10,Very High
SO-233701,26,3,572557.0,3,Very High
SO-233747,29,3,1122880.0,3,Very High
SO-233774,50,8,269115.4,5,Very High
SO-233788,57,6,887931.0,6,Very High
SO-233796,8,1,282624.0,1,Very High
SO-233847,2,1,1132.8,1,Low
SO-233897,24,4,274539.0,4,Very High
SO-233970,113,12,1412501.2,10,Very High
SO-233978,112,9,2521872.6,9,Very High
SO-233986,42,3,691183.0,3,Very High
SO-234002,43,4,284216.0,3,Very High
SO-234075,109,11,1315150.4,7,Very High
SO-234082,116,11,2737762.0,11,Very High
SO-234172,102,7,2393294.0,6,Very High
SO-234218,99,12,1821083.2,11,Very High
SO-234220,103,12,1681924.6,10,Very High
SO-234229,49,3,1225524.0,3,Very High
SO-234273,66,8,804213.0,8,Very High
SO-234319,125,12,4542763.0,11,Very High
SO-234422,25,3,171956.0,3,Very High
SO-234426,19,2,765696.0,2,Very High
SO-234475,26,4,880000.0,4,Very High
SO-234480,55,6,1245850.8,6,Very High
SO-234507,62,5,1801070.0,4,Very High
SO-234607,47,4,692411.0,4,Very High
SO-234615,40,5,726317.0,5,Very High
SO-234629,19,1,595840.0,1,Very High
SO-234655,28,2,340847.0,2,Very High
SO-234725,117,9,990787.8,9,Very High
SO-234727,40,3,772592.8,3,Very High
SO-234731,113,10,1548642.2,9,Very High
SO-234750,112,8,2574129.6,7,Very High
SO-234827,124,8,1705520.8,8,Very High
SO-234866,64,5,312632.2,4,Very High
SO-234923,105,10,1121771.6,8,Very High
SO-234940,100,12,2623343.4,11,Very High
SO-234964,102,9,3135224.0,6,Very High
SO-235011,79,9,2760816.8,6,Very High
SO-235087,85,8,1195114.0,7,Very High
SO-235091,12,2,70343.0,2,Very High
SO-235358,138,12,1982236.8,8,Very High
SO-235375,106,10,1004039.0,9,Very High
SO-235401,20,1,53100.0,1,Very High
SO-235423,55,5,1614354.0,4,Very High
SO-235462,102,10,2206914.0,9,Very High
SO-235488,77,6,3007360.0,4,Very High
SO-235533,33,5,171089.6,5,Very High
SO-235578,45,6,998382.8,6,Very High
SO-235589,154,11,4923278.0,9,Very High
SO-235629,12,2,219424.0,2,Very High
SO-235630,34,3,1148562.0,2,Very High
SO-235695,42,4,1846008.0,4,Very High
SO-235724,71,8,828523.6,8,Very High
SO-235856,45,4,539619.0,4,Very High
SO-235892,97,8,3328570.0,6,Very High
SO-235940,18,2,29854.0,2,High
SO-236002,17,1,11634.8,1,High
SO-236009,46,7,702881.8,7,Very High
SO-236184,38,3,348701.0,3,Very High
SO-236230,83,10,2255657.6,9,Very High
SO-236241,55,7,2358645.4,5,Very High
SO-236245,58,8,1013470.6,7,Very High
SO-236263,6,1,211968.0,1,Very High
SO-236265,53,4,292230.4,4,Very High
SO-236298,53,6,1803648.0,6,Very High
SO-236379,132,12,1821448.0,10,Very High
SO-236468,52,5,375489.2,4,Very High
SO-236527,16,4,208233.0,4,Very High
SO-236576,102,10,1885322.7999999998,10,Very High
SO-236737,14,1,267008.0,1,Very High
SO-236798,21,2,340224.0,2,Very High
SO-236839,84,7,1671336.0,7,Very High
SO-236932,74,9,1846803.0,7,Very High
SO-237015,53,7,1075466.0,7,Very High
SO-237051,107,12,3334089.6,9,Very High
SO-237230,29,3,672620.8,3,Very High
SO-237318,55,6,1205631.0,4,Very High
SO-237378,51,4,1106688.0,4,Very High
SO-237437,61,6,2776355.0,6,Very High
SO-237447,134,11,2256949.4,10,Very High
SO-237489,25,3,535478.0,3,Very High
SO-237517,61,6,1713281.2,6,Very High
SO-237518,48,4,531785.6,4,Very High
SO-237524,4,1,203776.0,1,Very High
SO-237594,20,2,181268.8,2,Very High
SO-237778,54,8,2079326.8,8,Very High
SO-237860,29,3,261698.0,3,Very High
SO-237905,11,1,650496.0,1,Very High
SO-237956,12,1,1282560.0,1,Very High
SO-237976,125,10,4137007.0,8,Very High
SO-238054,78,6,4087238.0,6,Very High
SO-238121,53,6,1972041.0,6,Very High
SO-238163,53,5,2067526.8,5,Very High
SO-238190,94,9,1264368.0,8,Very High
SO-238234,42,3,286338.8,3,Very High
SO-238244,24,3,206037.0,3,Very High
SO-238257,22,2,1720346.0,2,Very High
SO-238291,123,11,3160378.8,9,Very High
SO-238411,29,4,638551.0,4,Very High
SO-238481,61,5,875996.0,4,Very High
SO-238595,80,9,833801.6,8,Very High
SO-238632,124,12,2167939.0,8,Very High
SO-238664,145,11,4106340.6,8,Very High
SO-238669,18,3,866661.6,3,Very High
SO-238716,88,7,972307.0,6,Very High
SO-238733,72,5,1615518.0,4,Very High
SO-238741,118,9,2544426.6,8,Very High
SO-238752,78,9,2026609.6,8,Very High
SO-238826,123,9,4665094.6,9,Very High
SO-238830,31,4,708662.0,4,Very High
SO-238865,55,6,772899.2,6,Very High
SO-238975,40,3,1122851.2,3,Very High
SO-239001,101,9,2147274.0,8,Very High
SO-239008,19,2,105959.0,2,Very High
SO-239040,148,12,1732741.2,9,Very High
SO-239070,15,3,59140.0,3,Very High
SO-239103,9,1,15399.0,1,High
SO-239119,94,8,606810.2,7,Very High
SO-239151,4,1,57856.0,1,Very High
SO-239280,131,12,4296912.6,9,Very High
SO-239305,69,6,1677971.2,6,Very High
SO-239324,88,8,1031038.6,7,Very High
SO-239350,34,4,2088200.0,4,Very High
SO-239375,108,10,1309985.0,10,Very High
SO-239391,46,4,964926.8,4,Very High
SO-239694,29,3,487207.0,3,Very High
SO-239844,94,10,2587654.0,8,Very High
SO-239870,100,6,2385299.0,6,Very High
SO-239909,126,11,3590581.0,9,Very High
SO-240076,68,9,1099809.2,8,Very High
SO-240139,73,7,1718394.0,7,Very High
SO-240150,31,3,2213760.0,3,Very High
SO-240190,122,12,1945638.2,9,Very High
SO-240207,22,2,424756.0,2,Very High
SO-240252,144,11,2396764.2,10,Very High
SO-240259,39,5,473802.4,4,Very High
SO-240268,86,6,924789.8,6,Very High
SO-240292,17,1,29087.0,1,High
SO-240316,74,6,1108493.8,6,Very High
SO-240351,91,6,1729376.0,4,Very High
SO-240422,28,4,603072.0,4,Very High
SO-240425,58,7,1356418.6,7,Very High
SO-240429,111,10,2348279.4,9,Very High
SO-240558,68,8,522985.2,7,Very High
SO-240705,15,1,2284800.0,1,Very High
SO-240706,83,9,1446899.6,9,Very High
SO-240738,34,3,2080048.0,3,Very High
SO-240759,103,12,3404957.8,11,Very High
SO-240770,96,8,1552759.8,7,Very High
SO-240782,5,1,254720.0,1,Very High
SO-240826,39,6,1220075.0,5,Very High
SO-241074,106,10,2191597.2,8,Very High
SO-241285,95,9,2312777.2,6,Very High
SO-241291,102,9,1625041.4,6,Very High
SO-241332,65,6,1406143.0,6,Very High
SO-241415,152,12,2949070.2,10,Very High
SO-241444,76,8,2640146.8,8,Very High
SO-241456,57,6,992462.6,6,Very High
SO-241458,101,7,1371130.8,7,Very High
SO-241486,54,6,2616420.0,5,Very High
SO-241529,99,11,1986708.4,10,Very High
SO-241571,17,2,183962.0,2,Very High
SO-241584,24,3,992875.0,3,Very High
SO-241607,99,9,1898954.4,7,Very High
SO-241729,13,2,260197.6,2,Very High
SO-241789,25,3,387460.0,3,Very High
SO-241871,125,10,708307.0,9,Very High
SO-242007,25,3,993896.0,3,Very High
SO-242056,70,7,1013668.8,7,Very High
SO-242084,10,1,3658.0,1,Low
SO-242089,52,5,375805.0,5,Very High
SO-242125,115,10,4261983.2,8,Very High
SO-242188,109,8,4013544.0,7,Very High
SO-242191,27,3,33016.4,3,High
SO-242287,47,5,1816390.4,5,Very High
SO-242335,132,11,4059356.4,10,Very High
SO-242369,95,6,304911.4,4,Very High
SO-242405,67,8,793428.6,8,Very High
SO-242511,64,7,3604120.0,6,Very High
SO-242707,29,2,115344.0,2,Very High
SO-242800,102,11,2124868.8,11,Very High
SO-242847,37,3,1284878.4,3,Very High
SO-242886,97,8,3191091.2,8,Very High
SO-242933,86,7,1966396.0,7,Very High
SO-242977,63,5,3232628.8,4,Very High
SO-242996,38,6,736611.2,4,Very High
SO-243020,20,2,138275.0,2,Very High
SO-243037,26,4,432492.8,4,Very High
SO-243061,27,2,1266176.0,2,Very High
SO-243082,71,7,1514179.4,7,Very High
SO-243094,113,10,3541936.2,10,Very High
SO-243137,102,7,6039104.0,6,Very High
SO-243165,82,8,1415924.4,8,Very High
SO-243273,61,6,739782.4,6,Very High
SO-243312,152,12,2027355.2,11,Very High
SO-243318,61,7,1480527.0,6,Very High
SO-243358,76,7,1880377.0,7,Very High
SO-243516,110,10,1785366.2,8,Very High
SO-243523,124,10,2292190.0,8,Very High
SO-243529,12,1,10195.2,1,High
SO-243534,72,6,3001848.8,6,Very High
SO-243555,103,9,1100449.2,7,Very High
SO-243568,10,1,6844.0,1,Medium
SO-243686,75,9,902192.2,6,Very High
SO-243703,35,3,1621686.0,3,Very High
SO-243760,23,4,550548.8,4,Very High
SO-243761,19,3,206874.0,3,Very High
SO-243777,37,4,165512.4,4,Very High
SO-243811,46,5,460362.4,5,Very High
SO-243827,18,1,15292.8,1,High
SO-243919,119,12,2827874.8,10,Very High
SO-243958,90,11,1681857.8,10,Very High
SO-243979,48,4,2156800.0,4,Very High
SO-244000,59,5,1199176.0,5,Very High
SO-244003,43,3,3165888.0,3,Very High
SO-244047,95,8,1628726.0,7,Very High
SO-244145,11,1,388608.0,1,Very High
SO-244323,12,2,579968.0,2,Very High
SO-244351,74,8,991048.4,7,Very High
SO-244402,137,12,5811158.8,11,Very High
SO-244417,35,5,180186.0,4,Very High
SO-244513,95,9,1536841.8,8,Very High
SO-244515,34,6,346281.2,5,Very High
SO-244526,94,7,2319858.0,5,Very High
SO-244542,41,5,759136.0,5,Very High
SO-244554,24,3,568232.4,3,Very High
SO-244585,35,3,369374.4,3,Very High
SO-244616,103,10,1155644.8,9,Very High
SO-244618,43,3,938192.0,3,Very High
SO-244670,85,7,1589089.0,7,Very High
SO-244680,101,9,2249442.4,8,Very High
SO-244839,96,9,3102614.6,8,Very High
SO-244848,30,2,44946.2,2,High
SO-244884,13,4,186019.2,4,Very High
SO-245048,19,1,532608.0,1,Very High
SO-245090,66,4,808865.0,4,Very High
SO-245185,39,4,1043302.4,3,Very High
SO-245219,52,5,910416.8,4,Very High
SO-245225,141,12,1985326.8,10,Very High
SO-245244,66,7,2201557.0,7,Very High
SO-245312,81,7,3208559.0,7,Very High
SO-245333,8,2,268703.0,2,Very High
SO-245411,119,9,2609004.0,8,Very High
SO-245458,65,5,2620755.0,4,Very High
SO-245474,74,8,521646.4,8,Very High
SO-245501,100,11,2999845.4,10,Very High
SO-245527,72,9,1126437.4,7,Very High
SO-245544,5,1,65920.0,1,Very High
SO-245660,81,6,1000758.2,6,Very High
SO-245674,108,8,3335762.2,7,Very High
SO-245693,16,1,210944.0,1,Very High
SO-245709,153,12,7597278.6,11,Very High
SO-245743,20,2,168019.0,2,Very High
SO-245752,38,3,1374874.0,3,Very High
SO-245757,26,2,639232.0,2,Very High
SO-245766,95,8,1401131.0,8,Very High
SO-245812,72,9,4421741.8,8,Very High
SO-245915,54,5,1331753.0,5,Very High
SO-245922,21,2,543744.0,2,Very High
SO-245942,28,3,320423.0,3,Very High
SO-245959,63,7,2160880.0,5,Very High
SO-245979,16,1,5852.8,1,Medium
SO-245996,129,11,3476096.2,9,Very High
SO-246043,18,2,331264.0,2,Very High
SO-246082,81,10,1046111.8,9,Very High
SO-246090,9,2,15399.0,1,High
SO-246106,43,4,564266.0,4,Very High
SO-246139,39,5,827871.6,5,Very High
SO-246196,173,12,10451981.8,8,Very High
SO-246230,134,12,1631823.2,11,Very High
SO-246236,62,7,2503450.6,7,Very High
SO-246271,128,12,1645248.0,11,Very High
SO-246327,12,3,280216.0,3,Very High
SO-246328,121,9,2188357.8,9,Very High
SO-246335,18,1,194688.0,1,Very High
SO-246399,151,12,4478646.2,10,Very High
SO-246420,61,6,1871040.0,6,Very High
SO-246536,39,3,648758.6,3,Very High
SO-246547,19,1,32509.0,1,High
SO-246580,31,3,276016.0,3,Very High
SO-246586,60,4,1925184.0,4,Very High
SO-246587,58,5,2738572.8,5,Very High
SO-246669,124,11,3786157.0,9,Very High
SO-246803,104,10,1766615.2,10,Very High
SO-246851,120,12,2504292.8,12,Very High
SO-246865,55,5,573357.0,5,Very High
SO-246884,78,6,404068.0,4,Very High
SO-246951,104,12,1106138.8,12,Very High
SO-247004,10,1,17110.0,1,High
SO-247045,97,9,2653487.0,9,Very High
SO-247079,14,2,227136.0,2,Very High
SO-247086,15,1,162240.0,1,Very High
SO-247172,38,4,1442356.0,4,Very High
SO-247196,73,6,726530.2,5,Very High
SO-247255,68,9,872856.8,7,Very High
SO-247328,132,12,1917120.8,12,Very High
SO-247345,33,5,939521.0,5,Very High
SO-247384,123,12,5936809.0,10,Very High
SO-247425,134,11,1755793.2,11,Very High
SO-247465,98,9,1393317.0,6,Very High
SO-247495,119,9,1906658.2,7,Very High
SO-247499,101,8,3697280.0,8,Very High
SO-247563,5,1,108160.0,1,Very High
SO-247615,17,1,29087.0,1,High
SO-247619,11,1,16225.0,1,High
SO-247694,72,8,1896808.0,8,Very High
SO-247763,105,11,3092994.0,9,Very High
SO-247831,99,11,3649544.0,8,Very High
SO-247845,161,12,3871910.6,10,Very High
SO-247911,131,11,2092857.0,10,Very High
SO-248010,96,8,1760659.0,7,Very High
SO-248016,64,9,1450374.8,6,Very High
SO-248055,103,8,1077580.4,7,Very High
SO-248098,57,5,1510653.2,5,Very High
SO-248101,97,9,2832630.0,8,Very High
SO-248109,55,6,1011480.8,6,Very High
SO-248128,4,1,2265.6,1,Low
SO-248259,84,9,1934000.0,9,Very High
SO-248265,9,1,458496.0,1,Very High
SO-248294,101,9,3594467.6,9,Very High
SO-248445,59,7,2354637.0,7,Very High
SO-248548,79,8,3372924.0,7,Very High
SO-248633,81,8,3049212.0,7,Very High
SO-248713,96,12,2466288.6,10,Very High
SO-248801,58,7,1439619.0,7,Very High
SO-248834,47,3,1316224.0,3,Very High
SO-248841,50,6,646939.2,5,Very High
SO-248874,95,9,2581218.0,9,Very High
SO-248876,22,2,307968.0,2,Very High
SO-248878,8,1,11800.0,1,High
SO-248892,39,3,643758.0,3,Very High
SO-249030,34,3,273836.0,3,Very High
SO-249086,47,3,1559603.0,3,Very High
SO-249122,22,2,70036.0,2,Very High
SO-249128,99,9,2949297.2,8,Very High
SO-249159,61,8,728170.8,5,Very High
SO-249195,155,11,3537565.8,10,Very High
SO-249329,15,1,9204.0,1,Medium
SO-249454,6,1,99456.0,1,Very High
SO-249590,58,5,3092443.6,5,Very High
SO-249754,16,1,21712.0,1,High
SO-249769,20,2,7316.0,1,Medium
SO-249782,79,9,5015207.0,8,Very High
SO-249875,121,12,4197007.4,11,Very High
SO-249913,75,8,2999628.8,8,Very High
SO-249973,57,6,1671401.0,6,Very High
SO-249995,48,6,2918793.2,5,Very High
SO-250005,162,12,1394610.8,10,Very High
SO-250090,130,11,1505930.0,9,Very High
SO-250118,12,1,611328.0,1,Very High
SO-250205,19,3,52070.4,2,Very High
SO-250216,86,11,1939960.2,9,Very High
SO-250227,110,11,1995143.7999999998,10,Very High
SO-250229,104,9,2746633.2,9,Very High
SO-250239,120,11,2186424.4,9,Very High
SO-250272,83,10,2105441.6,10,Very High
SO-250282,32,4,311188.0,4,Very High
SO-250309,134,10,978447.0,7,Very High
SO-250313,91,8,2276175.6,8,Very High
SO-250408,113,12,5830507.0,9,Very High
SO-250418,18,1,260352.0,1,Very High
SO-250424,7,1,92288.0,1,Very High
SO-250462,97,8,5321556.8,7,Very High
SO-250482,105,10,885280.6,9,Very High
SO-250517,47,3,1443368.8,3,Very High
SO-250543,105,11,1907294.2,8,Very High
SO-250597,8,1,407552.0,1,Very High
SO-250674,53,5,1073246.8,5,Very High
SO-250677,95,9,1247250.6,8,Very High
SO-250697,64,7,2500492.0,6,Very High
SO-250777,31,3,817792.0,3,Very High
SO-250781,56,5,1791980.0,4,Very High
SO-250846,137,12,4948598.2,12,Very High
SO-250869,109,10,1127704.0,8,Very High
SO-250923,88,10,3148025.2,10,Very High
SO-250931,54,5,1252413.8,5,Very High
SO-250942,134,11,6474399.2,10,Very High
SO-251023,84,8,2262587.0,7,Very High
SO-251093,39,3,997020.0,3,Very High
SO-251103,37,3,500105.0,2,Very High
SO-251125,16,3,292565.0,2,Very High
SO-251129,39,2,1830144.0,2,Very High
SO-251167,58,6,611714.4,6,Very High
SO-251223,105,10,3232934.4,9,Very High
SO-251227,91,7,3513691.0,7,Very High
SO-251229,11,2,27671.0,2,High
SO-251262,83,6,861922.6,5,Very High
SO-251283,24,2,55536.0,2,Very High
SO-251285,59,6,977191.4,6,Very High
SO-251310,137,11,1824333.8,10,Very High
SO-251419,73,7,3791284.0,7,Very High
SO-251430,85,10,1492817.2,7,Very High
SO-251436,26,2,363136.0,2,Very High
SO-251454,100,9,1256067.0,8,Very High
SO-251464,47,5,1465808.6,5,Very High
SO-251613,110,12,1912054.2,9,Very High
SO-251629,1,1,10816.0,1,High
SO-251659,127,12,4038795.0,11,Very High
SO-251695,15,2,567228.0,2,Very High
SO-251723,39,3,1261824.0,3,Very High
SO-251763,50,5,2066539.0,5,Very High
SO-251766,97,11,1043789.0,7,Very High
SO-251902,23,3,2155403.2,3,Very High
SO-252024,139,12,4022675.2,11,Very High
SO-252039,55,4,904725.4,4,Very High
SO-252065,12,3,56188.6,3,Very High
SO-252092,102,10,2429098.0,8,Very High
SO-252137,46,6,795851.8,5,Very High
SO-252160,68,6,4003156.2,6,Very High
SO-252163,31,3,204081.0,2,Very High
SO-252313,120,11,2359899.0,10,Very High
SO-252323,43,5,783531.0,5,Very High
SO-252361,22,3,260928.0,3,Very High
SO-252400,120,10,4529594.2,10,Very High
SO-252464,41,3,460829.0,3,Very High
SO-252523,67,8,2908532.0,8,Very High
SO-252556,68,6,1028306.4,6,Very High
SO-252634,71,8,1131548.0,7,Very High
SO-252681,47,5,306311.4,5,Very High
SO-252700,77,6,1439248.4,5,Very High
SO-252702,62,6,999626.0,5,Very High
SO-252772,10,2,99055.0,2,Very High
SO-252795,150,10,2237893.6,9,Very High
SO-252851,127,10,3672588.0,10,Very High
SO-252858,109,9,2035162.0,8,Very High
SO-252884,37,4,305696.4,4,Very High
SO-252908,42,3,1575497.0,2,Very High
SO-252933,75,8,1781870.2,8,Very High
SO-253042,140,12,3937066.0,11,Very High
SO-253046,4,1,2737.6,1,Low
SO-253136,91,9,839582.0,8,Very High
SO-253164,119,11,4872729.4,9,Very High
SO-253246,58,6,96963.0,5,Very High
SO-253409,72,7,637703.2,7,Very High
SO-253414,32,4,206269.2,4,Very High
SO-253461,68,9,756821.0,8,Very High
SO-253491,79,7,1809265.8,7,Very High
SO-253690,8,2,324062.0,2,Very High
SO-253706,83,8,4105331.4,7,Very High
SO-253719,144,12,2653595.4,10,Very High
SO-253895,1,1,14464.0,1,High
SO-254140,107,11,3079395.2,11,Very High
SO-254259,35,4,241064.6,4,Very High
SO-254261,102,11,2465723.6,9,Very High
SO-254290,40,6,3482838.4,5,Very High
SO-254296,51,5,1757828.0,5,Very High
SO-254304,67,7,754284.0,6,Very High
SO-254328,136,11,3210586.2,9,Very High
SO-254333,147,12,3074107.0,11,Very High
SO-254444,134,11,3224873.0,9,Very High
SO-254487,14,2,281783.2,2,Very High
SO-254509,80,8,1024938.0,8,Very High
SO-254521,80,6,3136227.0,6,Very High
SO-254561,33,3,49837.6,3,High
SO-254580,13,1,171392.0,1,Very High
SO-254642,82,9,1709196.8,9,Very High
SO-254661,9,1,15399.0,1,High
SO-254667,8,1,5475.2,1,Medium
SO-254689,45,3,634880.8,3,Very High
SO-254699,56,4,800397.8,4,Very High
SO-254700,69,5,1458818.6,5,Very High
SO-254883,22,2,1613525.0,2,Very High
SO-254887,39,2,73272.0,2,Very High
SO-254889,96,10,843720.2,9,Very High
SO-254896,116,10,2693579.8,7,Very High
SO-255036,92,7,3154132.0,7,Very High
SO-255111,73,6,952096.8,6,Very High
SO-255129,100,11,1666769.6,9,Very High
SO-255142,20,1,34220.0,1,High
SO-255172,32,4,1028470.0,4,Very High
SO-255263,48,6,894158.0,5,Very High
SO-255264,26,2,768128.0,2,Very High
SO-255281,81,8,1934660.8,8,Very High
SO-255289,65,8,2789584.4,8,Very High
SO-255296,42,3,1043107.0,3,Very High
SO-255304,70,5,368618.0,4,Very High
SO-255307,113,11,2944972.4,10,Very High
SO-255312,44,4,1128563.0,4,Very High
SO-255334,97,10,2008711.0,9,Very High
SO-255345,117,10,5692634.4,9,Very High
SO-255367,73,8,1431308.0,7,Very High
SO-255372,45,5,1047269.0,3,Very High
SO-255420,51,4,391525.8,4,Very High
SO-255441,91,7,1700178.8,6,Very High
SO-255443,48,4,3887632.0,3,Very High
SO-255462,117,12,632635.0,8,Very High
SO-255471,1,1,13184.0,1,High
SO-255489,18,2,57171.0,2,Very High
SO-255516,77,8,1808129.0,8,Very High
SO-255530,109,7,4634428.8,6,Very High
SO-255611,121,10,4280877.2,8,Very High
SO-255620,15,2,660736.0,2,Very High
SO-255639,124,11,2024762.4000000001,10,Very High
SO-255666,137,10,3249872.0,7,Very High
SO-255668,124,12,2626175.8,10,Very High
SO-255749,17,2,346477.8,2,Very High
SO-255771,44,7,789254.4,6,Very High
SO-255794,57,7,1468327.0,6,Very High
SO-255818,60,7,736518.0,7,Very High
SO-255877,74,7,1225309.0,5,Very High
SO-255886,103,9,2096228.0,8,Very High
SO-255906,74,8,2021047.6,7,Very High
SO-255951,67,6,1568896.0,4,Very High
SO-255976,4,1,5428.0,1,Medium
SO-255983,80,10,1030234.2,9,Very High
SO-256033,38,4,1976940.0,2,Very High
SO-256040,22,3,469388.8,3,Very High
SO-256068,73,7,1769980.0,6,Very High
SO-256246,129,12,2150715.2,10,Very High
SO-256301,116,10,1515131.0,7,Very High
SO-256311,98,9,1807736.0,8,Very High
SO-256337,95,10,1256757.0,10,Very High
SO-256396,66,8,522215.2,6,Very High
SO-256405,29,3,436680.0,3,Very High
SO-256454,11,1,209792.0,1,Very High
SO-256510,95,9,1581249.2,8,Very High
SO-256515,136,12,4855320.4,11,Very High
SO-256526,71,4,1580574.0,4,Very High
SO-256558,26,2,376064.0,1,Very High
SO-256673,22,2,1878272.0,2,Very High
SO-256783,67,7,1505135.0,5,Very High
SO-256814,22,2,62892.0,2,Very High
SO-256850,34,2,817689.6,2,Very High
SO-256951,45,5,913912.0,5,Very High
SO-257046,49,6,554212.2,6,Very High
SO-257106,55,5,1153779.2,5,Very High
SO-257107,93,7,3693100.6,7,Very High
SO-257152,42,4,423537.0,4,Very High
SO-257214,67,7,1616827.4,6,Very High
SO-257369,122,12,7839785.0,8,Very High
SO-257421,93,9,2536947.0,8,Very High
SO-257425,78,6,3093257.0,5,Very High
SO-257459,61,5,403112.0,3,Very High
SO-257487,78,8,1415478.6,7,Very High
SO-257552,60,4,220364.8,3,Very High
SO-257558,5,1,65920.0,1,Very High
SO-257611,68,8,390959.8,6,Very High
SO-257705,78,6,3585930.0,6,Very High
SO-257728,85,8,606799.6,7,Very High
SO-257747,74,8,2226213.6,7,Very High
SO-257759,32,4,1120128.0,4,Very High
SO-257795,4,1,5428.0,1,Medium
SO-257952,81,9,1069644.4,8,Very High
SO-257990,31,4,131367.2,4,Very High
SO-258040,38,3,2003372.0,3,Very High
SO-258052,76,8,1741038.8,7,Very High
SO-258079,68,7,2214900.0,7,Very High
SO-258086,116,12,1761405.8,9,Very High
SO-258187,88,7,1779763.0,7,Very High
SO-258233,11,1,145024.0,1,Very High
SO-258240,20,3,114257.0,3,Very High
SO-258357,37,3,509316.4,3,Very High
SO-258362,44,4,56061.8,4,Very High
SO-258479,27,3,482460.8,3,Very High
SO-258530,88,6,3870573.0,6,Very High
SO-258531,101,8,5327293.0,8,Very High
SO-258534,63,6,683922.0,5,Very High
SO-258665,76,7,1271462.0,7,Very High
SO-258701,90,7,4133960.0,6,Very High
SO-258764,130,11,2501304.6,11,Very High
SO-258877,33,3,1034718.0,3,Very High
SO-258900,115,11,2899465.0,10,Very High
SO-258986,96,9,1195102.0,7,Very High
SO-259014,120,11,2686488.8,9,Very High
SO-259043,75,7,1073611.0,6,Very High
SO-259070,99,8,1258685.4,7,Very High
SO-259138,32,3,642464.0,3,Very High
SO-259152,92,9,2124223.8,6,Very High
SO-259304,99,10,1026148.4,8,Very High
SO-259384,59,4,1024632.0,3,Very High
SO-259662,151,12,4533993.0,11,Very High
SO-259680,69,7,962712.2000000001,6,Very High
SO-259711,134,11,1645420.2,9,Very High
SO-259775,13,1,4755.4,1,Low
SO-259868,61,5,516428.0,5,Very High
SO-259896,107,10,1208190.8,8,Very High
SO-259919,42,6,661784.4,6,Very High
SO-259935,29,2,2645372.0,2,Very High
SO-259954,49,4,361361.6,4,Very High
SO-260033,87,7,2242370.0,7,Very High
SO-260167,78,8,1163928.0,8,Very High
SO-260209,116,9,2681267.8,7,Very High
SO-260253,50,4,550209.0,3,Very High
SO-260266,60,8,3223910.0,8,Very High
SO-260302,92,11,917739.8,9,Very High
SO-260305,122,10,2340594.0,8,Very High
SO-260323,10,1,165760.0,1,Very High
SO-260370,105,11,1222995.0,11,Very High
SO-260409,93,9,4149500.2,8,Very High
SO-260424,76,9,797344.0,8,Very High
SO-260432,30,3,306517.0,3,Very High
SO-260437,110,7,4292182.4,7,Very High
SO-260439,36,4,2342052.8,4,Very High
SO-260442,121,10,4181426.0,10,Very High
SO-260472,65,6,1723146.6,6,Very High
SO-260686,49,4,2316302.4,4,Very High
SO-260787,64,7,1166852.8,7,Very High
SO-260805,58,5,1141991.0,5,Very High
SO-260866,16,2,325955.0,2,Very High
SO-260875,23,3,381823.0,3,Very High
SO-260912,100,9,4163590.8,7,Very High
SO-260976,25,2,1881856.0,2,Very High
SO-261062,40,5,655573.0,5,Very High
SO-261128,38,4,998324.0,4,Very High
SO-261215,69,7,704090.8,7,Very High
SO-261361,13,1,7363.2,1,Medium
SO-261411,102,8,3026215.0,7,Very High
SO-261444,23,2,470390.4,2,Very High
SO-261563,98,8,1172841.4,8,Very High
SO-261726,89,6,1212173.0,6,Very High
SO-261823,53,5,3325241.0,4,Very High
SO-261890,92,8,1161711.0,7,Very High
SO-261942,75,7,1783772.8,5,Very High
SO-261962,119,12,2388284.8,10,Very High
SO-261977,60,8,3210994.8,6,Very High
SO-262052,69,7,3221292.4,7,Very High
SO-262065,41,4,858075.0,3,Very High
SO-262248,38,3,313697.0,3,Very High
SO-262334,77,9,591329.2,8,Very High
SO-262345,65,7,597114.0,6,Very High
SO-262376,50,6,248439.2,6,Very High
SO-262389,134,11,4745344.0,10,Very High
SO-262400,2,1,28672.0,1,High
SO-262479,52,7,2611328.0,6,Very High
SO-262550,45,3,610113.2,3,Very High
SO-262574,39,2,300304.0,2,Very High
SO-262709,107,9,2542064.2,9,Very High
SO-262757,119,9,826163.6,9,Very High
SO-262789,46,6,1092114.8,5,Very High
SO-262794,76,5,2062848.0,4,Very High
SO-262818,64,5,351400.8,5,Very High
SO-262853,93,8,2816546.6,7,Very High
SO-262896,25,4,705715.8,4,Very High
SO-263016,94,8,818184.2,7,Very High
SO-263053,33,2,26491.0,2,High
SO-263096,31,5,517316.0,5,Very High
SO-263187,45,5,822468.8,5,Very High
SO-263273,124,12,4196256.2,11,Very High
SO-263352,118,9,1543767.6,7,Very High
SO-263382,52,6,653589.0,6,Very High
SO-263521,6,1,129792.0,1,Very High
SO-263558,51,6,902216.2,6,Very High
SO-263565,27,3,1736833.6,3,Very High
SO-263662,52,4,1635004.0,4,Very High
SO-263718,10,1,313600.0,1,Very High
SO-263720,164,12,2582036.2,9,Very High
SO-263873,133,12,3820328.8,10,Very High
SO-263954,52,4,585498.0,3,Very High
SO-263963,115,8,4619817.6,5,Very High
SO-264008,35,6,650133.6,6,Very High
SO-264038,64,5,3381261.0,5,Very High
SO-264089,42,6,149781.0,5,Very High
SO-264116,97,8,1681215.8,7,Very High
SO-264124,62,6,3401527.8,5,Very High
SO-264149,62,5,899997.6,5,Very High
SO-264210,125,9,6152669.6,8,Very High
SO-264212,59,5,1348955.0,5,Very High
SO-264227,106,12,2253551.4,9,Very High
SO-264274,64,8,1520658.0,5,Very High
SO-264320,19,2,313600.0,2,Very High
SO-264348,67,5,917060.8,5,Very High
SO-264352,117,12,4564237.4,9,Very High
SO-264437,37,3,546489.0,3,Very High
SO-264450,84,8,1293322.4,8,Very High
SO-264466,108,9,1744160.0,8,Very High
SO-264489,1,1,10816.0,1,High
SO-264490,79,8,660221.0,6,Very High
SO-264595,70,8,1099567.2,8,Very High
SO-264624,138,12,1489150.4,11,Very High
SO-264749,90,10,2196882.6,8,Very High
SO-264894,51,5,1455807.2,5,Very High
SO-265036,9,2,39506.4,2,High
SO-265143,73,10,1241396.4,7,Very High
SO-265157,88,7,1238078.8,6,Very High
SO-265163,87,11,1329461.2,9,Very High
SO-265209,60,9,2876248.8,6,Very High
SO-265232,14,1,20650.0,1,High
SO-265255,69,6,751672.0,5,Very High
SO-265293,20,3,488221.0,3,Very High
SO-265299,116,12,2221579.6,10,Very High
SO-265332,45,5,1275647.8,5,Very High
SO-265358,26,3,43943.2,3,High
SO-265485,113,12,3725618.0,12,Very High
SO-265493,120,11,4416980.4,9,Very High
SO-265530,78,8,2566142.0,8,Very High
SO-265548,81,8,4361641.6,8,Very High
SO-265587,66,6,1024932.2,6,Very High
SO-265625,50,4,1439926.8,4,Very High
SO-265630,114,12,1141732.4,10,Very High
SO-265633,102,10,2104673.6,10,Very High
SO-265650,61,4,616831.4,4,Very High
SO-265719,13,2,80771.0,2,Very High
SO-265782,62,7,1295381.0,6,Very High
SO-265851,111,10,4354565.6,9,Very High
SO-265897,58,6,1233876.8,6,Very High
SO-265926,70,6,4772411.0,5,Very High
SO-265956,32,3,205108.0,3,Very High
SO-265961,61,5,2250748.0,4,Very High
SO-266032,127,12,2840355.6,10,Very High
SO-266231,77,8,4578096.8,8,Very High
SO-266345,51,7,2916979.2,6,Very High
SO-266492,48,4,511788.0,4,Very High
SO-266639,39,3,1839259.0,3,Very High
SO-266662,35,4,376035.2,4,Very High
SO-266823,97,10,1465975.0,8,Very High
SO-266827,96,8,2491805.0,6,Very High
SO-266840,139,10,3071637.6,8,Very High
SO-266857,87,9,975821.0,7,Very High
SO-266889,25,4,2299008.0,4,Very High
SO-266900,57,8,1360086.4,8,Very High
SO-266923,27,2,2229888.0,2,Very High
SO-266938,60,8,1974350.0,8,Very High
SO-267034,63,6,1730865.4,5,Very High
SO-267101,105,10,1672081.8,10,Very High
SO-267109,34,5,1804156.0,5,Very High
SO-267110,66,7,799576.4,6,Very High
SO-267126,85,7,2114507.0,5,Very High
SO-267129,136,10,4288046.4,9,Very High
SO-267138,83,9,1664689.0,8,Very High
SO-267143,98,11,2642085.8,9,Very High
SO-267218,69,10,1502722.2,10,Very High
SO-267240,69,5,1866045.2,4,Very High
SO-267298,58,4,1304683.0,4,Very High
SO-267315,86,12,2122928.0,11,Very High
SO-267325,42,4,2093339.6,4,Very High
SO-267417,44,4,918012.0,4,Very High
SO-267521,58,6,754439.4,5,Very High
SO-267547,45,6,872120.8,6,Very High
SO-267590,136,12,1408164.2,12,Very High
SO-267619,51,5,1179123.0,4,Very High
SO-267690,81,7,949747.0,6,Very High
SO-267784,88,8,670266.0,8,Very High
SO-267786,13,2,693760.0,2,Very High
SO-267789,104,10,2365461.2,10,Very High
SO-267805,88,11,2778853.4,10,Very High
SO-267876,105,10,1811169.6,9,Very High
SO-267898,57,4,115050.0,4,Very High
SO-267935,127,10,6739410.4,9,Very High
SO-267937,80,7,435025.8,6,Very High
SO-267974,36,6,279032.2,6,Very High
SO-267975,1,1,1711.0,1,Low
SO-267989,93,9,2737289.6,8,Very High
SO-268010,30,5,293177.0,4,Very High
SO-268019,105,8,2582256.0,7,Very High
SO-268042,49,6,1578433.2,5,Very High
SO-268065,23,3,739564.8,3,Very High
SO-268104,27,2,1497600.0,2,Very High
SO-268133,12,1,17700.0,1,High
SO-268165,71,7,359998.2,7,Very High
SO-268184,68,7,1180381.0,6,Very High
SO-268257,7,3,823360.0,3,Very High
SO-268274,4,2,152064.0,2,Very High
SO-268277,78,8,2164455.8,6,Very High
SO-268279,112,10,3644104.2,8,Very High
SO-268329,11,1,51271.0,1,Very High
SO-268338,116,12,3651163.4,10,Very High
SO-268370,59,5,1782656.0,5,Very High
SO-268446,19,1,205504.0,1,Very High
SO-268488,24,3,56749.6,3,Very High
SO-268564,73,6,208462.8,6,Very High
SO-268588,89,11,2525600.0,10,Very High
SO-268695,81,9,2177676.4,8,Very High
SO-268741,35,5,827722.4,5,Very High
SO-268755,126,11,5880256.0,8,Very High
SO-268776,107,12,1725292.2,9,Very High
SO-268800,11,2,8378.0,2,Medium
SO-268806,52,4,852241.4,4,Very High
SO-268817,16,1,13593.6,1,High
SO-268866,28,7,589289.0,6,Very High
SO-269019,26,3,329161.8,3,Very High
SO-269027,10,2,41487.6,2,High
SO-269035,120,11,3322043.0,9,Very High
SO-269043,121,12,2535638.2,11,Very High
SO-269182,33,2,151264.2,2,Very High
SO-269201,63,7,373364.8,7,Very High
SO-269221,80,6,1759491.0,6,Very High
SO-269237,9,2,317952.0,1,Very High
SO-269295,121,11,1762623.4,11,Very High
SO-269357,38,4,861074.0,4,Very High
SO-269388,98,8,3528484.0,8,Very High
SO-269502,52,7,4353278.0,5,Very High
SO-269587,81,8,2307610.0,7,Very High
SO-269634,54,7,1182176.8,7,Very High
SO-269651,116,11,2688234.8,8,Very High
SO-269652,50,5,510867.6,5,Very High
SO-269682,24,2,156302.4,2,Very High
SO-269736,43,3,267482.0,3,Very High
SO-269774,93,7,1232167.0,7,Very High
SO-269800,33,4,97685.6,3,Very High
SO-269807,116,12,3930046.0,9,Very High
SO-269837,18,4,505521.0,4,Very High
SO-269844,14,1,302848.0,1,Very High
SO-269849,47,3,487993.8,3,Very High
SO-269856,135,11,1431761.2,10,Very High
SO-269991,111,10,6525703.6,9,Very High
SO-270039,53,5,871950.0,5,Very High
SO-270050,59,3,3348683.6,3,Very High
SO-270054,48,4,1405244.0,4,Very High
SO-270100,38,4,984158.0,4,Very High
SO-270180,8,2,176128.0,2,Very High
SO-270259,118,12,3161319.0,11,Very High
SO-270313,20,1,12272.0,1,High
SO-270363,117,10,2171854.0,10,Very High
SO-270394,5,1,71680.0,1,Very High
SO-270411,142,12,2817939.0,10,Very High
SO-270535,70,8,1545842.0,7,Very High
SO-270886,67,9,1372936.6,7,Very High
SO-270925,97,10,1884187.0,9,Very High
SO-270928,28,3,175552.0,3,Very High
SO-271005,18,2,205461.6,2,Very High
SO-271016,163,11,2425997.8,10,Very High
SO-271025,17,4,509157.6,4,Very High
SO-271059,26,4,122040.4,4,Very High
SO-271067,109,9,3791485.6,7,Very High
SO-271089,68,8,1220129.2,7,Very High
SO-271094,128,12,3915057.2,9,Very High
SO-271102,20,3,362934.4,2,Very High
SO-271136,39,4,812547.0,4,Very High
SO-271143,82,10,2600966.0,8,Very High
SO-271147,166,12,8483662.0,10,Very High
SO-271192,7,1,3964.8,1,Low
SO-271204,53,5,1378510.0,4,Very High
SO-271302,69,7,575850.4,7,Very High
SO-271351,73,9,1238661.0,7,Very High
SO-271479,71,7,720160.0,6,Very High
SO-271521,99,8,3255890.0,8,Very High
SO-271558,76,6,1929331.0,6,Very High
SO-271609,118,8,1944502.6,7,Very High
SO-271619,43,3,510446.4,3,Very High
SO-271696,51,8,1578717.0,8,Very High
SO-271716,72,7,1031924.0,7,Very High
SO-271754,37,8,710499.2,7,Very High
SO-271759,28,3,2085133.0,3,Very High
SO-271834,83,10,1416782.2000000002,10,Very High
SO-271844,114,10,4103558.0,8,Very High
SO-271920,21,2,188472.0,2,Very High
SO-271924,19,1,848768.0,1,Very High
SO-271951,128,12,3711246.0,8,Very High
SO-271987,49,4,314945.6,4,Very High
SO-272035,80,9,1890472.0,9,Very High
SO-272196,25,3,373232.0,3,Very High
SO-272221,15,2,741248.0,2,Very High
SO-272256,95,9,4449330.0,9,Very High
SO-272288,82,9,1094879.8,7,Very High
SO-272341,49,3,2313199.0,3,Very High
SO-272441,111,9,3903046.4,9,Very High
SO-272523,58,6,1825328.0,5,Very High
SO-272525,114,11,3287666.2,8,Very High
SO-272566,118,10,2014225.6,10,Very High
SO-272578,131,12,2696718.2,10,Very High
SO-272586,56,5,1559208.6,5,Very High
SO-272643,8,2,31898.0,2,High
SO-272650,134,12,1974574.0,8,Very High
SO-272716,79,7,2999788.8,6,Very High
SO-272818,111,9,2341806.8,8,Very High
SO-272906,101,11,1104531.2,9,Very High
SO-272918,48,4,376488.0,4,Very High
SO-272966,132,11,2494698.8,10,Very High
SO-272977,23,4,641691.2,4,Very High
SO-273004,77,6,3777427.0,5,Very High
SO-273045,78,10,2569705.4,9,Very High
SO-273054,43,4,200364.0,4,Very High
SO-273121,5,1,761600.0,1,Very High
SO-273137,101,9,1525493.4000000001,7,Very High
SO-273225,100,11,1302484.8,10,Very High
SO-273411,101,12,2216273.4,11,Very High
SO-273440,76,6,1771945.0,5,Very High
SO-273502,42,4,303201.0,4,Very High
SO-273567,100,10,2102836.0,8,Very High
SO-273624,142,11,2400800.4,11,Very High
SO-273640,90,9,926104.2,8,Very High
SO-273692,123,11,3081425.0,10,Very High
SO-273728,48,5,628370.0,5,Very High
SO-273749,88,7,1160426.8,7,Very High
SO-273781,6,1,305664.0,1,Very High
SO-273807,29,3,124484.0,2,Very High
SO-273834,86,7,2062184.4,5,Very High
SO-273855,34,4,219141.0,4,Very High
SO-273949,98,12,987443.6,10,Very High
SO-273961,101,7,3025234.0,6,Very High
SO-273996,37,4,520044.8,4,Very High
SO-274013,79,5,3734308.0,5,Very High
SO-274039,49,5,3263744.0,4,Very High
SO-274171,79,11,2014363.6,9,Very High
SO-274172,108,12,4127737.2,11,Very High
SO-274248,72,6,351611.2,5,Very High
SO-274269,72,7,1868163.0,5,Very High
SO-274369,106,9,2197046.8,7,Very High
SO-274389,119,12,1642135.4,10,Very High
SO-274458,111,8,1619393.4,8,Very High
SO-274464,68,4,1999621.0,4,Very High
SO-274494,137,12,2074689.4,11,Very High
SO-274502,104,8,1550998.0,8,Very High
SO-274519,59,5,623451.2,5,Very High
SO-274538,127,11,4142444.0,8,Very High
SO-274549,33,3,617278.4,3,Very High
SO-274593,61,8,557270.6,7,Very High
SO-274601,20,3,256699.4,3,Very High
SO-274623,83,5,3992709.0,5,Very High
SO-274654,105,9,692751.6,9,Very High
SO-274686,32,3,670140.0,3,Very High
SO-274690,105,10,1811770.0,8,Very High
SO-274691,72,9,782468.6,8,Very High
SO-274723,89,10,992020.8,8,Very High
SO-274725,88,8,2396874.2,7,Very High
SO-274743,35,3,2655378.0,3,Very High
SO-274817,26,2,266034.0,2,Very High
SO-274827,15,1,248640.0,1,Very High
SO-274833,35,4,62127.0,3,Very High
SO-274841,77,6,986612.0,6,Very High
SO-274899,103,10,671143.0,8,Very High
SO-274907,98,7,3883441.6,6,Very High
SO-274913,95,8,4433581.8,7,Very High
SO-274955,50,6,1994595.4,5,Very High
SO-275076,51,4,2061693.6,4,Very High
SO-275160,26,4,1684197.0,4,Very High
SO-275264,120,9,1245981.2,8,Very High
SO-275273,81,11,2015321.0,10,Very High
SO-275409,74,8,851218.2,8,Very High
SO-275442,15,2,14030.2,2,High
SO-275479,66,8,716493.6,8,Very High
SO-275514,123,11,1815089.6,10,Very High
SO-275541,11,1,182336.0,1,Very High
SO-275549,101,10,1868355.8,9,Very High
SO-275550,46,5,2563702.4,5,Very High
SO-275579,28,2,2057216.0,2,Very High
SO-275613,35,5,476694.0,4,Very High
SO-275627,95,8,1675668.4,7,Very High
SO-275629,71,8,961552.0,7,Very High
SO-275641,113,10,4455321.4,8,Very High
SO-275714,23,2,28166.6,2,High
SO-275739,36,4,1271296.0,3,Very High
SO-275743,25,2,497784.0,2,Very High
SO-275836,35,3,3075970.8,3,Very High
SO-275845,73,7,796115.0,6,Very High
SO-275875,36,5,325625.4,5,Very High
SO-275921,40,4,209234.8,4,Very High
SO-276019,61,6,400849.6,6,Very High
SO-276026,40,6,903053.0,5,Very High
SO-276079,104,9,1769551.0,8,Very High
SO-276112,95,8,2636312.0,7,Very High
SO-276120,86,10,1479264.4,10,Very High
SO-276129,55,5,658953.8,4,Very High
SO-276150,107,10,2292620.0,9,Very High
SO-276214,66,7,3129447.0,6,Very High
SO-276218,13,1,186368.0,1,Very High
SO-276327,46,5,457640.2,5,Very High
SO-276343,32,5,363465.0,5,Very High
SO-276552,130,12,1974987.8,10,Very High
SO-276624,81,9,1342920.0,9,Very High
SO-276635,89,6,2487218.2,6,Very High
SO-276650,99,9,1215057.0,8,Very High
SO-276701,66,5,1206694.2,5,Very High
SO-276758,48,5,302451.8,5,Very High
SO-276831,111,7,2563798.0,6,Very High
SO-276855,27,4,829052.0,4,Very High
SO-276891,83,8,1620692.8,6,Very High
SO-276917,32,3,305987.6,3,Very High
SO-277009,61,4,785372.0,4,Very High
SO-277026,44,3,1157504.0,3,Very High
SO-277078,111,9,4540110.0,8,Very High
SO-277089,60,5,1326508.0,5,Very High
SO-277112,126,10,2401662.0,9,Very High
SO-277188,27,3,328062.0,3,Very High
SO-277212,31,3,2078427.0,3,Very High
SO-277356,83,7,673646.6,7,Very High
SO-277435,62,5,4022886.0,5,Very High
SO-277470,19,3,100827.0,3,Very High
SO-277507,101,8,1763752.2,6,Very High
SO-277515,130,12,1633913.4000000001,10,Very High
SO-277527,25,3,161683.6,3,Very High
SO-277542,35,4,1711463.0,4,Very High
SO-277553,65,5,735697.6,5,Very High
SO-277603,89,7,408495.4,6,Very High
SO-277671,159,12,4339550.0,11,Very High
SO-277730,75,9,1163017.2,8,Very High
SO-277772,78,7,1167170.4,6,Very High
SO-277786,60,8,1905525.0,8,Very High
SO-277801,47,4,332401.6,4,Very High
SO-277874,63,5,2090240.0,5,Very High
SO-277928,8,1,407552.0,1,Very High
SO-278032,73,7,1555407.2,6,Very High
SO-278048,48,4,947102.0,4,Very High
SO-278130,120,12,3610168.6,12,Very High
SO-278137,72,6,1283914.0,6,Very High
SO-278142,58,4,737944.8,4,Very High
SO-278151,25,2,588099.2,2,Very High
SO-278193,114,10,2069986.6,8,Very High
SO-278201,97,10,1525953.0,9,Very High
SO-278234,24,3,1516544.0,3,Very High
SO-278376,84,8,1446143.6,7,Very High
SO-278390,120,10,2166876.0,9,Very High
SO-278421,17,2,58736.0,2,Very High
SO-278437,28,3,142798.0,3,Very High
SO-278532,97,10,5332857.6,8,Very High
SO-278601,124,9,4300721.0,6,Very High
SO-278664,85,7,1082598.2,7,Very High
SO-278666,79,8,1510319.0,7,Very High
SO-278688,92,10,2545095.4,9,Very High
SO-278739,67,6,763707.6,6,Very High
SO-278754,47,4,517302.0,4,Very High
SO-278794,73,8,1535297.0,7,Very High
SO-278829,25,2,1086208.0,2,Very High
SO-278945,94,9,3135764.0,8,Very High
SO-279078,37,4,397240.0,4,Very High
SO-279104,57,5,1202783.0,5,Very High
SO-279147,42,4,956518.0,4,Very High
SO-279298,41,4,536813.0,4,Very High
SO-279362,16,1,21712.0,1,High
SO-279367,61,7,1017625.0,7,Very High
SO-279369,123,11,2118058.6,10,Very High
SO-279447,15,1,286080.0,1,Very High
SO-279470,30,3,1581061.0,3,Very High
SO-279492,86,12,4703504.8,8,Very High
SO-279531,65,5,2976380.8,4,Very High
SO-279559,32,4,1925300.0,4,Very High
SO-279630,40,4,1813005.0,4,Very High
SO-279652,14,2,104647.2,2,Very High
SO-279657,29,2,911488.0,2,Very High
SO-279679,17,1,1816960.0,1,Very High
SO-279747,23,3,37083.0,3,High
SO-279754,47,3,868289.0,3,Very High
SO-279907,25,3,332358.4,3,Very High
SO-280011,88,7,1497899.4,5,Very High
SO-280087,40,5,705565.0,5,Very High
SO-280111,121,9,1836531.6,8,Very High
SO-280118,80,9,855575.0,6,Very High
SO-280195,24,2,214710.0,2,Very High
SO-280316,10,1,216320.0,1,Very High
SO-280317,124,12,3395876.0,10,Very High
SO-280508,88,9,3411713.4,8,Very High
SO-280529,34,3,194251.6,3,Very High
SO-280545,34,4,665466.6,4,Very High
SO-280603,117,11,5055427.0,8,Very High
SO-280621,3,1,36108.0,1,High
SO-280724,90,7,2454628.8,6,Very High
SO-280855,17,1,9628.8,1,Medium
SO-280891,41,4,420702.6,4,Very High
SO-280896,71,7,2602210.8,7,Very High
SO-280898,20,3,473388.0,3,Very High
SO-280911,53,3,2100558.0,2,Very High
SO-280915,123,12,1994593.4,10,Very High
SO-280966,94,9,1304771.2,7,Very High
SO-281038,52,5,1062538.6,4,Very High
SO-281061,136,11,2025141.8,9,Very High
SO-281067,115,11,3741417.6,9,Very High
SO-281091,74,5,2898985.2,5,Very High
SO-281112,11,1,16225.0,1,High
SO-281128,98,11,3395227.0,9,Very High
SO-281212,86,7,1141419.4,7,Very High
SO-281243,91,8,2606682.0,6,Very High
SO-281259,114,12,3103325.1999999997,12,Very High
SO-281487,66,8,515773.2,8,Very High
SO-281493,80,9,2827738.4,6,Very High
SO-281562,41,4,1006485.0,4,Very High
SO-281642,66,8,2759312.0,7,Very High
SO-281864,43,5,240207.2,5,Very High
SO-281913,77,9,625096.0,8,Very High
SO-281919,20,1,1182720.0,1,Very High
SO-281998,69,8,1255815.6,8,Very High
SO-282014,16,1,448512.0,1,Very High
SO-282072,38,3,49512.8,2,High
SO-282088,20,2,515576.0,2,Very High
SO-282095,41,4,566979.0,3,Very High
SO-282202,117,12,3831288.8,7,Very High
SO-282335,97,10,3716876.8,9,Very High
SO-282353,102,8,2181932.6,7,Very High
SO-282371,62,8,1179868.0,6,Very High
SO-282435,39,3,264851.0,3,Very High
SO-282455,123,10,1697809.0,9,Very High
SO-282485,28,3,457907.0,3,Very High
SO-282487,46,6,133163.0,5,Very High
SO-282528,47,5,661367.2,4,Very High
SO-282627,133,11,3241809.0,10,Very High
SO-282677,2,1,21632.0,1,High
SO-282683,94,10,1751403.8,9,Very High
SO-282752,113,9,1100391.0,8,Very High
SO-282767,47,3,555154.4,2,Very High
SO-282770,177,12,6495131.0,10,Very High
SO-282819,13,1,247936.0,1,Very High
SO-282822,40,3,896078.0,3,Very High
SO-282830,17,2,1907840.0,2,Very High
SO-282982,108,12,3228956.4,10,Very High
SO-282993,17,2,181271.6,2,Very High
SO-283049,108,9,3311708.6,7,Very High
SO-283096,141,12,4159243.2,10,Very High
SO-283148,98,7,813201.6,7,Very High
SO-283327,109,12,2068910.0,11,Very High
SO-283353,106,12,1895460.6,10,Very High
SO-283373,124,11,3195467.0,9,Very High
SO-283474,20,1,13688.0,1,High
SO-283531,96,11,1819895.0,9,Very High
SO-283600,62,5,785273.0,4,Very High
SO-283637,21,4,764159.6,4,Very High
SO-283662,92,10,3245852.8,7,Very High
SO-283700,85,8,2462698.0,7,Very High
SO-283852,36,3,1196260.8,3,Very High
SO-283853,52,4,255464.0,4,Very High
SO-283913,2,1,101888.0,1,Very High
SO-283935,69,6,1137454.0,5,Very High
SO-283959,63,9,729188.2000000001,8,Very High
SO-283977,108,9,2049768.0,8,Very High
SO-283978,54,5,1924319.0,4,Very High
SO-284034,76,9,118522.6,8,Very High
SO-284053,126,12,2659414.4,11,Very High
SO-284149,8,1,114688.0,1,Very High
SO-284257,121,11,4399434.600000001,8,Very High
SO-284294,98,12,4389261.8,11,Very High
SO-284378,23,2,85529.6,2,Very High
SO-284422,27,4,70876.6,4,Very High
SO-284426,57,6,1534902.4,6,Very High
SO-284493,79,11,786767.2,10,Very High
SO-284513,58,6,3081733.0,6,Very High
SO-284540,92,8,1453210.0,8,Very High
SO-284675,113,12,1333405.0,10,Very High
SO-284690,22,2,374784.0,2,Very High
SO-284699,106,9,894015.8,9,Very High
SO-284774,36,3,51183.4,3,Very High
SO-284808,115,10,2624846.6,9,Very High
SO-284822,29,3,513332.0,3,Very High
SO-284826,46,6,1174271.4,6,Very High
SO-284929,135,11,3469273.4,9,Very High
SO-284940,33,2,440003.2,2,Very High
SO-284947,100,6,1112805.6,5,Very High
SO-285037,43,4,167245.6,3,Very High
SO-285042,52,5,2887253.0,5,Very High
SO-285135,72,8,429015.0,6,Very High
SO-285242,65,6,533782.0,5,Very High
SO-285266,19,2,566972.0,2,Very High
SO-285319,43,4,5081596.0,3,Very High
SO-285328,5,1,140160.0,1,Very High
SO-285374,59,6,1082227.0,6,Very High
SO-285428,86,7,1268164.6,6,Very High
SO-285462,101,9,1047716.4,8,Very High
SO-285494,68,6,3238788.0,6,Very High
SO-285552,5,1,3068.0,1,Low
SO-285630,87,12,1252398.0,10,Very High
SO-285693,90,7,1203798.4,7,Very High
SO-285695,34,2,1039530.0,2,Very High
SO-285724,83,7,1083963.4,6,Very High
SO-285728,123,11,2938977.4,10,Very High
SO-285733,45,5,2201706.8,5,Very High
SO-285765,98,9,907422.6,8,Very High
SO-285781,122,12,2433310.0,9,Very High
SO-285824,22,2,237518.0,2,Very High
SO-285847,116,10,4574512.8,9,Very High
SO-285855,56,6,615931.2,6,Very High
SO-285873,101,9,3125905.6,9,Very High
SO-285914,86,8,1844351.2,7,Very High
SO-285919,46,4,647630.0,4,Very High
SO-285941,59,8,649954.6,8,Very High
SO-285947,38,3,487309.0,3,Very High
SO-285970,105,9,2320193.2,9,Very High
SO-286012,61,8,1029070.0,7,Very High
SO-286019,24,3,607558.4,3,Very High
SO-286032,87,9,1358924.2,7,Very High
SO-286043,36,3,225279.0,3,Very High
SO-286082,72,7,1504970.4,7,Very High
SO-286110,2,1,24072.0,1,High
SO-286138,38,2,26620.8,2,High
SO-286168,28,5,785114.0,5,Very High
SO-286231,39,3,1054806.0,3,Very High
SO-286311,62,5,1432669.4,4,Very High
SO-286388,130,10,2647188.8,8,Very High
SO-286466,58,4,1045967.0,4,Very High
SO-286489,20,1,2137600.0,1,Very High
SO-286506,20,2,48179.4,2,High
SO-286582,28,2,278071.0,2,Very High
SO-286589,29,4,1846661.0,3,Very High
SO-286612,121,12,2261536.0,10,Very High
SO-286660,64,7,1579098.0,6,Very High
SO-286747,130,11,1348446.8,9,Very High
SO-286852,44,6,795584.0,6,Very High
SO-287011,50,7,2901149.2,6,Very High
SO-287067,76,7,1144353.8,6,Very High
SO-287083,80,9,2123306.6,7,Very High
SO-287186,67,6,1962857.4,6,Very High
SO-287219,36,2,230395.0,2,Very High
SO-287244,101,9,3978666.6,8,Very High
SO-287312,140,12,3305158.6,10,Very High
SO-287345,118,10,3368394.2,8,Very High
SO-287381,58,6,3368844.8000000003,6,Very High
SO-287481,61,5,239188.0,4,Very High
SO-287486,10,2,118635.0,2,Very High
SO-287528,91,8,3374026.6,8,Very High
SO-287535,78,6,1455850.4,6,Very High
SO-287556,41,4,544414.0,4,Very High
SO-287584,60,5,889486.2,5,Very High
SO-287776,71,6,62044.4,5,Very High
SO-287838,99,12,4134941.2,9,Very High
SO-287854,105,10,2609933.0,9,Very High
SO-287946,109,8,3158816.0,7,Very High
SO-287959,90,6,1012676.0,5,Very High
SO-287964,43,5,851045.0,5,Very High
SO-288030,75,5,486359.8,5,Very High
SO-288035,52,6,617792.8,5,Very High
SO-288092,83,10,2517033.4,7,Very High
SO-288123,32,5,2617208.0,5,Very High
SO-288197,104,10,1228561.2,8,Very High
SO-288269,55,5,398222.8,5,Very High
SO-288298,46,4,840171.2,4,Very High
SO-288301,91,7,3520448.0,6,Very High
SO-288309,66,6,4947064.0,4,Very High
SO-288332,88,8,1706513.0,5,Very High
SO-288438,53,6,2798468.2,6,Very High
SO-288446,27,5,581859.6,5,Very High
SO-288481,33,4,612537.0,3,Very High
SO-288493,102,12,2058176.2,10,Very High
SO-288516,48,6,205339.6,4,Very High
SO-288534,123,10,3059152.0,7,Very High
SO-288554,10,1,144640.0,1,Very High
SO-288587,42,6,1238286.0,4,Very High
SO-288683,116,10,1092000.8,9,Very High
SO-288916,17,2,50742.4,2,Very High
SO-288925,48,5,2371013.0,4,Very High
SO-289100,71,8,2005943.0,7,Very High
SO-289141,26,4,534848.0,3,Very High
SO-289156,95,8,3065056.2,8,Very High
SO-289164,101,10,1309174.6,9,Very High
SO-289170,134,12,4331834.2,11,Very High
SO-289209,114,10,2307435.0,7,Very High
SO-289280,47,7,435077.6,6,Very High
SO-289282,42,4,810740.8,4,Very High
SO-289333,133,12,2322198.2,11,Very High
SO-289338,107,9,1224208.4,9,Very High
SO-289341,117,10,1859541.2,8,Very High
SO-289362,49,7,945584.0,5,Very High
SO-289465,71,8,1439714.6,6,Very High
SO-289522,77,8,3627733.0,8,Very High
SO-289693,69,5,884116.0,5,Very High
SO-289787,31,4,251627.2,4,Very High
SO-289838,81,7,2427359.0,6,Very High
SO-289844,66,9,1701730.0,6,Very High
SO-289873,25,3,455328.0,3,Very High
SO-289926,103,9,1057494.0,9,Very High
SO-289958,53,4,2566992.0,4,Very High
SO-289978,32,3,408043.2,3,Very High
SO-290014,44,4,941510.0,4,Very High
SO-290056,77,6,1457690.0,5,Very High
SO-290059,34,5,546240.6,5,Very High
SO-290075,6,1,64896.0,1,Very High
SO-290078,44,6,1914863.0,6,Very High
SO-290172,19,1,671232.0,1,Very High
SO-290267,93,8,1759237.0,7,Very High
SO-290309,115,10,3141430.0,8,Very High
SO-290394,60,3,1146516.0,3,Very High
SO-290435,87,10,777627.0,9,Very High
SO-290436,56,6,290410.2,5,Very High
SO-290443,94,10,2321216.8000000003,9,Very High
SO-290510,134,12,3649324.4,12,Very High
SO-290530,121,12,3301032.0,11,Very High
SO-290571,52,4,256506.0,4,Very High
SO-290709,66,7,620685.8,7,Very High
SO-290745,105,12,1107769.8,9,Very High
SO-290888,36,3,168283.0,3,Very High
SO-290939,5,1,23305.0,1,High
SO-291042,26,3,270181.0,3,Very High
SO-291065,86,7,1397441.0,6,Very High
SO-291069,50,4,2015597.0,4,Very High
SO-291083,104,9,1424261.8,8,Very High
SO-291114,153,12,2037943.0,12,Very High
SO-291153,126,10,3774447.8,8,Very High
SO-291184,128,11,5120711.4,10,Very High
SO-291232,15,1,8496.0,1,Medium
SO-291243,46,5,2425579.0,3,Very High
SO-291292,89,8,2442101.0,6,Very High
SO-291371,2,1,18526.0,1,High
SO-291413,77,5,1528627.2,4,Very High
SO-291492,107,10,2597036.4,10,Very High
SO-291500,115,10,1818887.8,9,Very High
SO-291506,134,12,807162.4,9,Very High
SO-291510,47,5,273595.4,5,Very High
SO-291540,107,10,1024310.0,8,Very High
SO-291543,54,5,802088.0,4,Very High
SO-291567,41,3,3346304.0,3,Very High
SO-291613,69,11,3242746.4,9,Very High
SO-291710,42,6,1051382.8,6,Very High
SO-291714,65,7,985201.4,6,Very High
SO-291781,63,7,2174428.0,7,Very High
SO-291787,52,4,865709.0,4,Very High
SO-291799,31,4,827812.0,3,Very High
SO-291839,2,1,1132.8,1,Low
SO-291859,93,10,1362733.0,8,Very High
SO-291865,18,2,144373.0,2,Very High
SO-291896,99,9,2639684.8,9,Very High
SO-291919,48,4,469470.39999999997,4,Very High
SO-292099,58,8,1660180.0,8,Very High
SO-292165,71,11,997934.6000000001,9,Very High
SO-292176,168,12,3846742.0,10,Very High
SO-292238,58,5,1443072.0,3,Very High
SO-292256,19,3,1427200.0,3,Very High
SO-292284,51,4,531623.2,4,Very High
SO-292333,62,5,1201622.2,5,Very High
SO-292376,54,5,880044.0,3,Very High
SO-292390,37,4,2124623.0,4,Very High
SO-292491,124,9,938398.4,7,Very High
SO-292557,57,4,2554249.0,4,Very High
SO-292568,116,12,3402765.6,11,Very High
SO-292580,103,12,2798857.0,11,Very High
SO-292606,37,4,327720.6,4,Very High
SO-292734,140,10,3294186.2,8,Very High
SO-292849,84,7,1188879.2,6,Very High
SO-292854,78,8,125689.8,5,Very High
SO-292866,39,3,49855.0,3,High
SO-292966,15,1,215040.0,1,Very High
SO-292972,83,8,307607.6,8,Very High
SO-292984,97,10,5184539.0,8,Very High
SO-292986,79,10,1649763.0,9,Very High
SO-292993,69,7,1348671.6,7,Very High
SO-293032,83,6,756857.4,6,Very High
SO-293096,37,2,1024384.0,2,Very High
SO-293116,120,10,938962.6,9,Very High
SO-293144,125,12,2453993.4,10,Very High
SO-293179,84,12,2510571.8,10,Very High
SO-293189,48,5,3247115.2,5,Very High
SO-293306,83,7,1138317.6,7,Very High
SO-293319,77,10,2254460.8,8,Very High
SO-293364,59,9,896320.8,8,Very High
SO-293466,74,7,1096086.0,7,Very High
SO-293481,29,3,521705.6,3,Very High
SO-293483,74,10,3572880.0,8,Very High
SO-293503,62,5,832870.0,5,Very High
SO-293547,16,1,148208.0,1,Very High
SO-293604,66,6,1047082.6,5,Very High
SO-293661,130,11,1298140.6,8,Very High
SO-293754,6,1,2194.8,1,Low
SO-293773,109,9,2521044.6,9,Very High
SO-293811,23,3,241432.0,3,Very High
SO-293814,46,5,1718320.0,5,Very High
SO-293845,18,1,26550.0,1,High
SO-293861,108,9,4286883.8,8,Very High
SO-293894,15,1,5487.0,1,Medium
SO-293971,93,10,3954009.6,8,Very High
SO-294035,121,12,3565674.0,12,Very High
SO-294056,40,3,507313.6,3,Very High
SO-294071,20,2,1389701.0,2,Very High
SO-294097,124,12,2747635.2,9,Very High
SO-294128,59,6,1729356.6,6,Very High
SO-294133,31,3,2594880.0,3,Very High
SO-294159,137,12,5715142.0,11,Very High
SO-294189,68,7,3679862.6,5,Very High
SO-294213,61,7,1774441.6,5,Very High
SO-294222,123,11,1217042.4,8,Very High
SO-294242,131,12,3232179.4,10,Very High
SO-294267,81,9,1556068.4000000001,8,Very High
SO-294272,141,12,5377543.8,11,Very High
SO-294273,119,12,4568462.4,11,Very High
SO-294324,85,8,1890858.0,8,Very High
SO-294448,132,10,5405244.0,8,Very High
SO-294506,128,10,1441678.0,9,Very High
SO-294594,101,9,923402.0,8,Very High
SO-294702,56,5,957540.0,5,Very High
SO-294715,35,4,839168.0,4,Very High
SO-294719,32,3,767925.0,3,Very High
SO-294808,45,5,600645.0,5,Very High
SO-294878,119,11,3134907.8,9,Very High
SO-294914,20,1,1182720.0,1,Very High
SO-295126,81,8,1923345.0,8,Very High
SO-295179,45,5,812569.8,5,Very High
SO-295217,87,9,176056.0,6,Very High
SO-295258,10,2,173620.0,2,Very High
SO-295271,42,8,2531994.4,7,Very High
SO-295280,78,8,2680300.0,6,Very High
SO-295283,67,7,1804797.2,6,Very High
SO-295301,73,8,1295134.0,7,Very High
SO-295317,71,5,1492994.2,5,Very High
SO-295373,103,10,3251738.0,9,Very High
SO-295444,2,1,1227.2,1,Low
SO-295466,112,11,2194601.6,11,Very High
SO-295533,57,5,695364.6,5,Very High
SO-295609,44,4,728334.4,4,Very High
SO-295686,55,5,520518.8,5,Very High
SO-295718,131,12,3038633.6,10,Very High
SO-295726,33,3,928128.0,3,Very High
SO-295752,8,2,55239.2,2,Very High
SO-295794,161,12,3146087.4,10,Very High
SO-295805,20,2,922302.0,2,Very High
SO-295836,91,10,789489.4,9,Very High
SO-295892,116,12,1744459.0,10,Very High
SO-295968,31,3,999562.0,3,Very High
SO-296001,100,12,1590024.8,9,Very High
SO-296015,115,10,4691219.0,9,Very High
SO-296056,31,2,900633.6,2,Very High
SO-296093,66,7,1262946.0,7,Very High
SO-296140,100,11,1244284.2,9,Very High
SO-296189,78,7,350968.2,6,Very High
SO-296192,61,6,347989.2,6,Very High
SO-296243,72,6,1962434.8,5,Very High
SO-296323,21,2,584960.0,2,Very High
SO-296446,61,6,505888.39999999997,5,Very High
SO-296513,79,10,1305944.0,10,Very High
SO-296564,83,6,3631094.4,6,Very High
SO-296568,106,10,2882492.8,9,Very High
SO-296592,112,10,1212261.2,8,Very High
SO-296632,26,3,509061.2,3,Very High
SO-296682,95,9,771880.4,9,Very High
SO-296719,124,11,1431618.4,10,Very High
SO-296787,83,7,681282.0,7,Very High
SO-296839,74,9,1068583.2,9,Very High
SO-296840,104,9,4456652.8,8,Very High
SO-296844,84,9,4470295.4,7,Very High
SO-296873,69,6,4292916.0,5,Very High
SO-296879,49,4,1197483.2,4,Very High
SO-296898,114,12,2639085.8,11,Very High
SO-296908,30,4,151516.2,4,Very High
SO-296909,94,10,1660445.7999999998,10,Very High
SO-296918,26,2,809088.0,2,Very High
SO-296958,25,3,309052.0,3,Very High
SO-296992,49,7,335651.0,7,Very High
SO-297016,66,10,1292065.8,9,Very High
SO-297036,111,12,1682373.2,10,Very High
SO-297059,100,10,1911655.4,8,Very High
SO-297142,9,1,282240.0,1,Very High
SO-297156,57,6,3282395.0,5,Very High
SO-297274,152,11,4747624.0,9,Very High
SO-297277,99,10,2383947.4,8,Very High
SO-297278,138,12,5750720.4,11,Very High
SO-297416,143,11,3208607.2,10,Very High
SO-297451,51,5,37299.8,4,High
SO-297678,127,10,3107652.0,10,Very High
SO-297685,84,8,4647834.0,6,Very High
SO-297687,113,11,1126006.2,11,Very High
SO-297749,46,3,74458.0,3,Very High
SO-297828,71,7,1486100.0,5,Very High
SO-297878,97,10,1597980.4,8,Very High
SO-297885,115,10,1823108.2,8,Very High
SO-297965,73,11,955602.0,9,Very High
SO-297971,38,4,491572.8,4,Very High
SO-298138,58,6,911430.8,6,Very High
SO-298213,129,12,6338322.0,10,Very High
SO-298270,13,1,171392.0,1,Very High
SO-298288,8,1,250880.0,1,Very High
SO-298350,129,12,1679420.0,11,Very High
SO-298359,36,4,1131615.0,3,Very High
SO-298365,105,8,2494715.6,7,Very High
SO-298370,35,4,479898.0,4,Very High
SO-298374,125,11,2549267.8,9,Very High
SO-298487,119,12,1587721.6,11,Very High
SO-298509,100,8,3125395.2,7,Very High
SO-298527,137,11,2719774.2,9,Very High
SO-298568,39,4,1090278.4,4,Very High
SO-298626,126,11,2291485.8,10,Very High
SO-298686,33,2,814362.0,2,Very High
SO-298774,91,9,2679428.4,9,Very High
SO-298822,37,3,406611.2,3,Very High
SO-298843,85,9,961896.2,8,Very High
SO-298871,153,10,2851940.0,9,Very High
SO-298915,113,8,960763.8,7,Very High
SO-298923,30,2,147001.0,2,Very High
SO-299027,82,8,892030.6,8,Very High
SO-299091,59,9,1403356.2,8,Very High
SO-299131,45,4,305290.0,3,Very High
SO-299149,61,5,694380.0,4,Very High
SO-299193,96,8,1683329.0,8,Very High
SO-299214,128,12,2943620.4,8,Very High
SO-299242,114,11,3058805.6,9,Very High
SO-299256,54,3,1355484.8,3,Very High
SO-299274,15,2,188576.0,2,Very High
SO-299343,76,8,633781.0,7,Very High
SO-299375,71,6,1142292.0,6,Very High
SO-299411,32,5,399497.4,4,Very High
SO-299413,37,2,292767.0,2,Very High
SO-299430,66,5,391674.4,4,Very High
SO-299557,70,11,1050598.0,10,Very High
SO-299593,54,4,361670.0,4,Very High
SO-299649,37,4,371306.4,3,Very High
SO-299693,87,9,462350.4,8,Very High
SO-299810,27,3,34998.8,3,High
SO-299859,60,4,1037900.8,4,Very High
SO-299925,17,2,307328.0,2,Very High
SO-299942,96,9,2183796.4,7,Very High
SO-299954,47,4,187097.4,4,Very High
SO-299970,102,9,5160195.8,6,Very High
SO-299976,44,3,1853599.0,2,Very High
SO-299999,85,8,1568787.6,8,Very High
SO-300007,51,6,3722312.0,5,Very High
SO-300017,85,6,2250179.6,5,Very High
SO-300035,8,2,135552.0,2,Very High
SO-300126,19,1,967936.0,1,Very High
SO-300150,29,2,196185.6,2,Very High
SO-300174,10,1,280320.0,1,Very High
SO-300179,55,5,1004832.0,4,Very High
SO-300222,46,5,1373455.0,5,Very High
SO-300246,77,6,287543.2,5,Very High
SO-300253,98,9,1979603.4,9,Very High
SO-300358,30,4,137334.6,4,Very High
SO-300387,106,10,2423217.4,9,Very High
SO-300548,84,11,1047228.4,10,Very High
SO-300570,35,3,5181535.0,2,Very High
SO-300603,130,12,2198518.4,10,Very High
SO-300630,97,10,2170049.6,10,Very High
SO-300666,122,12,3201605.8000000003,10,Very High
SO-300719,129,12,1845178.6,9,Very High
SO-300779,75,6,2688839.0,6,Very High
SO-300815,64,6,1240960.0,5,Very High
SO-300829,96,9,1090269.8,8,Very High
SO-300862,9,1,171648.0,1,Very High
SO-300900,28,4,1326908.0,3,Very High
SO-300933,35,3,506496.0,2,Very High
SO-300983,23,3,439316.0,3,Very High
SO-301011,106,9,1197198.4,9,Very High
SO-301014,35,3,2252409.6,2,Very High
SO-301075,106,9,3249214.0,9,Very High
SO-301125,9,2,268928.0,2,Very High
SO-301136,68,7,1339125.6,7,Very High
SO-301179,143,12,1822828.0,11,Very High
SO-301233,10,3,181839.0,3,Very High
SO-301234,13,2,85978.0,2,Very High
SO-301244,18,1,47790.0,1,High
SO-301273,8,2,376320.0,2,Very High
SO-301277,30,4,117220.0,4,Very High
SO-301320,63,7,2309366.0,7,Very High
SO-301345,109,7,1389825.6,6,Very High
SO-301598,122,9,3635799.0,9,Very High
SO-301613,92,10,887199.0,9,Very High
SO-301626,143,12,3598014.8,8,Very High
SO-301645,80,7,2787858.0,5,Very High
SO-301726,15,1,286080.0,1,Very High
SO-301822,114,12,3059065.0,10,Very High
SO-301829,40,4,1033984.0,4,Very High
SO-301853,42,3,2029688.0,3,Very High
SO-301893,37,4,86033.8,4,Very High
SO-301945,34,4,80287.2,4,Very High
SO-301951,87,9,2315963.0,8,Very High
SO-301986,68,8,1990008.0,8,Very High
SO-302017,113,8,3054360.8,8,Very High
SO-302033,14,2,354816.0,2,Very High
SO-302070,131,9,3272137.0,8,Very High
SO-302114,111,10,4070716.0,9,Very High
SO-302122,73,6,1535774.2,5,Very High
SO-302178,97,10,1998947.6,8,Very High
SO-302297,1,1,19072.0,1,High
SO-302417,114,11,2218023.4,10,Very High
SO-302477,60,6,2088084.0,6,Very High
SO-302502,67,7,1301339.0,6,Very High
SO-302542,88,8,3351786.0,8,Very High
SO-302569,21,3,29082.0,2,High
SO-302574,6,1,79104.0,1,Very High
SO-302594,81,8,771817.0,5,Very High
SO-302619,15,1,25665.0,1,High
SO-302632,132,11,3329705.4,11,Very High
SO-302682,17,3,405965.0,3,Very High
SO-302691,114,11,2076601.7999999998,11,Very High
SO-302726,20,2,875572.0,2,Very High
SO-302762,36,3,498905.6,3,Very High
SO-302766,58,9,634104.0,7,Very High
SO-302811,19,1,88559.0,1,Very High
SO-302812,71,7,505510.2,5,Very High
SO-302830,121,10,2007839.0,9,Very High
SO-302850,97,12,3155372.4,10,Very High
SO-302861,74,7,2983830.0,5,Very High
SO-302882,41,3,1308076.0,3,Very High
SO-302915,69,6,1215756.4,6,Very High
SO-302919,16,3,321280.0,3,Very High
SO-302939,72,8,1786078.0,7,Very High
SO-302951,71,5,3650548.0,5,Very High
SO-303136,73,7,1244360.8,6,Very High
SO-303164,51,4,439717.0,4,Very High
SO-303198,99,7,1805570.6,6,Very High
SO-303243,10,2,110172.2,2,Very High
SO-303246,50,4,4196745.0,4,Very High
SO-303268,55,4,1489448.8,4,Very High
SO-303271,25,2,927317.0,2,Very High
SO-303281,43,3,483388.0,3,Very High
SO-303335,75,9,1591237.8,8,Very High
SO-303385,115,9,1304021.4,9,Very High
SO-303386,116,12,1118864.0,10,Very High
SO-303425,96,11,6571930.0,9,Very High
SO-303525,11,2,229389.0,2,Very High
SO-303579,136,12,3572250.4,10,Very High
SO-303663,48,4,946690.6,4,Very High
SO-303692,34,3,2768154.0,3,Very High
SO-303719,22,2,284032.0,2,Very High
SO-303728,64,9,1496035.2,6,Very High
SO-303743,17,2,384896.0,2,Very High
SO-303826,35,3,378024.4,3,Very High
SO-303829,39,3,315369.0,3,Very High
SO-303833,85,9,2630540.8,7,Very High
SO-303849,65,9,647364.2,7,Very High
SO-303883,126,11,2649079.0,10,Very High
SO-303923,93,7,2783681.4,7,Very High
SO-303975,89,9,1782346.0,8,Very High
SO-303986,108,12,4471775.0,11,Very High
SO-304007,138,11,1693231.6,8,Very High
SO-304010,122,11,2552813.0,9,Very High
SO-304059,30,4,1233394.0,3,Very High
SO-304157,5,1,95360.0,1,Very High
SO-304181,67,7,1013005.8,5,Very High
SO-304207,82,8,2261062.0,8,Very High
SO-304242,80,7,1339860.0,7,Very High
SO-304317,20,2,573802.0,2,Very High
SO-304323,124,12,6197217.0,11,Very High
SO-304357,19,1,967936.0,1,Very High
SO-304363,82,8,709186.0,8,Very High
SO-304365,23,5,483633.0,5,Very High
SO-304424,83,7,1064653.8,7,Very High
SO-304482,47,4,664987.2,4,Very High
SO-304485,74,9,976537.2,8,Very High
SO-304527,141,11,3741016.2,9,Very High
SO-304573,53,5,1876901.6,5,Very High
SO-304622,43,5,1307473.6,5,Very High
SO-304633,71,6,2791557.6,6,Very High
SO-304645,51,4,361368.4,4,Very High
SO-304677,52,4,2185458.0,4,Very High
SO-304684,100,8,2725867.2,8,Very High
SO-304766,10,4,196850.6,4,Very High
SO-304857,43,7,626233.4,6,Very High
SO-304888,10,1,190720.0,1,Very High
SO-304928,73,7,2502379.2,6,Very High
SO-304961,63,6,1303369.2,6,Very High
SO-305030,19,3,186432.0,3,Very High
SO-305063,65,5,1610937.2,5,Very High
SO-305211,24,3,565139.4,2,Very High
SO-305242,111,11,2030156.0,10,Very High
SO-305293,67,7,385602.8,6,Very High
SO-305416,11,2,419852.0,2,Very High
SO-305497,23,3,290254.8,3,Very High
SO-305532,66,12,1649956.5999999999,11,Very High
SO-305645,68,5,2046560.0,5,Very High
SO-305680,19,2,20437.6,2,High
SO-305754,77,8,1137531.6,8,Very High
SO-305780,31,4,835510.0,4,Very High
SO-305795,68,9,368043.6,8,Very High
SO-305825,50,6,692427.6,6,Very High
SO-305874,101,8,1894668.8,7,Very High
SO-305952,53,5,2246144.0,5,Very High
SO-306000,6,1,86016.0,1,Very High
SO-306045,109,9,2758133.2,7,Very High
SO-306050,104,11,2221424.0,10,Very High
SO-306075,54,4,1263360.0,3,Very High
SO-306205,11,3,563840.0,3,Very High
SO-306219,82,8,1062854.0,8,Very High
SO-306246,157,12,2560147.8,9,Very High
SO-306262,112,10,4186764.4000000004,9,Very High
SO-306292,42,4,1773467.0,4,Very High
SO-306303,36,3,734336.0,3,Very High
SO-306329,97,8,3717439.0,7,Very High
SO-306430,97,10,1620055.0,9,Very High
SO-306480,17,3,535300.0,3,Very High
SO-306489,11,1,157696.0,1,Very High
SO-306497,37,3,678656.0,3,Very High
SO-306560,7,1,18585.0,1,High
SO-306575,78,6,1889023.0,6,Very High
SO-306580,66,6,786314.2,6,Very High
SO-306585,9,1,961920.0,1,Very High
SO-306597,26,2,881447.0,2,Very High
SO-306686,90,8,1079427.8,6,Very High
SO-306692,33,2,1021056.0,2,Very High
SO-306702,157,12,2939353.4,8,Very High
SO-306737,38,3,205178.4,3,Very High
SO-306789,60,7,1724913.4,7,Very High
SO-306821,61,5,1173370.2,5,Very High
SO-306940,30,5,374911.0,5,Very High
SO-306958,47,4,745057.4,4,Very High
SO-306992,18,1,2741760.0,1,Very High
SO-307024,105,9,6149787.6,7,Very High
SO-307047,104,10,2745343.6,10,Very High
SO-307065,145,11,5883515.2,9,Very High
SO-307138,37,5,403960.8,5,Very High
SO-307139,50,6,595655.0,6,Very High
SO-307185,97,10,778670.0,9,Very High
SO-307265,142,11,4478744.8,10,Very High
SO-307376,6,1,55578.0,1,Very High
SO-307477,27,2,734720.0,2,Very High
SO-307509,105,12,2214463.0,12,Very High
SO-307557,44,6,1199573.2,6,Very High
SO-307595,87,8,3177594.8000000003,8,Very High
SO-307620,29,2,607502.4,2,Very High
SO-307774,74,8,681970.2,6,Very High
SO-307794,112,11,3265211.0,9,Very High
SO-307795,23,3,694080.0,3,Very High
SO-307851,114,10,3544530.4,9,Very High
SO-307860,41,4,47530.4,3,High
SO-307870,68,5,1447689.8,5,Very High
SO-307873,15,1,69915.0,1,Very High
SO-307892,19,2,640565.0,2,Very High
SO-308051,70,8,2388905.0,7,Very High
SO-308070,63,9,253425.0,8,Very High
SO-308100,41,3,475747.0,3,Very High
SO-308256,135,12,4382813.8,10,Very High
SO-308258,98,8,1622160.4,8,Very High
SO-308275,141,9,1475563.4,9,Very High
SO-308282,100,11,1372629.4,11,Very High
SO-308311,127,10,1447357.4,7,Very High
SO-308327,40,6,1437076.0,6,Very High
SO-308367,94,11,2044784.4,9,Very High
SO-308396,44,5,235679.2,5,Very High
SO-308422,14,1,202496.0,1,Very High
SO-308427,115,9,4848507.0,7,Very High
SO-308432,47,4,2306010.0,4,Very High
SO-308506,30,4,557851.8,4,Very High
SO-308508,129,11,1802277.6,9,Very High
SO-308539,27,4,1072768.0,3,Very High
SO-308549,81,7,555806.4,7,Very High
SO-308576,92,10,1062822.0,9,Very High
SO-308585,100,9,1055055.6,7,Very High
SO-308587,97,7,3063916.6,7,Very High
SO-308599,114,10,2285458.0,8,Very High
SO-308638,34,4,789055.0,4,Very High
SO-308709,70,5,2912896.0,3,Very High
SO-308777,87,8,3849291.6,6,Very High
SO-308780,62,8,559642.8,6,Very High
SO-308814,103,8,1256165.2,8,Very High
SO-308841,14,1,184576.0,1,Very High
SO-308852,37,7,283107.39999999997,7,Very High
SO-308876,144,12,5760915.2,10,Very High
SO-308946,68,6,2137490.0,6,Very High
SO-308976,132,11,1625870.6,9,Very High
SO-309000,27,3,114882.0,3,Very High
SO-309006,87,7,1617902.6,7,Very High
SO-309059,69,7,1717389.0,7,Very High
SO-309126,48,4,486711.0,3,Very High
SO-309131,83,12,1154808.4,11,Very High
SO-309164,101,9,2508327.2,7,Very High
SO-309184,72,6,3462342.4,5,Very High
SO-309199,32,2,817472.0,2,Very High
SO-309210,79,6,797036.8,5,Very High
SO-309216,2,1,9322.0,1,Medium
SO-309276,128,11,2303833.8,9,Very High
SO-309295,88,8,1324642.2,8,Very High
SO-309357,97,12,2913202.4,10,Very High
SO-309441,72,7,599060.0,7,Very High
SO-309475,6,1,641280.0,1,Very High
SO-309538,66,6,1856982.0,5,Very High
SO-309550,57,5,391833.0,5,Very High
SO-309556,99,11,1607294.8,11,Very High
SO-309662,97,8,752129.2,6,Very High
SO-309669,28,4,339574.0,4,Very High
SO-309676,18,1,166734.0,1,Very High
SO-309767,48,4,1222342.4,4,Very High
SO-309780,80,10,1281169.0,9,Very High
SO-309820,120,11,3814440.4,9,Very High
SO-309822,57,5,2435267.2,5,Very High
SO-309842,18,3,891465.0,2,Very High
SO-309889,20,2,463484.0,2,Very High
SO-309931,28,4,2534043.0,4,Very High
SO-309938,93,8,2715465.0,7,Very High
SO-309947,52,3,860879.0,3,Very High
SO-309978,44,4,4117349.6,3,Very High
SO-309986,76,7,1390017.0,6,Very High
SO-310085,50,4,694083.8,4,Very High
SO-310089,134,12,5370240.0,9,Very High
SO-310153,12,1,37632.0,1,High
SO-310162,97,8,2182417.0,7,Very High
SO-310181,18,2,951936.0,2,Very High
SO-310184,54,6,669382.4,6,Very High
SO-310192,96,7,2123846.2,6,Very High
SO-310276,134,10,2795409.2,7,Very High
SO-310281,36,4,328690.0,4,Very High
SO-310291,4,1,66304.0,1,Very High
SO-310294,84,8,1420144.8,7,Very High
SO-310298,89,8,951208.8,6,Very High
SO-310306,142,11,2811321.2,10,Very High
SO-310380,118,12,1124137.0,11,Very High
SO-310563,65,6,526225.0,6,Very High
SO-310574,100,10,2155663.0,8,Very High
SO-310634,83,8,1748619.0,7,Very High
SO-310662,17,1,157471.0,1,Very High
SO-310692,108,10,2976702.8,8,Very High
SO-310709,97,10,1451605.4,9,Very High
SO-310719,38,5,244011.0,5,Very High
SO-310770,126,10,1041078.0,9,Very High
SO-310775,133,11,615368.0,6,Very High
SO-310978,29,2,876243.2,2,Very High
SO-310990,69,7,3118144.0,4,Very High
SO-311008,135,12,2452757.6,10,Very High
SO-311048,35,4,1215049.0,4,Very High
SO-311110,55,6,665377.4,6,Very High
SO-311199,31,5,127228.0,5,Very High
SO-311206,135,11,1570461.0,8,Very High
SO-311325,28,3,958814.0,3,Very High
SO-311380,107,9,2784513.8,7,Very High
SO-311444,17,2,1053056.0,2,Very High
SO-311459,63,7,704416.0,5,Very High
SO-311486,27,3,440061.0,3,Very High
SO-311511,74,5,3097978.0,5,Very High
SO-311562,107,10,902095.8,7,Very High
SO-311651,119,12,2511464.8,10,Very High
SO-311701,37,3,347136.0,2,Very High
SO-311719,124,11,1763393.2,10,Very High
SO-311749,54,3,453814.0,3,Very High
SO-311815,80,7,1437376.0,7,Very High
SO-311840,5,1,6785.0,1,Medium
SO-311864,31,5,414030.2,5,Very High
SO-311904,37,5,1565210.0,4,Very High
SO-311908,65,6,2165887.0,6,Very High
SO-312023,47,5,878167.0,5,Very High
SO-312139,152,12,611037.6,10,Very High
SO-312150,41,4,935186.2,4,Very High
SO-312180,87,6,1397573.2,6,Very High
SO-312229,69,6,1407270.8,5,Very High
SO-312282,15,1,69915.0,1,Very High
SO-312334,70,7,2116173.4000000004,7,Very High
SO-312351,7,2,307375.0,2,Very High
SO-312356,77,9,3759034.0,8,Very High
SO-312363,26,4,485364.6,4,Very High
SO-312429,132,11,2522522.2,10,Very High
SO-312468,150,10,3822183.6,8,Very High
SO-312500,112,11,1985879.4,9,Very High
SO-312539,47,6,2988007.0,5,Very High
SO-312556,12,1,336384.0,1,Very High
SO-312592,116,11,2284551.4,8,Very High
SO-312593,85,10,2185131.8,9,Very High
SO-312600,94,10,3075319.4,10,Very High
SO-312629,32,3,341825.0,3,Very High
SO-312634,61,5,2483984.0,4,Very High
SO-312660,92,10,1902578.2,9,Very High
SO-312675,22,2,796787.0,2,Very High
SO-312697,38,4,2293902.0,4,Very High
SO-312722,105,11,3474937.8,9,Very High
SO-312819,16,2,76343.8,2,Very High
SO-312862,12,1,8212.8,1,Medium
SO-312865,103,10,3178426.6,9,Very High
SO-312910,7,1,1066240.0,1,Very High
SO-312918,103,8,4568873.0,7,Very High
SO-312928,48,5,508227.2,4,Very High
SO-312931,30,2,194461.0,2,Very High
SO-312952,118,10,2256995.4,10,Very High
SO-312982,45,5,317505.0,5,Very High
SO-313037,146,11,3125706.2,9,Very High
SO-313198,108,12,1759646.8,10,Very High
SO-313208,2,1,38144.0,1,High
SO-313255,63,5,1244659.2,4,Very High
SO-313348,110,8,3620890.0,5,Very High
SO-313393,83,9,703330.4,7,Very High
SO-313412,106,12,3246789.0,10,Very High
SO-313553,14,2,71017.6,2,Very High
SO-313594,80,9,1921389.6,7,Very High
SO-313648,109,10,3996653.0,9,Very High
SO-313679,23,4,526260.8,3,Very High
SO-313696,50,4,755632.0,4,Very High
SO-313711,41,4,281901.4,4,Very High
SO-313741,87,7,1543525.0,7,Very High
SO-313795,135,10,1039013.2,8,Very High
SO-313802,104,8,3026084.8,7,Very High
SO-313923,34,5,2587221.6,5,Very High
SO-313957,13,1,156468.0,1,Very High
SO-314043,102,11,4050885.8,10,Very High
SO-314057,130,12,6188822.4,10,Very High
SO-314314,21,2,18443.4,2,High
SO-314355,96,7,689945.6,6,Very High
SO-314476,48,5,2144384.0,3,Very High
SO-314631,124,10,5789897.0,10,Very High
SO-314655,4,1,203776.0,1,Very High
SO-314779,73,7,2357093.6,7,Very High
SO-314810,59,5,1824872.6,5,Very High
SO-314829,89,10,1108133.2,10,Very High
SO-314910,114,9,2512818.4,8,Very High
SO-314915,80,11,632190.8,11,Very High
SO-314923,137,12,2577854.2,10,Very High
SO-314969,47,4,1197790.0,4,Very High
SO-314980,20,1,185260.0,1,Very High
SO-314993,99,11,2751700.8,9,Very High
SO-315142,84,12,1154109.6,9,Very High
SO-315179,20,2,606464.0,2,Very High
SO-315283,98,12,2677193.0,10,Very High
SO-315318,6,1,3398.4,1,Low
SO-315343,125,11,1679911.0,10,Very High
SO-315356,80,7,1032086.8,7,Very High
SO-315371,90,9,1206720.8,8,Very High
SO-315377,94,8,2894739.0,8,Very High
SO-315445,97,10,765723.6,9,Very High
SO-315456,22,2,21181.0,2,High
SO-315603,19,3,373656.0,3,Very High
SO-315648,105,8,1905282.8,7,Very High
SO-315688,31,4,611749.6,4,Very High
SO-315695,66,6,291538.6,5,Very High
SO-315718,39,2,210217.0,2,Very High
SO-315758,154,12,2616957.8,9,Very High
SO-315784,72,9,1380892.0,9,Very High
SO-315836,74,6,1978148.8,6,Very High
SO-315844,106,11,1726392.0,11,Very High
SO-315888,100,9,1575678.4000000001,7,Very High
SO-316177,55,6,1299559.2,4,Very High
SO-316244,26,4,246802.0,4,Very High
SO-316249,7,2,55212.8,2,Very High
SO-316258,35,2,232640.0,2,Very High
SO-316263,1,1,365.8,1,Very Low
SO-316297,82,6,1533468.0,5,Very High
SO-316331,33,3,1566128.0,3,Very High
SO-316368,123,11,2068681.6,10,Very High
SO-316371,69,6,1468582.0,5,Very High
SO-316385,90,11,2618087.0,8,Very High
SO-316414,17,1,243712.0,1,Very High
SO-316474,43,5,499491.0,5,Very High
SO-316513,99,11,4600808.4,10,Very High
SO-316551,73,6,3019828.0,6,Very High
SO-316648,113,9,1178292.6,8,Very High
SO-316671,68,8,2707281.6,8,Very High
SO-316673,77,8,1281577.2,8,Very High
SO-316705,101,10,4212153.2,10,Very High
SO-316721,42,5,819934.2,4,Very High
SO-316754,100,8,1712293.4,6,Very High
SO-316780,25,2,268373.0,2,Very High
SO-316830,85,9,551468.8,8,Very High
SO-316841,14,1,168504.0,1,Very High
SO-316958,138,12,3472587.0,9,Very High
SO-316993,32,3,1492224.0,2,Very High
SO-317033,86,8,790695.2000000001,7,Very High
SO-317075,111,9,1245649.8,7,Very High
SO-317121,63,4,2794040.4,4,Very High
SO-317152,44,3,181484.0,3,Very High
SO-317198,7,2,231424.0,2,Very High
SO-317390,62,8,3012175.8,8,Very High
SO-317481,97,11,1794747.0,8,Very High
SO-317483,111,10,753556.8,7,Very High
SO-317497,54,5,1552807.0,3,Very High
SO-317499,68,8,2194936.8,7,Very High
SO-317610,5,1,82880.0,1,Very High
SO-317612,73,5,1976902.0,5,Very High
SO-317614,83,7,758857.0,6,Very High
SO-317695,86,9,3110317.8,9,Very High
SO-317757,21,3,65180.2,3,Very High
SO-317818,66,7,1440789.0,7,Very High
SO-317931,13,3,188600.0,3,Very High
SO-317966,130,11,2498733.0,10,Very High
SO-318023,53,6,700774.6,5,Very High
SO-318042,54,5,664659.2,5,Very High
SO-318098,28,4,50480.4,4,Very High
SO-318227,63,6,3446225.6,5,Very High
SO-318292,103,11,2655275.0,8,Very High
SO-318345,67,6,1407301.4,6,Very High
SO-318440,88,10,830808.2,6,Very High
SO-318441,1,1,31360.0,1,High
SO-318494,48,4,463048.0,4,Very High
SO-318505,42,5,1193389.2,5,Very High
SO-318507,6,1,114432.0,1,Very High
SO-318590,18,1,30798.0,1,High
SO-318715,13,2,18703.6,2,High
SO-318716,27,3,39636.2,2,High
SO-318887,44,5,881988.0,5,Very High
SO-318910,11,3,47689.6,3,High
SO-318917,63,7,1355340.8,6,Very High
SO-318967,46,6,235860.0,6,Very High
SO-319057,126,12,4387372.4,10,Very High
SO-319073,12,1,198912.0,1,Very High
SO-319131,43,3,952320.0,2,Very High
SO-319132,19,1,595840.0,1,Very High
SO-319209,116,12,1986943.0,9,Very High
SO-319213,117,11,2005343.8,10,Very High
SO-319248,28,3,210037.8,3,Very High
SO-319249,67,6,2006924.0,5,Very High
SO-319324,126,10,2369810.0,8,Very High
SO-319372,100,9,3673594.0,8,Very High
SO-319429,19,4,70954.0,4,Very High
SO-319476,105,9,1478759.2,8,Very High
SO-319650,56,5,999913.0,4,Very High
SO-319654,29,3,435939.0,3,Very High
SO-319705,153,12,4387023.4,6,Very High
SO-319771,76,9,533829.2,7,Very High
SO-319809,130,12,2024053.2,12,Very High
SO-319836,90,7,1062491.8,6,Very High
SO-319868,122,12,1842787.4,11,Very High
SO-319889,82,7,1448855.0,7,Very High
SO-319942,59,5,672974.4,4,Very High
SO-320148,71,6,1627138.8,6,Very High
SO-320153,36,3,766203.2,3,Very High
SO-320249,18,3,454334.0,3,Very High
SO-320296,73,8,708727.6,7,Very High
SO-320317,25,4,103609.2,4,Very High
SO-320343,80,7,1585987.4,7,Very High
SO-320385,149,12,2570804.0,11,Very High
SO-320420,151,12,2311827.8,10,Very High
SO-320435,92,8,1461893.2,6,Very High
SO-320493,97,9,2138883.0,8,Very High
SO-320535,67,8,2722564.2,8,Very High
SO-320654,58,5,1146503.0,5,Very High
SO-320690,35,3,730061.0,3,Very High
SO-320807,53,8,577611.6,7,Very High
SO-320847,31,5,1194699.0,5,Very High
SO-320849,7,2,4814.4,2,Low
SO-320877,80,9,1130812.2,7,Very High
SO-320957,78,6,2808101.2,4,Very High
SO-321022,129,9,2907080.0,8,Very High
SO-321034,95,11,1380768.6,10,Very High
SO-321044,35,6,464953.4,6,Very High
SO-321075,45,4,250877.0,3,Very High
SO-321109,128,9,2777909.6,8,Very High
SO-321124,15,1,248640.0,1,Very High
SO-321144,45,4,605035.0,4,Very High
SO-321157,62,5,2476063.2,5,Very High
SO-321225,88,8,2043996.6,7,Very High
SO-321272,88,7,2196266.2,7,Very High
SO-321325,126,11,1565233.4,9,Very High
SO-321379,30,3,842328.0,3,Very High
SO-321490,30,2,270547.2,2,Very High
SO-321513,88,7,1439018.6,6,Very High
SO-321572,55,5,1109661.0,5,Very High
SO-321637,58,6,957575.4,6,Very High
SO-321643,116,12,2082463.4,9,Very High
SO-321746,18,1,30798.0,1,High
SO-321756,116,12,4617985.0,9,Very High
SO-321763,137,12,5104022.0,10,Very High
SO-321792,128,11,3180656.2,10,Very High
SO-321875,73,10,1405461.4,10,Very High
SO-321918,103,9,1173110.4,8,Very High
SO-322017,26,3,595216.0,3,Very High
SO-322020,2,1,18526.0,1,High
SO-322076,89,8,3439584.0,6,Very High
SO-322082,4,1,609280.0,1,Very High
SO-322110,72,6,1201355.0,6,Very High
SO-322238,123,11,759496.8,10,Very High
SO-322291,123,9,1340910.0,7,Very High
SO-322413,117,12,1239234.4,10,Very High
SO-322466,81,9,2180299.4,8,Very High
SO-322468,21,2,194523.0,1,Very High
SO-322475,24,3,503040.0,3,Very High
SO-322557,49,3,862080.0,3,Very High
SO-322601,94,8,3177510.4,8,Very High
SO-322610,31,3,1755987.4,3,Very High
SO-322639,14,1,2132480.0,1,Very High
SO-322679,106,11,2081806.6,9,Very High
SO-322729,123,12,3369449.4,11,Very High
SO-322732,153,12,5170106.6,11,Very High
SO-322789,123,11,3595387.6,10,Very High
SO-322838,20,4,221173.6,4,Very High
SO-322864,84,6,5978285.6,5,Very High
SO-322893,74,6,813888.2,5,Very High
SO-322906,44,5,811257.2,4,Very High
SO-322914,5,1,6785.0,1,Medium
SO-322976,87,10,2698924.0,7,Very High
SO-323048,114,9,1266537.8,6,Very High
SO-323069,56,5,422797.6,5,Very High
SO-323071,97,10,1745714.0,8,Very High
SO-323138,50,6,274226.2,5,Very High
SO-323496,51,5,151696.2,5,Very High
SO-323554,12,1,20532.0,1,High
SO-323559,173,12,5970432.0,12,Very High
SO-323587,29,2,645763.0,2,Very High
SO-323623,116,12,2291464.2,8,Very High
SO-323664,61,7,2048315.2,7,Very High
SO-323675,17,1,25075.0,1,High
SO-323874,101,9,3426688.0,8,Very High
SO-323907,114,9,1408638.6,8,Very High
SO-323934,77,7,970910.0,7,Very High
SO-323966,67,10,2115908.4,10,Very High
SO-323968,43,4,1366064.8,4,Very High
SO-324079,135,12,5041094.6,11,Very High
SO-324114,105,9,657462.2,8,Very High
SO-324169,20,2,179390.0,2,Very High
SO-324415,17,1,11634.8,1,High
SO-324429,125,12,2198692.2,8,Very High
SO-324551,83,7,3804929.0,7,Very High
SO-324577,71,5,623274.4,5,Very High
SO-324595,94,7,4462889.0,6,Very High
SO-324639,23,3,140163.0,3,Very High
SO-324643,17,3,651611.6,3,Very High
SO-324645,11,2,78175.0,2,Very High
SO-324652,112,11,2380831.8,10,Very High
SO-324655,95,8,1397597.0,7,Very High
SO-324696,145,12,3313472.0,8,Very High
SO-324760,10,1,591360.0,1,Very High
SO-324928,63,7,1305130.0,7,Very High
SO-324943,78,8,1269299.0,7,Very High
SO-324979,79,7,725902.2,6,Very High
SO-325052,97,12,3097988.0,10,Very High
SO-325075,35,2,407105.0,2,Very High
SO-325077,97,10,1005603.6,9,Very High
SO-325095,124,12,3651091.4000000004,11,Very High
SO-325102,14,2,1345280.0,2,Very High
SO-325103,88,8,1808295.0,8,Very High
SO-325148,77,11,2725158.8,9,Very High
SO-325186,14,3,497187.2,3,Very High
SO-325211,11,2,164416.0,2,Very High
SO-325216,39,4,107368.2,4,Very High
SO-325340,47,5,301183.4,5,Very High
SO-325395,114,10,4304428.6,9,Very High
SO-325407,166,12,3276903.6,9,Very High
SO-325451,82,7,3513664.0,5,Very High
SO-325471,5,1,95360.0,1,Very High
SO-325522,91,12,3486019.4,11,Very High
SO-325563,26,3,519773.0,3,Very High
SO-325607,48,5,1009585.2,5,Very High
SO-325731,33,3,597357.6,3,Very High
SO-325753,45,5,583185.0,5,Very High
SO-325847,61,6,774154.6,6,Very High
SO-325854,54,5,363848.8,5,Very High
SO-325969,88,10,1911741.0,8,Very High
SO-326017,118,11,2235940.2,8,Very High
SO-326146,84,8,1550988.6,8,Very High
SO-326152,85,9,2134922.6,9,Very High
SO-326154,61,8,1534492.2,7,Very High
SO-326199,13,1,188032.0,1,Very High
SO-326325,111,9,671199.8,7,Very High
SO-326342,96,8,3202606.6,8,Very High
SO-326365,9,1,402048.0,1,Very High
SO-326390,57,6,860101.6,5,Very High
SO-326413,46,5,557980.0,5,Very High
SO-326485,68,6,570860.0,4,Very High
SO-326535,53,8,749163.2,7,Very High
SO-326543,79,8,2195638.2,8,Very High
SO-326601,56,5,1366819.4,5,Very High
SO-326624,90,8,1236337.8,7,Very High
SO-326679,28,5,614326.0,5,Very High
SO-326689,80,7,2783862.8,5,Very High
SO-326747,79,7,783872.6,5,Very High
SO-326818,107,9,1221962.0,8,Very High
SO-326838,106,11,1087596.8,9,Very High
SO-326858,109,12,2503251.2,9,Very High
SO-326865,6,1,5097.6,1,Medium
SO-326907,84,7,1268965.8,6,Very High
SO-326914,45,5,286742.0,5,Very High
SO-326981,106,11,1405322.8,9,Very High
SO-327023,30,3,1183373.6,3,Very High
SO-327068,121,11,2432337.0,11,Very High
SO-327127,112,10,4544341.0,9,Very High
SO-327157,32,5,1310671.0,4,Very High
SO-327169,88,7,847825.6,6,Very High
SO-327224,4,1,203776.0,1,Very High
SO-327230,103,8,1782243.8,8,Very High
SO-327246,91,7,3922905.6,7,Very High
SO-327316,115,10,1919484.0,10,Very High
SO-327350,72,5,1852416.6,5,Very High
SO-327388,61,6,339157.8,6,Very High
SO-327394,105,8,1831561.6,7,Very High
SO-327499,44,5,934205.8,5,Very High
SO-327517,11,1,34496.0,1,High
SO-327558,83,7,1535260.8,6,Very High
SO-327579,101,11,2519188.0,8,Very High
SO-327618,44,7,376739.2,6,Very High
SO-327664,73,10,1331290.6,8,Very High
SO-327691,103,9,2322813.0,7,Very High
SO-327702,69,7,807263.8,7,Very High
SO-327818,12,2,350400.0,2,Very High
SO-327960,55,6,1109492.0,6,Very High
SO-327963,81,7,3207580.8,7,Very High
SO-327971,43,4,637049.8,4,Very High
SO-327984,42,6,44908.0,6,High
SO-328015,104,9,1655654.6,8,Very High
SO-328101,15,3,85522.0,3,Very High
SO-328128,6,1,354816.0,1,Very High
SO-328176,75,9,702580.6,7,Very High
SO-328191,15,4,206248.6,4,Very High
SO-328207,48,4,2428766.4,4,Very High
SO-328222,40,4,1455283.2,4,Very High
SO-328232,74,5,924977.2,5,Very High
SO-328237,87,8,1107101.0,8,Very High
SO-328314,62,6,815103.0,5,Very High
SO-328327,132,12,4503467.2,9,Very High
SO-328331,85,9,1532269.0,8,Very High
SO-328336,87,7,2013286.0,7,Very High
SO-328421,90,10,2632248.6,9,Very High
SO-328580,110,12,3182327.4,11,Very High
SO-328589,98,10,1378844.0,8,Very High
SO-328599,54,5,2786713.6,5,Very High
SO-328636,19,1,88559.0,1,Very High
SO-328757,80,10,1243689.0,7,Very High
SO-328789,117,12,2909249.2,10,Very High
SO-328956,131,12,5439969.0,10,Very High
SO-328992,105,11,1442518.0,9,Very High
SO-328999,16,2,308158.0,2,Very High
SO-329098,20,1,53100.0,1,Very High
SO-329115,131,11,2929971.6,10,Very High
SO-329157,120,12,1912702.6,11,Very High
SO-329214,111,8,2240307.4,7,Very High
SO-329245,101,9,2872784.0,8,Very High
SO-329315,115,10,1852462.4,8,Very High
SO-329377,93,10,2995043.6,9,Very High
SO-329523,24,3,642717.0,3,Very High
SO-329552,134,12,2906136.0,9,Very High
SO-329566,77,8,3250584.0,7,Very High
SO-329748,99,9,3283674.4,8,Very High
SO-329766,2,1,56064.0,1,Very High
SO-329799,31,4,980609.2,4,Very High
SO-329855,56,6,1561710.6,5,Very High
SO-329871,111,12,1904674.0,9,Very High
SO-329886,139,12,5213310.0,10,Very High
SO-329890,88,6,3843570.4,6,Very High
SO-329934,103,8,1852970.0,7,Very High
SO-330016,17,1,14443.2,1,High
SO-330048,47,5,325301.2,5,Very High
SO-330066,124,12,839230.4,12,Very High
SO-330220,66,5,2449190.0,5,Very High
SO-330285,56,7,531640.0,5,Very High
SO-330296,148,11,1998659.0,9,Very High
SO-330345,52,4,647497.0,3,Very High
SO-330413,26,2,777344.0,2,Very High
SO-330482,79,7,2646634.0,7,Very High
SO-330504,53,5,876917.0,5,Very High
SO-330550,95,9,1918614.0,8,Very High
SO-330632,73,5,1172058.4,4,Very High
SO-330671,142,10,2939967.4,9,Very High
SO-330690,47,5,513935.6,5,Very High
SO-330691,33,3,122224.4,3,Very High
SO-330707,81,7,1298685.0,6,Very High
SO-330755,55,7,2787931.0,6,Very High
SO-330841,116,12,2085673.0,8,Very High
SO-330889,30,6,668501.6,6,Very High
SO-330923,111,9,3205911.0,8,Very High
SO-331109,83,6,1237635.0,6,Very High
SO-331169,96,9,1143049.4,7,Very High
SO-331171,49,5,2658437.4,5,Very High
SO-331183,36,2,1125407.0,2,Very High
SO-331297,82,7,3133895.6,6,Very High
SO-331312,9,1,108324.0,1,Very High
SO-331382,88,9,1312305.8,6,Very High
SO-331424,152,10,293258.4,8,Very High
SO-331561,87,11,2028524.8,9,Very High
SO-331571,23,3,138355.0,3,Very High
SO-331604,20,1,432640.0,1,Very High
SO-331620,98,8,3339084.4,7,Very High
SO-331678,41,4,1943360.0,4,Very High
SO-331711,126,10,6383120.0,9,Very High
SO-331740,46,5,1242980.0,5,Very High
SO-331796,4,1,203776.0,1,Very High
SO-331827,91,9,1836810.0,9,Very High
SO-331851,107,8,1304345.2,8,Very High
SO-331859,78,9,1375375.4,9,Very High
SO-331907,20,1,289280.0,1,Very High
SO-331921,117,8,2622058.4,8,Very High
SO-331944,23,2,2459072.0,2,Very High
SO-331964,35,3,946347.0,3,Very High
SO-332003,43,3,501875.0,3,Very High
SO-332070,22,3,571328.0,3,Very High
SO-332151,94,9,1764794.0,8,Very High
SO-332156,37,3,691509.0,3,Very High
SO-332208,60,5,1055439.0,4,Very High
SO-332301,122,10,5337167.0,9,Very High
SO-332306,107,8,4851182.2,7,Very High
SO-332313,96,8,1255325.2,7,Very High
SO-332331,93,8,805839.6,7,Very High
SO-332357,46,7,2150816.6,7,Very High
SO-332387,134,12,2863865.6,11,Very High
SO-332409,111,11,3039629.0,8,Very High
SO-332424,35,4,522130.0,3,Very High
SO-332465,78,5,470550.8,4,Very High
SO-332496,54,3,1570753.0,3,Very High
SO-332615,110,9,1423319.8,7,Very High
SO-332684,63,6,1084221.0,6,Very High
SO-332702,128,11,2361837.6,9,Very High
SO-332722,19,1,1123584.0,1,Very High
SO-332779,62,6,668560.4,6,Very High
SO-332788,132,12,4004152.0,10,Very High
SO-332822,89,10,435043.0,10,Very High
SO-332845,115,10,1128882.2,8,Very High
SO-332851,124,11,1783343.0,8,Very High
SO-332886,70,8,803402.0,7,Very High
SO-332913,56,5,1677053.0,4,Very High
SO-332940,94,10,656814.4,9,Very High
SO-333090,28,4,550208.0,4,Very High
SO-333156,85,10,2271437.4,9,Very High
SO-333202,140,12,4965744.0,9,Very High
SO-333217,35,3,2621752.0,3,Very High
SO-333241,60,6,1449070.0,6,Very High
SO-333333,80,7,1377190.6,7,Very High
SO-333387,119,10,2520611.8,9,Very High
SO-333521,46,3,271674.4,3,Very High
SO-333581,93,10,761952.8,7,Very High
SO-333609,115,9,5348988.8,6,Very High
SO-333624,50,5,281220.2,5,Very High
SO-333702,61,5,1260790.4,5,Very High
SO-333728,36,2,554176.0,2,Very High
SO-333733,113,11,4663232.0,8,Very High
SO-333782,44,4,815360.0,4,Very High
SO-333793,56,5,870235.4,5,Very High
SO-333849,34,3,53443.4,3,Very High
SO-333918,113,12,2809926.0,10,Very High
SO-333946,67,7,945893.2,6,Very High
SO-333990,29,5,662483.2,5,Very High
SO-334059,1,1,35328.0,1,High
SO-334107,121,8,1787126.0,6,Very High
SO-334163,116,10,2790883.6,7,Very High
SO-334170,21,3,92637.0,3,Very High
SO-334172,29,3,438889.0,3,Very High
SO-334196,55,5,1545202.8,5,Very High
SO-334231,64,5,825679.0,4,Very High
SO-334306,102,7,1421319.8,7,Very High
SO-334337,43,5,1384918.0,5,Very High
SO-334339,53,4,3021343.0,4,Very High
SO-334342,100,10,2241328.6,8,Very High
SO-334388,18,2,76275.2,2,Very High
SO-334397,89,7,1448545.6,6,Very High
SO-334466,137,11,3000284.2,8,Very High
SO-334510,149,12,5012084.2,10,Very High
SO-334545,110,7,1758526.2000000002,6,Very High
SO-334549,16,3,237031.0,3,Very High
SO-334578,29,3,434672.0,3,Very High
SO-334644,35,3,1989516.8,3,Very High
SO-334747,52,5,779244.4,5,Very High
SO-334775,112,10,1457972.8,7,Very High
SO-334785,37,4,2329333.0,4,Very High
SO-334794,18,1,56448.0,1,Very High
SO-334814,67,5,1309709.6,5,Very High
SO-334869,65,7,1533019.4,6,Very High
SO-334871,6,1,79104.0,1,Very High
SO-334903,141,12,1923039.8,10,Very High
SO-334916,32,3,762880.0,3,Very High
SO-334917,61,4,526842.0,4,Very High
SO-334955,53,4,3626221.6,4,Very High
SO-334977,78,7,417436.6,7,Very High
SO-334979,35,6,172673.0,5,Very High
SO-335011,97,7,1260120.4,5,Very High
SO-335139,138,12,1537366.6,11,Very High
SO-335163,102,12,1604020.7999999998,12,Very High
SO-335230,70,7,987260.4,7,Very High
SO-335233,75,6,3728371.0,5,Very High
SO-335294,18,1,916992.0,1,Very High
SO-335299,144,12,5561407.8,10,Very High
SO-335338,113,10,3097102.6,9,Very High
SO-335365,109,9,5541131.0,8,Very High
SO-335387,18,2,387072.0,2,Very High
SO-335406,169,11,4638989.0,10,Very High
SO-335408,7,1,413952.0,1,Very High
SO-335415,44,6,810160.6,6,Very High
SO-335444,102,10,2376210.8,9,Very High
SO-335483,24,2,2837760.0,2,Very High
SO-335547,89,8,4996524.0,8,Very High
SO-335573,21,2,833408.0,2,Very High
SO-335686,4,1,37052.0,1,High
SO-335703,118,10,1765445.0,9,Very High
SO-335727,37,3,667392.0,3,Very High
SO-335803,50,7,486727.0,6,Very High
SO-335816,100,9,1392170.8,7,Very High
SO-335847,67,8,1209811.2,8,Very High
SO-335876,13,3,131870.0,3,Very High
SO-335975,81,7,1845100.4,7,Very High
SO-336029,106,12,2494761.8,10,Very High
SO-336048,103,9,1487128.8,7,Very High
SO-336065,67,6,1330766.0,6,Very High
SO-336111,107,10,4088560.4,10,Very High
SO-336128,148,12,2372804.8,12,Very High
SO-336149,92,8,3038246.6,7,Very High
SO-336182,37,5,360129.2,4,Very High
SO-336218,156,12,2385052.0,12,Very High
SO-336224,14,1,168504.0,1,Very High
SO-336250,17,3,668735.0,3,Very High
SO-336259,20,2,1287091.2,2,Very High
SO-336283,136,12,3440796.0,11,Very High
SO-336297,9,1,402048.0,1,Very High
SO-336447,26,5,185786.0,4,Very High
SO-336489,25,2,545856.0,2,Very High
SO-336491,129,11,2863118.6,9,Very High
SO-336535,21,4,70923.2,4,Very High
SO-336550,97,7,2612890.0,7,Very High
SO-336565,124,11,4350702.2,10,Very High
SO-336672,10,2,185728.0,2,Very High
SO-336695,18,2,164583.0,2,Very High
SO-336707,30,2,1177728.0,2,Very High
SO-336789,65,6,1719878.4,6,Very High
SO-336861,111,11,1243599.6,10,Very High
SO-336868,132,10,1001745.0,9,Very High
SO-336897,79,10,939413.6,10,Very High
SO-336929,66,9,483558.8,8,Very High
SO-336940,146,10,3034252.1999999997,10,Very High
SO-337089,91,11,644105.0,8,Very High
SO-337151,131,9,1001292.4,8,Very High
SO-337168,108,12,1011495.8,9,Very High
SO-337196,45,4,569553.0,4,Very High
SO-337298,31,3,220995.2,3,Very High
SO-337382,127,10,4236418.0,10,Very High
SO-337427,92,8,665895.8,5,Very High
SO-337467,124,11,3060683.8,10,Very High
SO-337483,69,5,490021.0,5,Very High
SO-337501,64,7,1505432.8,7,Very High
SO-337507,112,12,1945117.6,9,Very High
SO-337508,49,5,620831.8,5,Very High
SO-337541,96,9,1456996.2,9,Very High
SO-337575,77,6,1055074.4,6,Very High
SO-337643,44,7,1209140.0,7,Very High
SO-337722,64,8,531832.2,7,Very High
SO-337747,71,8,869126.0,8,Very High
SO-337756,16,1,565248.0,1,Very High
SO-337800,76,10,941960.6,9,Very High
SO-337818,63,6,1383004.6,6,Very High
SO-337820,82,7,1918171.4,7,Very High
SO-337898,37,4,726845.4,4,Very High
SO-337909,38,4,659474.4,4,Very High
SO-337988,1,1,19072.0,1,High
SO-338138,44,4,732797.0,4,Very High
SO-338142,107,8,4678275.6,6,Very High
SO-338272,1,1,3136.0,1,Low
SO-338320,13,2,586752.0,2,Very High
SO-338321,107,12,2990223.6,11,Very High
SO-338423,70,8,2139222.4,7,Very High
SO-338451,64,6,1449881.0,4,Very High
SO-338480,52,5,2660469.0,4,Very High
SO-338607,9,1,402048.0,1,Very High
SO-338649,48,6,1332078.0,6,Very High
SO-338738,130,9,1994521.8,6,Very High
SO-338831,24,2,139759.2,2,Very High
SO-338876,27,2,464385.2,2,Very High
SO-338892,49,5,2835829.2,5,Very High
SO-338979,86,9,2948321.0,8,Very High
SO-339027,108,12,2764890.8000000003,9,Very High
SO-339129,60,7,2204795.8,7,Very High
SO-339138,81,8,2300146.6,6,Very High
SO-339170,107,9,2646806.2,8,Very High
SO-339197,49,4,754246.0,3,Very High
SO-339203,68,5,1058102.2,5,Very High
SO-339208,47,5,873009.8,5,Very High
SO-339268,79,6,2591779.0,6,Very High
SO-339315,52,6,743668.0,6,Very High
SO-339327,146,12,1946510.8,11,Very High
SO-339368,107,10,2682689.8,7,Very High
SO-339404,10,3,152192.0,2,Very High
SO-339439,162,12,3413251.8,11,Very High
SO-339459,48,8,522795.4,8,Very High
SO-339491,138,9,5395666.0,9,Very High
SO-339596,6,1,18816.0,1,High
SO-339613,101,11,734211.4,9,Very High
SO-339632,10,1,14750.0,1,High
SO-339668,36,3,358796.0,3,Very High
SO-339740,21,2,139986.0,2,Very High
SO-339763,51,5,1160640.0,4,Very High
SO-339849,12,2,87991.2,2,Very High
SO-339874,99,11,1221102.2,9,Very High
SO-339912,70,10,1363042.6,7,Very High
SO-339962,34,3,1178461.6,3,Very High
SO-339994,29,4,1314264.8,4,Very High
SO-340014,35,3,951143.0,3,Very High
SO-340058,40,4,27635.6,4,High
SO-340124,97,10,2360776.0,7,Very High
SO-340156,43,3,791225.0,3,Very High
SO-340172,83,7,1178906.0,7,Very High
SO-340238,65,10,1454612.4,10,Very High
SO-340239,84,9,1665214.0,8,Very High
SO-340250,31,4,959516.2,4,Very High
SO-340256,112,9,3277348.0,9,Very High
SO-340317,31,5,270739.0,4,Very High
SO-340327,141,12,3886329.8,11,Very High
SO-340375,112,8,2392304.0,8,Very High
SO-340389,67,6,1036459.0,6,Very High
SO-340408,51,3,876607.0,3,Very High
SO-340441,29,2,634846.4,2,Very High
SO-340442,73,7,1080944.6,6,Very High
SO-340614,92,6,548801.4,5,Very High
SO-340655,26,2,959744.0,2,Very High
SO-340684,5,1,3068.0,1,Low
SO-340799,97,9,1003357.8,6,Very High
SO-340815,52,4,1066831.0,4,Very High
SO-340834,134,11,2436314.2,10,Very High
SO-340900,9,1,129024.0,1,Very High
SO-340908,19,4,215761.0,4,Very High
SO-340910,138,12,2876676.2,11,Very High
SO-340912,44,7,1138722.0,7,Very High
SO-340969,96,12,2456434.0,10,Very High
SO-341000,29,4,196843.2,4,Very High
SO-341092,71,7,1442563.6,7,Very High
SO-341118,68,6,4383245.0,6,Very High
SO-341129,52,5,1080614.0,4,Very High
SO-341200,141,10,2865513.4,10,Very High
SO-341206,72,8,2711839.2,8,Very High
SO-341215,60,4,547247.2,3,Very High
SO-341248,40,4,438572.0,4,Very High
SO-341260,109,12,4279471.6,10,Very High
SO-341288,111,10,2711547.8,9,Very High
SO-341333,56,7,390968.8,7,Very High
SO-341367,2,1,6272.0,1,Medium
SO-341393,107,11,1883449.4,9,Very High
SO-341424,114,12,2109360.4,8,Very High
SO-341499,111,10,1213974.2,9,Very High
SO-341570,17,1,224128.0,1,Very High
SO-341588,110,9,3349858.8,7,Very High
SO-341608,38,5,462712.0,4,Very High
SO-341624,75,7,1052340.0,6,Very High
SO-341627,118,9,4991465.4,7,Very High
SO-341664,113,11,2898952.6,10,Very High
SO-341817,59,5,652113.4,5,Very High
SO-341951,60,8,901357.8,8,Very High
SO-342026,37,5,256052.8,3,Very High
SO-342035,66,7,1381093.4,7,Very High
SO-342037,137,12,3991409.6,12,Very High
SO-342093,43,5,2369389.8,5,Very High
SO-342166,7,2,100480.0,2,Very High
SO-342249,72,6,463209.0,5,Very High
SO-342310,108,11,1700677.0,10,Very High
SO-342314,55,5,1240025.4,4,Very High
SO-342360,8,1,21240.0,1,High
SO-342415,11,3,249984.0,3,Very High
SO-342506,78,6,6025054.4,5,Very High
SO-342535,123,9,6106519.2,8,Very High
SO-342559,48,7,511841.6,7,Very High
SO-342563,46,5,421313.8,5,Very High
SO-342586,136,12,3148131.6,10,Very High
SO-342592,68,9,3212009.0,9,Very High
SO-342676,53,4,2447872.0,4,Very High
SO-342685,123,9,5033641.8,8,Very High
SO-342749,22,3,135506.4,3,Very High
SO-342763,18,2,67968.0,2,Very High
SO-342807,2,1,1227.2,1,Low
SO-342872,104,11,3076995.8,9,Very High
SO-342889,72,9,3075402.0,7,Very High
SO-342956,48,4,993648.0,4,Very High
SO-342976,3,1,1097.4,1,Low
SO-343077,107,10,2075472.6,8,Very High
SO-343083,66,5,3724928.0,5,Very High
SO-343086,17,2,1533525.0,2,Very High
SO-343091,4,1,48144.0,1,High
SO-343164,123,9,3956853.6,8,Very High
SO-343199,43,6,1017456.0,5,Very High
SO-343273,19,2,46652.8,2,High
SO-343280,82,7,462277.6,7,Very High
SO-343311,69,6,1057814.0,6,Very High
SO-343411,137,12,2662493.6,9,Very High
SO-343423,115,9,1791697.0,8,Very High
SO-343436,107,9,817118.2,7,Very High
SO-343493,49,3,717834.0,3,Very High
SO-343549,143,12,3419777.8,10,Very High
SO-343632,98,7,1080114.6,5,Very High
SO-343643,38,6,41134.8,5,High
SO-343756,70,6,1047570.0,5,Very High
SO-343810,125,12,3960178.0,11,Very High
SO-343847,99,8,1925390.6,8,Very High
SO-343890,60,4,1129970.2,4,Very High
SO-343929,109,10,2151702.0,10,Very High
SO-344071,10,1,509440.0,1,Very High
SO-344109,61,8,702076.4,7,Very High
SO-344284,36,3,802941.0,3,Very High
SO-344293,92,9,2488205.0,8,Very High
SO-344376,67,7,1213182.2,7,Very High
SO-344417,121,9,1395215.4,7,Very High
SO-344456,16,2,434048.0,2,Very High
SO-344479,5,1,254720.0,1,Very High
SO-344567,81,10,1325590.6,10,Very High
SO-344596,22,2,482669.6,2,Very High
SO-344618,51,5,1209848.2,5,Very High
SO-344623,35,7,394036.8,7,Very High
SO-344627,73,6,3045428.0,6,Very High
SO-344705,43,4,1018684.0,4,Very High
SO-344731,45,6,672128.0,4,Very High
SO-344763,9,2,611109.0,2,Very High
SO-344772,98,9,1882096.0,9,Very High
SO-344786,113,10,2071179.4,7,Very High
SO-344799,22,3,472892.0,3,Very High
SO-344820,136,11,2164356.0,8,Very High
SO-344876,102,9,3534455.8,8,Very High
SO-344899,56,5,938964.6,4,Very High
SO-344937,32,3,496952.4,3,Very High
SO-344967,138,11,3564612.2,9,Very High
SO-344986,47,5,630477.0,4,Very High
SO-345075,7,1,18585.0,1,High
SO-345189,52,5,528916.0,5,Very High
SO-345209,107,10,4755614.0,9,Very High
SO-345261,26,3,236411.0,3,Very High
SO-345272,1,1,4661.0,1,Low
SO-345285,128,12,2501941.8,10,Very High
SO-345492,28,3,153164.0,3,Very High
SO-345506,99,11,1484636.8,10,Very High
SO-345519,56,8,752958.0,7,Very High
SO-345624,2,1,118272.0,1,Very High
SO-345651,14,2,28486.4,2,High
SO-345728,110,9,3543447.1999999997,7,Very High
SO-345765,160,12,4441811.0,10,Very High
SO-345887,62,5,710729.0,4,Very High
SO-346004,127,12,3006611.6,8,Very High
SO-346026,53,10,1353677.4,8,Very High
SO-346033,84,8,461652.0,8,Very High
SO-346094,28,2,401408.0,1,Very High
SO-346096,14,2,323968.0,2,Very High
SO-346114,119,11,4931106.8,9,Very High
SO-346154,115,10,552843.4,8,Very High
SO-346156,10,2,129956.0,2,Very High
SO-346174,125,10,2686085.2,9,Very High
SO-346213,16,1,50176.0,1,Very High
SO-346370,36,3,2298656.0,3,Very High
SO-346401,88,10,2328883.4,10,Very High
SO-346414,85,6,3489795.0,6,Very High
SO-346429,139,12,4157719.2,10,Very High
SO-346481,26,3,1055344.0,3,Very High
SO-346489,109,11,5440035.6,9,Very High
SO-346499,132,12,3344803.2,9,Very High
SO-346567,9,2,25937.6,2,High
SO-346581,54,7,1695790.0,6,Very High
SO-346601,80,5,2211033.2,5,Very High
SO-346708,130,12,3045379.6,10,Very High
SO-346782,89,7,2254434.2,6,Very High
SO-346846,62,6,1059737.4,5,Very High
SO-346870,98,7,4536832.0,6,Very High
SO-346919,69,7,1237073.6,5,Very High
SO-346937,116,11,1866682.0,8,Very High
SO-346960,54,6,1249260.6,6,Very High
SO-347000,91,9,3787868.4,8,Very High
SO-347118,122,10,1280328.2,9,Very High
SO-347147,132,12,4136598.0,10,Very High
SO-347212,74,7,1176883.2,6,Very High
SO-347273,48,6,567453.6,4,Very High
SO-347293,83,8,5281128.4,5,Very High
SO-347310,75,5,1522845.0,5,Very High
SO-347333,92,9,3930506.2,7,Very High
SO-347335,80,8,1431199.4,8,Very High
SO-347338,81,7,989201.0,5,Very High
SO-347432,123,11,985366.4,11,Very High
SO-347452,56,6,420287.0,5,Very High
SO-347462,91,12,909094.4,11,Very High
SO-347488,130,9,2375353.8,7,Very High
SO-347489,86,9,1830494.4,8,Very High
SO-347503,19,2,299350.0,2,Very High
SO-347505,86,8,2450537.4,8,Very High
SO-347578,69,7,2841280.0,6,Very High
SO-347654,24,5,142443.2,4,Very High
SO-347718,84,8,1452988.8,8,Very High
SO-347727,19,2,247744.0,2,Very High
SO-347774,31,5,597921.0,5,Very High
SO-347826,21,4,471341.0,4,Very High
SO-347837,3,1,36108.0,1,High
SO-347898,61,6,1251390.4,5,Very High
SO-347924,135,10,3060395.8,10,Very High
SO-347962,123,11,2476358.6,8,Very High
SO-348000,84,10,1524371.0,7,Very High
SO-348123,101,11,5018577.2,8,Very High
SO-348368,27,2,219429.6,2,Very High
SO-348394,91,9,1436406.4,7,Very High
SO-348460,30,3,106630.0,3,Very High
SO-348462,17,3,1143625.0,3,Very High
SO-348463,4,1,609280.0,1,Very High
SO-348533,91,11,2058835.6,7,Very High
SO-348578,80,9,2511417.0,8,Very High
SO-348676,109,11,2976286.8,10,Very High
SO-348767,101,8,660662.0,7,Very High
SO-348774,110,11,1515442.2,10,Very High
SO-348897,67,6,2473926.6,6,Very High
SO-349028,94,8,4585048.8,8,Very High
SO-349093,17,2,244480.0,2,Very High
SO-349152,78,6,3755437.0,4,Very High
SO-349172,88,8,2518173.6,7,Very High
SO-349216,81,9,1449093.8,9,Very High
SO-349253,87,11,3837051.4,9,Very High
SO-349260,91,8,2141802.8,7,Very High
SO-349271,36,2,1009152.0,1,Very High
SO-349297,71,6,2163547.0,5,Very High
SO-349382,81,9,2393107.2,8,Very High
SO-349408,142,12,5109616.8,11,Very High
SO-349462,22,3,122578.4,3,Very High
SO-349512,96,9,2581051.0,8,Very High
SO-349679,39,5,266697.0,4,Very High
SO-349705,13,3,482304.0,3,Very High
SO-349714,166,12,1872541.4,8,Very High
SO-349766,61,6,1520816.0,6,Very High
SO-349879,131,8,1632599.2,8,Very High
SO-349954,24,2,330240.0,2,Very High
SO-350021,63,7,2341414.0,7,Very High
SO-350267,81,7,3491902.6,6,Very High
SO-350379,24,2,20461.2,2,High
SO-350443,36,4,2520466.2,4,Very High
SO-350537,5,1,176640.0,1,Very High
SO-350611,93,9,1368484.8,8,Very High
SO-350782,30,2,866884.0,2,Very High
SO-350803,116,9,3626650.4,8,Very High
SO-350834,19,1,274816.0,1,Very High
SO-350842,46,8,840304.8,6,Very High
SO-350953,34,3,906533.6,3,Very High
SO-351037,122,11,2202661.8,11,Very High
SO-351065,102,10,2548905.2,8,Very High
SO-351092,132,11,3064424.4,9,Very High
SO-351191,2,1,731.6,1,Very Low
SO-351193,104,10,836215.0,7,Very High
SO-351201,27,3,798704.0,2,Very High
SO-351204,123,11,3012625.2,8,Very High
SO-351207,56,4,268568.0,3,Very High
SO-351273,32,2,2190848.0,2,Very High
SO-351318,50,7,977984.8,7,Very High
SO-351339,28,2,630529.2,2,Very High
SO-351414,89,6,2970498.0,6,Very High
SO-351424,89,8,977961.0,8,Very High
SO-351453,110,10,1774711.8,9,Very High
SO-351517,99,10,1653038.0,9,Very High
SO-351581,76,10,1418315.4,9,Very High
SO-351628,55,4,1121632.0,4,Very High
SO-351632,64,8,3040817.0,6,Very High
SO-351649,56,4,2705280.0,4,Very High
SO-351743,107,11,2651731.0,6,Very High
SO-351824,39,5,2004613.4,5,Very High
SO-351886,68,7,387189.8,6,Very High
SO-351891,7,1,133504.0,1,Very High
SO-351908,92,7,1979289.4,5,Very High
SO-352012,48,4,550172.0,4,Very High
SO-352074,45,4,2862934.0,3,Very High
SO-352192,104,9,1196430.4,8,Very High
SO-352215,87,10,2068412.0,7,Very High
SO-352240,22,2,163224.0,2,Very High
SO-352274,43,5,2411530.6,5,Very High
SO-352501,61,7,4064299.0,5,Very High
SO-352567,27,3,56172.0,3,Very High
SO-352585,145,12,2330032.6,9,Very High
SO-352634,137,12,1751332.2,12,Very High
SO-352776,11,2,205504.0,2,Very High
SO-352838,58,6,895300.0,6,Very High
SO-352876,49,5,433240.0,5,Very High
SO-353056,55,6,1393417.0,4,Very High
SO-353186,113,10,2016318.4,9,Very High
SO-353190,66,7,918236.0,6,Very High
SO-353207,29,3,3412992.0,3,Very High
SO-353213,68,7,998751.0,7,Very High
SO-353262,77,8,1750171.2,7,Very High
SO-353264,12,2,502016.0,2,Very High
SO-353314,118,9,1177735.6,8,Very High
SO-353520,115,10,1057372.2,7,Very High
SO-353535,99,8,1676420.8,8,Very High
SO-353580,82,7,1747204.0,5,Very High
SO-353594,123,10,2205119.2,7,Very High
SO-353721,81,6,1396896.0,5,Very High
SO-353777,82,11,796647.0,10,Very High
SO-353784,122,12,2179387.0,9,Very High
SO-353808,106,12,3842384.2,11,Very High
SO-353941,59,6,359529.4,6,Very High
SO-353990,19,2,32072.4,2,High
SO-354036,54,5,513634.0,4,Very High
SO-354056,37,3,537180.8,3,Very High
SO-354063,36,5,2055753.0,5,Very High
SO-354065,18,2,288628.8,2,Very High
SO-354080,120,11,1664928.8,11,Very High
SO-354106,64,6,176038.0,5,Very High
SO-354139,2,1,2950.0,1,Low
SO-354252,143,12,3337934.2,10,Very High
SO-354261,37,3,2108672.0,2,Very High
SO-354303,24,4,1391367.6,4,Very High
SO-354326,29,2,400944.0,2,Very High
SO-354330,131,11,2572084.4,9,Very High
SO-354333,33,3,757568.0,3,Very High
SO-354344,60,6,1241617.2,6,Very High
SO-354382,18,5,130525.0,5,Very High
SO-354397,92,9,2182694.0,7,Very High
SO-354452,22,3,83547.6,3,Very High
SO-354512,103,10,4166371.2,10,Very High
SO-354599,77,6,1010331.8,5,Very High
SO-354605,66,7,1053107.0,4,Very High
SO-354606,90,8,2394706.4,7,Very High
SO-354617,45,3,1509112.0,3,Very High
SO-354655,65,5,1154159.0,4,Very High
SO-354657,98,8,1996762.4000000001,8,Very High
SO-354795,79,8,680580.2,6,Very High
SO-354813,92,7,1302268.0,7,Very High
SO-354835,72,5,1062841.8,5,Very High
SO-354837,31,3,757430.8,2,Very High
SO-354918,37,4,1177600.0,4,Very High
SO-354952,83,8,2176538.0,8,Very High
SO-354994,43,3,592427.0,3,Very High
SO-355058,4,1,5900.0,1,Medium
SO-355123,66,6,2120051.0,5,Very High
SO-355133,133,12,1674055.6,11,Very High
SO-355154,95,10,1394811.8,9,Very High
SO-355175,50,4,2869376.0,3,Very High
SO-355187,11,2,817178.0,2,Very High
SO-355203,34,2,51802.0,2,Very High
SO-355225,126,11,2493622.4,9,Very High
SO-355282,38,5,732152.0,4,Very High
SO-355322,129,10,2921486.2,9,Very High
SO-355324,9,3,348677.2,3,Very High
SO-355349,80,9,3951607.0,9,Very High
SO-355383,69,8,772178.6,6,Very High
SO-355398,52,5,1220374.0,5,Very High
SO-355416,19,2,498840.0,2,Very High
SO-355475,79,7,1681609.0,7,Very High
SO-355529,65,6,985172.2,6,Very High
SO-355544,57,6,1336700.6,5,Very High
SO-355602,103,10,3859632.8,8,Very High
SO-355642,61,6,4334689.6,6,Very High
SO-355650,110,10,1089071.8,6,Very High
SO-355666,34,4,146861.2,4,Very High
SO-355674,106,12,2203355.0,11,Very High
SO-355698,28,3,99000.6,3,Very High
SO-355719,51,7,914318.0,7,Very High
SO-355810,9,3,279936.0,2,Very High
SO-355832,18,2,7186.2,2,Medium
SO-355864,104,11,1219227.0,10,Very High
SO-355889,25,2,244775.0,2,Very High
SO-355924,52,5,416194.4,5,Very High
SO-355966,89,8,1932374.4,7,Very High
SO-356125,127,10,1865367.0,9,Very High
SO-356141,25,2,1809280.0,2,Very High
SO-356165,34,3,417192.0,3,Very High
SO-356199,72,6,694449.6,6,Very High
SO-356270,70,8,966500.2,7,Very High
SO-356293,80,8,3135973.0,7,Very High
SO-356374,82,7,2183789.0,6,Very High
SO-356434,31,3,1418752.0,3,Very High
SO-356452,106,10,1519925.4,10,Very High
SO-356519,34,4,479305.0,4,Very High
SO-356549,90,12,1011573.4,10,Very High
SO-356559,95,11,2187361.6,8,Very High
SO-356571,135,11,3794382.0,10,Very High
SO-356644,40,3,807578.0,3,Very High
SO-356663,105,8,5069256.0,7,Very High
SO-356716,37,4,408764.0,4,Very High
SO-356749,56,4,208600.4,3,Very High
SO-356773,56,4,181476.0,4,Very High
SO-356787,16,4,95429.8,4,Very High
SO-356812,26,2,195986.0,2,Very High
SO-356826,150,12,1908194.4,9,Very High
SO-356841,40,3,2494824.4,3,Very High
SO-356850,156,12,2987643.2,8,Very High
SO-356900,85,8,4106897.0,7,Very High
SO-356945,108,11,4077619.1999999997,10,Very High
SO-356947,57,7,2495338.0,6,Very High
SO-356962,132,12,2186847.4,10,Very High
SO-357075,106,10,1732515.0,8,Very High
SO-357082,25,3,93315.0,3,Very High
SO-357209,85,9,1856483.8,9,Very High
SO-357228,93,10,4614125.8,8,Very High
SO-357412,16,1,42480.0,1,High
SO-357513,7,2,158592.0,2,Very High
SO-357561,24,2,382848.0,2,Very High
SO-357636,37,4,1117607.0,4,Very High
SO-357660,29,3,1365342.0,3,Very High
SO-357706,56,5,629077.6,5,Very High
SO-357762,137,10,2512587.4,8,Very High
SO-357764,38,3,1029924.8,2,Very High
SO-357770,40,7,457083.2,7,Very High
SO-357785,159,12,8420708.0,8,Very High
SO-357829,52,5,1911201.0,4,Very High
SO-357851,5,1,7375.0,1,Medium
SO-357857,118,12,1425147.4,12,Very High
SO-357930,14,4,55994.4,4,Very High
SO-357964,27,2,700800.0,2,Very High
SO-357975,30,3,820096.0,3,Very High
SO-357999,8,1,13688.0,1,High
SO-358068,89,8,1265658.0,8,Very High
SO-358097,99,8,3115584.8,8,Very High
SO-358113,111,11,2995456.6,9,Very High
SO-358175,142,12,4968083.2,10,Very High
SO-358271,65,8,512530.4,6,Very High
SO-358280,97,9,619794.6,8,Very High
SO-358328,18,5,229875.2,5,Very High
SO-358355,43,3,233883.2,2,Very High
SO-358436,95,11,2276441.6,11,Very High
SO-358490,99,8,1599973.2,7,Very High
SO-358496,76,6,888067.6000000001,5,Very High
SO-358522,8,1,13688.0,1,High
SO-358578,119,10,1739931.4,9,Very High
SO-358595,35,2,487040.0,2,Very High
SO-358602,37,3,1335207.0,3,Very High
SO-358604,50,4,161687.2,4,Very High
SO-358674,107,11,2154900.8,10,Very High
SO-358691,27,5,516244.0,5,Very High
SO-358749,100,11,1283923.2,10,Very High
SO-358820,64,5,356763.4,4,Very High
SO-358898,64,7,1691670.2,6,Very High
SO-358909,44,4,577765.4,4,Very High
SO-358939,20,1,12272.0,1,High
SO-358943,41,3,230264.0,3,Very High
SO-358998,92,9,3603424.8,9,Very High
SO-359069,25,2,342176.0,2,Very High
SO-359080,67,6,1077187.0,5,Very High
SO-359081,28,2,306416.0,2,Very High
SO-359118,27,3,461842.0,3,Very High
SO-359122,44,3,539001.6,3,Very High
SO-359132,28,3,74918.2,3,Very High
SO-359134,51,4,1455352.0,4,Very High
SO-359163,52,10,2497530.6,9,Very High
SO-359230,57,5,1867517.4,4,Very High
SO-359231,63,10,2029047.2,7,Very High
SO-359253,54,8,1228384.8,8,Very High
SO-359280,110,11,1771426.4,8,Very High
SO-359282,71,6,434614.4,6,Very High
SO-359333,70,7,1464974.4,7,Very High
SO-359386,52,7,487512.0,7,Very High
SO-359476,21,5,2262117.6,4,Very High
SO-359520,32,4,346407.0,4,Very High
SO-359531,98,10,1847582.8,9,Very High
SO-359565,58,7,372623.6,6,Very High
SO-359783,48,8,538284.0,7,Very High
SO-359801,60,6,1578456.0,5,Very High
SO-359804,105,10,6531599.0,8,Very High
SO-359847,5,1,71680.0,1,Very High
SO-359981,66,5,633512.6,5,Very High
SO-360014,66,5,214733.2,5,Very High
SO-360018,33,3,853713.0,3,Very High
SO-360039,29,3,260769.0,3,Very High
SO-360056,92,10,1412750.8,8,Very High
SO-360064,95,10,1685242.0,8,Very High
SO-360071,103,11,1991385.2,10,Very High
SO-360218,112,12,1145549.4,11,Very High
SO-360309,78,10,2135862.2,7,Very High
SO-360340,79,7,1317137.0,7,Very High
SO-360379,122,11,2762882.4,9,Very High
SO-360444,159,12,5122873.0,11,Very High
SO-360487,14,3,1377145.8,3,Very High
SO-360540,55,5,2388010.0,5,Very High
SO-360588,71,5,1001804.0,3,Very High
SO-360653,121,10,2070193.2,8,Very High
SO-360689,111,11,1089072.8,7,Very High
SO-360747,37,3,917735.0,3,Very High
SO-360770,23,2,1543040.0,2,Very High
SO-360797,116,11,2386593.6,10,Very High
SO-360990,22,4,2399311.6,4,Very High
SO-361010,143,11,5816638.0,10,Very High
SO-361049,20,3,293278.0,3,Very High
SO-361058,153,11,2902256.0,10,Very High
SO-361068,89,8,1503054.8,7,Very High
SO-361081,37,4,1038976.0,4,Very High
SO-361122,57,5,721836.8,5,Very High
SO-361123,111,11,1275543.6,10,Very High
SO-361213,85,8,405803.4,6,Very High
SO-361230,87,11,1374137.4,10,Very High
SO-361346,64,6,1365104.0,6,Very High
SO-361353,62,8,1175765.2,7,Very High
SO-361397,17,2,179696.0,2,Very High
SO-361405,79,11,1123315.2,9,Very High
SO-361454,3,1,9408.0,1,Medium
SO-361472,110,11,803290.8,11,Very High
SO-361533,81,8,1967241.2,5,Very High
SO-361535,89,8,2037809.0,6,Very High
SO-361681,42,4,1119468.0,4,Very High
SO-361685,53,5,915524.0,4,Very High
SO-361698,31,2,705088.0,2,Very High
SO-361706,11,2,544768.0,2,Very High
SO-361713,45,7,460946.4,5,Very High
SO-361747,93,10,2514504.4,8,Very High
SO-361834,64,8,1600854.4,7,Very High
SO-361954,34,5,1783808.0,5,Very High
SO-361999,124,9,1561217.2,7,Very High
SO-362009,50,5,3342976.0,5,Very High
SO-362034,108,10,589515.8,8,Very High
SO-362062,140,12,2349198.0,10,Very High
SO-362066,4,1,3398.4,1,Low
SO-362070,40,4,382019.8,4,Very High
SO-362089,32,3,31565.0,2,High
SO-362159,59,5,1201081.6,5,Very High
SO-362267,12,3,941190.0,3,Very High
SO-362271,40,4,302944.4,4,Very High
SO-362330,148,12,1615886.2,10,Very High
SO-362337,41,4,141500.8,4,Very High
SO-362472,97,10,1344503.0,8,Very High
SO-362485,120,10,2288773.8,9,Very High
SO-362486,58,7,440647.6,7,Very High
SO-362521,86,8,3208384.0,8,Very High
SO-362530,23,2,1837568.0,2,Very High
SO-362538,37,3,1126577.0,3,Very High
SO-362552,90,9,2089238.0,8,Very High
SO-362564,32,2,675012.0,2,Very High
SO-362584,80,9,3041695.0,7,Very High
SO-362586,131,10,4805164.2,9,Very High
SO-362609,105,12,3000202.2,11,Very High
SO-362668,157,12,6334617.8,10,Very High
SO-362706,125,11,5308112.2,11,Very High
SO-362722,14,3,217481.0,3,Very High
SO-362731,35,3,196732.0,3,Very High
SO-362738,45,4,1595904.0,4,Very High
SO-362749,75,6,1299303.2,6,Very High
SO-362769,82,8,1859980.0,8,Very High
SO-362804,66,9,1361123.0,9,Very High
SO-362858,145,12,4505904.6,10,Very High
SO-362943,122,9,3969194.0,9,Very High
SO-362981,12,1,129792.0,1,Very High
SO-363015,6,1,79104.0,1,Very High
SO-363079,76,6,1026267.2,5,Very High
SO-363080,44,6,1651261.0,5,Very High
SO-363100,41,3,926741.0,3,Very High
SO-363127,29,3,939562.0,3,Very High
SO-363217,95,11,2495251.2,9,Very High
SO-363232,71,5,2076152.0,2,Very High
SO-363240,135,12,2933028.4,8,Very High
SO-363461,93,10,376278.6,6,Very High
SO-363511,85,10,2644222.0,9,Very High
SO-363543,73,8,1841236.2,8,Very High
SO-363600,105,8,1675716.0,7,Very High
SO-363636,135,10,3023775.0,8,Very High
SO-363658,32,2,1278464.0,2,Very High
SO-363661,62,7,2505082.2,7,Very High
SO-363685,13,1,247936.0,1,Very High
SO-363749,111,10,1550648.0,8,Very High
SO-363889,85,7,164978.8,6,Very High
SO-363932,109,12,3438651.8,9,Very High
SO-364043,20,2,280960.0,2,Very High
SO-364083,54,4,770232.2,4,Very High
SO-364091,62,11,1764335.6,10,Very High
SO-364104,37,4,1306535.0,4,Very High
SO-364116,132,12,5202260.8,12,Very High
SO-364143,50,7,2302080.0,5,Very High
SO-364173,43,4,408645.4,4,Very High
SO-364187,128,10,2370686.4,9,Very High
SO-364222,7,1,4295.2,1,Low
SO-364251,134,12,2810518.2,11,Very High
SO-364291,107,10,2171037.6,9,Very High
SO-364345,31,2,156352.0,2,Very High
SO-364397,79,7,890644.0,5,Very High
SO-364471,95,10,1607020.4,9,Very High
SO-364565,108,11,3308781.6,10,Very High
SO-364665,115,11,2495946.6,10,Very High
SO-364703,148,12,3689072.4,9,Very High
SO-364730,37,4,1215360.0,4,Very High
SO-364738,135,12,2391638.2,9,Very High
SO-364787,12,2,45782.0,2,High
SO-364819,68,9,1533342.0,7,Very High
SO-364826,30,3,418669.8,3,Very High
SO-364833,151,11,2769322.2,9,Very High
SO-364895,96,6,1825035.6,6,Very High
SO-364960,123,12,3322313.0,10,Very High
SO-365024,35,5,1956279.2,5,Very High
SO-365146,104,10,1062199.4,10,Very High
SO-365230,100,8,5590004.8,7,Very High
SO-365400,10,1,46610.0,1,High
SO-365423,51,4,615388.8,4,Very High
SO-365432,94,8,1150619.4,7,Very High
SO-365444,43,4,48604.2,4,High
SO-365472,133,11,1446911.4,9,Very High
SO-365523,141,12,1538555.6,12,Very High
SO-365550,128,11,3473577.4,9,Very High
SO-365653,90,9,1118468.6,8,Very High
SO-365669,56,4,544004.0,3,Very High
SO-365757,41,4,1909229.0,4,Very High
SO-365770,89,8,4875421.8,6,Very High
SO-365795,53,6,431137.2,6,Very High
SO-365911,98,9,4823275.2,8,Very High
SO-365936,98,10,1669848.6,9,Very High
SO-365988,32,2,2158592.0,2,Very High
SO-365998,50,5,1443230.0,5,Very High
SO-366007,107,10,1258525.2,10,Very High
SO-366027,38,6,577148.4,6,Very High
SO-366037,40,3,267503.0,3,Very High
SO-366043,11,2,122876.0,2,Very High
SO-366050,69,8,2769456.0,6,Very High
SO-366076,14,2,510903.2,2,Very High
SO-366079,90,8,1100509.0,7,Very High
SO-366213,114,8,2156523.0,6,Very High
SO-366237,65,5,1770629.0,5,Very High
SO-366283,131,10,3941964.0,9,Very High
SO-366327,107,12,2143186.0,10,Very High
SO-366357,65,6,1014776.4,5,Very High
SO-366397,51,7,3337163.0,5,Very High
SO-366401,84,8,2805999.0,6,Very High
SO-366431,135,9,2435372.4,9,Very High
SO-366633,19,2,453185.0,2,Very High
SO-366679,33,4,122078.40000000001,4,Very High
SO-366791,86,7,3116910.0,7,Very High
SO-366897,146,12,7765100.0,7,Very High
SO-366904,54,7,730597.2,6,Very High
SO-366971,17,3,1491968.0,3,Very High
SO-367042,43,5,846671.8,5,Very High
SO-367045,20,1,13688.0,1,High
SO-367081,83,7,965298.4,7,Very High
SO-367104,3,1,1097.4,1,Low
SO-367133,83,10,3212858.4,10,Very High
SO-367152,128,12,6384691.8,9,Very High
SO-367212,121,11,3186761.6,9,Very High
SO-367217,97,8,1232185.4,7,Very High
SO-367337,119,11,5069219.2,9,Very High
SO-367374,22,4,559881.0,3,Very High
SO-367389,18,2,238341.0,2,Very High
SO-367419,84,10,1494810.4,8,Very High
SO-367424,82,9,2132672.2,8,Very High
SO-367492,98,9,2273668.0,8,Very High
SO-367538,23,2,725077.0,2,Very High
SO-367575,42,6,820340.8,6,Very High
SO-367606,44,4,527963.6,3,Very High
SO-367629,35,3,1029146.0,2,Very High
SO-367730,99,10,1591116.4,9,Very High
SO-367752,66,6,474277.0,5,Very High
SO-367760,1,1,1357.0,1,Low
SO-367792,19,1,1123584.0,1,Very High
SO-367829,7,1,4790.8,1,Low
SO-367950,98,8,3836120.4,7,Very High
SO-367953,109,10,4398939.4,8,Very High
SO-368085,30,4,846567.0,4,Very High
SO-368105,71,7,2418614.8,5,Very High
SO-368123,80,6,2151098.0,6,Very High
SO-368125,85,9,699174.4,7,Very High
SO-368199,92,9,1252903.6,8,Very High
SO-368211,42,3,356314.6,3,Very High
SO-368315,1,1,365.8,1,Very Low
SO-368334,59,5,1344318.4,5,Very High
SO-368420,108,8,2450905.0,6,Very High
SO-368442,78,8,1626960.0,8,Very High
SO-368447,96,9,1078213.4,8,Very High
SO-368448,1,1,50944.0,1,Very High
SO-368498,105,12,2043737.0,9,Very High
SO-368501,108,9,2287811.6,7,Very High
SO-368522,16,4,311296.0,3,Very High
SO-368552,60,7,1548590.0,6,Very High
SO-368564,35,2,275780.0,2,Very High
SO-368693,28,2,696004.0,2,Very High
SO-368726,82,10,2968937.0,9,Very High
SO-368739,73,9,1931624.0,9,Very High
SO-368790,103,9,7631826.4,7,Very High
SO-369154,89,9,1412598.4,8,Very High
SO-369177,43,3,157400.2,3,Very High
SO-369198,41,4,3276471.2,4,Very High
SO-369202,33,6,1075661.0,6,Very High
SO-369211,86,12,2567441.0,9,Very High
SO-369255,32,4,799838.2,4,Very High
SO-369347,56,5,1515393.2,5,Very High
SO-369441,78,6,1206682.0,5,Very High
SO-369479,79,6,1111723.0,5,Very High
SO-369484,50,5,182166.4,4,Very High
SO-369589,97,8,4765248.0,7,Very High
SO-369752,104,12,1753888.4,9,Very High
SO-369773,78,8,1279747.0,7,Very High
SO-369834,30,4,256147.4,4,Very High
SO-369854,61,6,1033534.8,6,Very High
SO-369938,51,7,822410.8,7,Very High
SO-370026,88,12,1031620.8,11,Very High
SO-370078,51,4,3306543.0,4,Very High
SO-370108,86,7,1526209.0,6,Very High
SO-370242,7,1,247296.0,1,Very High
SO-370244,73,8,1558753.8,7,Very High
SO-370289,108,10,3149632.6,10,Very High
SO-370309,77,7,481558.4,5,Very High
SO-370344,123,11,634222.6,7,Very High
SO-370366,85,8,1716271.2,7,Very High
SO-370373,18,7,88802.6,7,Very High
SO-370455,23,2,313628.0,2,Very High
SO-370558,74,6,3562106.8,6,Very High
SO-370568,111,12,2516141.4,12,Very High
SO-370582,114,10,2056138.0,8,Very High
SO-370593,95,8,2048074.8,8,Very High
SO-370609,71,6,1550884.0,5,Very High
SO-370743,124,10,1680511.8,9,Very High
SO-370867,131,12,3764554.2,7,Very High
SO-370891,110,10,1485530.8,9,Very High
SO-370919,127,12,6085161.0,9,Very High
SO-370942,14,2,179992.0,2,Very High
SO-371017,53,6,927307.8,5,Very High
SO-371084,116,10,1433926.0,8,Very High
SO-371161,117,9,4151507.2,7,Very High
SO-371193,23,3,1003136.0,3,Very High
SO-371196,67,6,2392179.6,6,Very High
SO-371231,79,8,2292073.8,7,Very High
SO-371395,65,5,409993.4,5,Very High
SO-371424,127,9,3677514.6,8,Very High
SO-371489,31,4,404653.0,4,Very High
SO-371496,72,8,2233082.2,7,Very High
SO-371550,56,5,933083.0,5,Very High
SO-371578,70,4,3065090.0,4,Very High
SO-371627,104,10,848726.0,7,Very High
SO-371862,123,12,854954.6,9,Very High
SO-371927,83,5,5110104.0,4,Very High
SO-371962,25,4,417664.0,4,Very High
SO-371978,102,12,2075483.4,11,Very High
SO-372012,11,1,14927.0,1,High
SO-372053,107,12,4450034.4,11,Very High
SO-372064,56,5,2361136.0,5,Very High
SO-372068,92,8,1439996.0,6,Very High
SO-372078,37,4,373507.2,3,Very High
SO-372097,20,2,1298560.0,2,Very High
SO-372165,62,6,1069107.0,6,Very High
SO-372181,123,11,4472491.6,9,Very High
SO-372216,48,5,1355149.8,4,Very High
SO-372253,47,6,207613.0,3,Very High
SO-372394,109,9,2670565.0,8,Very High
SO-372437,53,4,623344.0,4,Very High
SO-372453,35,3,378069.8,3,Very High
SO-372496,58,9,1610394.8,8,Very High
SO-372497,48,5,211727.4,5,Very High
SO-372528,106,11,529452.4,11,Very High
SO-372656,94,8,3987330.0,5,Very High
SO-372720,80,6,2341184.0,5,Very High
SO-372764,110,11,1806250.0,6,Very High
SO-372833,89,9,433594.0,8,Very High
SO-372930,150,11,6233903.0,9,Very High
SO-373136,73,6,1412085.0,6,Very High
SO-373233,120,11,1935250.6,10,Very High
SO-373275,30,3,990592.0,3,Very High
SO-373382,68,6,2224073.0,5,Very High
SO-373435,38,2,149668.0,2,Very High
SO-373513,66,5,517853.8,5,Very High
SO-373519,77,5,5127424.0,5,Very High
SO-373568,7,1,1066240.0,1,Very High
SO-373637,36,3,68322.0,3,Very High
SO-373723,63,7,858076.8,7,Very High
SO-373803,104,10,5087955.0,7,Very High
SO-373815,2,1,9322.0,1,Medium
SO-373816,7,1,196224.0,1,Very High
SO-373889,59,4,390766.2,3,Very High
SO-373904,123,8,2722980.4,7,Very High
SO-374075,7,2,793600.0,2,Very High
SO-374107,41,6,2089033.0,6,Very High
SO-374166,104,11,8237411.0,8,Very High
SO-374178,27,2,456681.0,2,Very High
SO-374257,40,3,692737.2,3,Very High
SO-374283,89,7,595546.0,4,Very High
SO-374308,110,10,3524991.6,9,Very High
SO-374392,118,12,836274.6,9,Very High
SO-374445,146,12,2517685.0,12,Very High
SO-374492,74,6,2090368.0,5,Very High
SO-374578,113,11,2847264.2,10,Very High
SO-374660,25,2,38727.6,2,High
SO-374661,121,10,2079018.8,8,Very High
SO-374733,42,4,257664.8,3,Very High
SO-374740,35,3,2242230.8,3,Very High
SO-374748,65,5,1124777.6,5,Very High
SO-374777,34,5,1324650.4,5,Very High
SO-374815,87,8,2513139.0,8,Very High
SO-374821,100,12,2080951.4,10,Very High
SO-374844,136,12,3355426.4,11,Very High
SO-374857,16,1,1710080.0,1,Very High
SO-374860,12,2,537357.0,2,Very High
SO-374861,55,5,1125424.0,5,Very High
SO-374892,141,12,3614313.2,12,Very High
SO-374931,80,6,1844444.0,5,Very High
SO-374985,97,8,1022979.2,8,Very High
SO-375164,9,3,78267.2,3,Very High
SO-375202,77,8,1006894.4,7,Very High
SO-375289,45,5,315109.6,4,Very High
SO-375374,82,7,959780.4,6,Very High
SO-375402,10,1,5664.0,1,Medium
SO-375417,118,10,511779.0,8,Very High
SO-375436,37,4,1064948.0,4,Very High
SO-375448,99,12,4615444.2,11,Very High
SO-375484,97,9,557652.4,9,Very High
SO-375566,66,7,424410.8,7,Very High
SO-375685,114,11,1469304.0,9,Very High
SO-375694,20,3,355507.2,3,Very High
SO-375703,36,3,301042.8,3,Very High
SO-375713,19,1,1123584.0,1,Very High
SO-375733,116,12,2840078.8,11,Very High
SO-375794,83,8,1572789.0,7,Very High
SO-375883,47,4,1868480.0,3,Very High
SO-375954,48,4,222965.0,3,Very High
SO-375972,31,3,322806.0,3,Very High
SO-376105,84,7,2444956.8,4,Very High
SO-376187,56,5,1012439.0,4,Very High
SO-376240,65,7,1185204.0,6,Very High
SO-376241,52,4,62469.2,4,Very High
SO-376249,103,12,1242631.0,9,Very High
SO-376271,127,12,867137.8,11,Very High
SO-376308,109,10,1579235.2,9,Very High
SO-376349,49,7,1085497.6,7,Very High
SO-376490,31,2,34656.6,2,High
SO-376514,95,11,1009453.2,8,Very High
SO-376536,107,12,1778762.0,11,Very High
SO-376744,120,9,4577425.2,9,Very High
SO-376793,56,5,962712.0,5,Very High
SO-376814,46,3,251871.0,3,Very High
SO-376880,118,10,2881467.0,6,Very High
SO-376966,55,5,1732729.6,4,Very High
SO-376974,27,6,275499.4,5,Very High
SO-377027,97,7,4039129.0,7,Very High
SO-377097,65,7,1197876.0,5,Very High
SO-377145,109,12,3040749.0,10,Very High
SO-377187,58,4,348387.8,4,Very High
SO-377212,100,10,710784.2,8,Very High
SO-377234,87,10,2550708.0,10,Very High
SO-377290,79,6,2183558.4,6,Very High
SO-377301,20,1,286720.0,1,Very High
SO-377466,62,7,1247835.6,7,Very High
SO-377470,124,12,980637.6,9,Very High
SO-377475,38,4,1203513.0,3,Very High
SO-377482,17,3,124085.6,3,Very High
SO-377492,75,9,1863828.0,8,Very High
SO-377533,113,8,1859376.6,6,Very High
SO-377539,56,8,680157.0,7,Very High
SO-377589,91,9,2308804.0,8,Very High
SO-377626,12,1,423936.0,1,Very High
SO-377632,82,9,750976.2,7,Very High
SO-377646,78,9,959776.2,9,Very High
SO-377771,59,8,3333176.2,8,Very High
SO-377792,127,11,1668582.0,9,Very High
SO-377810,61,5,1053085.8,5,Very High
SO-377817,35,4,975378.0,4,Very High
SO-377926,38,4,369887.0,4,Very High
SO-377943,57,5,801084.0,4,Very High
SO-377964,35,3,178096.0,3,Very High
SO-377966,87,10,1684411.0,8,Very High
SO-378087,34,3,447553.0,3,Very High
SO-378108,33,2,326838.4,2,Very High
SO-378165,130,12,3915243.0,9,Very High
SO-378293,31,3,117941.0,3,Very High
SO-378302,83,8,1392736.8,8,Very High
SO-378332,35,4,916674.2,4,Very High
SO-378357,29,3,189260.2,3,Very High
SO-378365,44,4,3471597.8,4,Very High
SO-378392,89,8,1640285.0,8,Very High
SO-378402,80,6,1819072.0,3,Very High
SO-378421,72,7,2605965.0,7,Very High
SO-378463,69,6,2388220.0,6,Very High
SO-378465,57,6,1516838.2,6,Very High
SO-378483,17,2,41524.2,2,High
SO-378500,16,1,501760.0,1,Very High
SO-378574,132,12,2034022.4,10,Very High
SO-378589,8,1,1218560.0,1,Very High
SO-378598,55,6,242191.2,4,Very High
SO-378632,19,1,32509.0,1,High
SO-378641,75,9,1438668.0,8,Very High
SO-378647,27,4,277645.6,4,Very High
SO-378720,10,1,3658.0,1,Low
SO-378774,142,11,6189795.8,9,Very High
SO-378884,29,5,429108.0,4,Very High
SO-378892,38,6,585199.0,6,Very High
SO-378945,130,12,6555432.0,8,Very High
SO-378957,44,3,1284063.2,3,Very High
SO-379002,119,11,1855608.0,9,Very High
SO-379007,70,9,1187193.4,9,Very High
SO-379038,94,10,2626480.0,8,Very High
SO-379060,29,4,377524.8,4,Very High
SO-379073,97,7,4668623.0,6,Very High
SO-379125,40,3,1182720.0,2,Very High
SO-379187,145,12,1666419.2,9,Very High
SO-379239,117,9,1599341.0,7,Very High
SO-379316,28,2,1727780.0,2,Very High
SO-379356,45,5,1097323.0,4,Very High
SO-379416,20,3,2038460.0,3,Very High
SO-379758,51,8,1446156.0,7,Very High
SO-379778,101,9,3754091.8000000003,8,Very High
SO-379801,70,8,2527905.0,7,Very High
SO-379805,90,6,2309106.0,5,Very High
SO-379808,76,8,1223556.8,8,Very High
SO-379819,102,11,1611780.8,10,Very High
SO-379848,23,2,750976.0,2,Very High
SO-379895,50,4,2044160.0,4,Very High
SO-379924,97,10,2062740.6,9,Very High
SO-379943,121,12,2439053.4,10,Very High
SO-379991,20,1,331520.0,1,Very High
SO-380038,95,10,1188652.8,9,Very High
SO-380069,94,10,2378154.4,10,Very High
SO-380130,104,11,1391295.2,8,Very High
SO-380175,3,1,4425.0,1,Low
SO-380235,51,6,718616.6,6,Very High
SO-380239,51,6,1889171.2,5,Very High
SO-380267,128,12,2697420.2,11,Very High
SO-380311,43,5,575699.4,5,Very High
SO-380317,44,5,369424.0,4,Very High
SO-380327,65,8,915609.8,8,Very High
SO-380348,100,11,2437504.0,11,Very High
SO-380353,135,9,2190531.4,8,Very High
SO-380379,72,7,2133205.8,6,Very High
SO-380413,137,12,3867534.2,11,Very High
SO-380426,86,7,1755049.4,7,Very High
SO-380443,35,3,1503232.0,3,Very High
SO-380446,6,1,10266.0,1,High
SO-380591,17,2,654177.6,2,Very High
SO-380612,56,5,3235200.0,5,Very High
SO-380613,69,6,1316427.6,6,Very High
SO-380747,87,6,3292240.0,6,Very High
SO-380800,95,9,2120500.0,8,Very High
SO-380885,126,10,4785010.0,8,Very High
SO-380932,19,2,2439668.8,2,Very High
SO-381188,61,7,815464.6,6,Very High
SO-381263,128,12,3332959.6,10,Very High
SO-381276,64,7,2826908.2,6,Very High
SO-381286,69,7,420646.8,6,Very High
SO-381290,115,12,1899182.2,10,Very High
SO-381321,75,11,748670.6,8,Very High
SO-381373,108,10,4159020.0,9,Very High
SO-381441,138,12,6043003.2,9,Very High
SO-381461,90,8,1717178.4,8,Very High
SO-381503,92,8,4703801.2,6,Very High
SO-381505,20,1,1182720.0,1,Very High
SO-381521,86,7,2140565.0,7,Very High
SO-381536,55,5,1537083.0,4,Very High
SO-381590,155,12,6069874.6,10,Very High
SO-381647,95,9,1088274.0,9,Very High
SO-381648,104,10,1634066.0,9,Very High
SO-381719,18,2,375254.0,2,Very High
SO-381737,9,2,163644.0,2,Very High
SO-381790,65,7,1863441.2,7,Very High
SO-381886,28,4,453921.6,4,Very High
SO-381903,143,11,4246654.2,10,Very High
SO-382045,136,11,4832227.2,11,Very High
SO-382066,73,8,1132929.0,7,Very High
SO-382072,13,2,118110.0,2,Very High
SO-382141,34,5,1253906.0,5,Very High
SO-382154,36,5,437656.0,4,Very High
SO-382185,29,3,158887.0,3,Very High
SO-382257,102,10,1563985.8,8,Very High
SO-382265,96,10,1458287.8,9,Very High
SO-382280,22,2,63292.0,2,Very High
SO-382315,60,5,995273.8,5,Very High
SO-382329,81,7,586460.0,6,Very High
SO-382359,73,6,1665942.8,5,Very High
SO-382414,19,1,411008.0,1,Very High
SO-382415,78,9,1905946.8,9,Very High
SO-382508,16,3,75189.4,3,Very High
SO-382518,73,8,926125.4,7,Very High
SO-382559,28,2,47908.0,2,High
SO-382613,18,2,365080.0,2,Very High
SO-382626,12,2,356352.0,2,Very High
SO-382752,39,3,35199.4,3,High
SO-382773,34,6,2040356.0,4,Very High
SO-382786,115,12,2268264.6,12,Very High
SO-382805,103,10,1032735.2,9,Very High
SO-382941,30,3,509492.0,3,Very High
SO-382986,92,12,1131581.0,12,Very High
SO-382993,111,11,1673079.2,7,Very High
SO-383024,90,11,1783550.4,11,Very High
SO-383105,79,8,686984.8,8,Very High
SO-383148,70,6,1664432.4,6,Very High
SO-383198,59,5,1459520.0,4,Very High
SO-383350,97,8,4524965.0,7,Very High
SO-383405,78,9,1559124.4,8,Very High
SO-383408,126,11,5323549.4,10,Very High
SO-383433,62,5,398454.2,5,Very High
SO-383514,105,9,2164366.4,8,Very High
SO-383656,89,8,1412732.4,7,Very High
SO-383685,136,10,4439249.0,8,Very High
SO-383776,11,1,182336.0,1,Very High
SO-383797,71,5,1732622.6,5,Very High
SO-383816,149,11,3200524.2,8,Very High
SO-383879,39,4,698184.4,4,Very High
SO-383914,4,1,236544.0,1,Very High
SO-384089,171,12,7509967.0,10,Very High
SO-384105,5,1,223360.0,1,Very High
SO-384163,46,10,1342426.6,8,Very High
SO-384238,112,10,1759278.6,10,Very High
SO-384273,93,9,1573308.0,8,Very High
SO-384315,116,11,1037171.0,9,Very High
SO-384494,121,11,1616092.2,10,Very High
SO-384532,136,12,5579431.0,10,Very High
SO-384634,111,11,1223053.0,7,Very High
SO-384635,33,3,503627.6,3,Very High
SO-384648,32,5,287035.0,5,Very High
SO-384700,63,5,1239744.0,4,Very High
SO-384701,107,8,1135667.0,7,Very High
SO-384702,122,12,1799172.6,10,Very High
SO-384840,41,5,1776300.8,5,Very High
SO-384901,143,11,8249724.0,7,Very High
SO-384905,43,3,895054.0,3,Very High
SO-384908,46,4,938536.0,4,Very High
SO-384940,73,8,2265999.2,6,Very High
SO-384985,144,11,4626524.2,10,Very High
SO-384993,71,7,1019295.8,6,Very High
SO-384996,7,1,21952.0,1,High
SO-385005,58,7,4699136.0,5,Very High
SO-385006,106,11,1352088.8,10,Very High
SO-385070,92,8,1292593.4,8,Very High
SO-385112,13,2,40768.0,1,High
SO-385116,60,5,3333976.8,5,Very High
SO-385128,19,1,2894080.0,1,Very High
SO-385240,2,1,5310.0,1,Medium
SO-385286,84,8,866398.8,8,Very High
SO-385381,126,12,1940945.0,9,Very High
SO-385396,32,3,654712.0,3,Very High
SO-385481,113,12,2182818.4,10,Very High
SO-385496,117,12,1826683.0,10,Very High
SO-385507,115,10,4076510.4,8,Very High
SO-385555,67,4,2233660.0,4,Very High
SO-385607,66,8,1670525.0,7,Very High
SO-385632,171,12,3618116.2,9,Very High
SO-385657,124,11,2282888.2,10,Very High
SO-385675,91,8,1319932.0,7,Very High
SO-385729,17,2,29087.0,1,High
SO-385731,32,3,1378663.0,3,Very High
SO-385747,79,6,900396.8,6,Very High
SO-385826,59,7,1183880.2,7,Very High
SO-385839,93,12,1540010.2,10,Very High
SO-385903,80,9,512154.4,7,Very High
SO-385904,30,3,779452.0,3,Very High
SO-385906,72,8,883176.0,7,Very High
SO-385940,67,7,594096.0,7,Very High
SO-385980,130,12,4634040.2,10,Very High
SO-385991,56,8,606760.0,8,Very High
SO-386016,57,9,577085.8,9,Very High
SO-386068,109,10,2372557.6,10,Very High
SO-386069,112,10,5372322.0,9,Very High
SO-386162,115,10,2372319.0,8,Very High
SO-386184,10,2,216320.0,1,Very High
SO-386239,4,1,609280.0,1,Very High
SO-386241,49,4,901124.6,4,Very High
SO-386277,78,9,1101349.6,7,Very High
SO-386353,91,9,1453594.6,8,Very High
SO-386395,136,11,471710.6,10,Very High
SO-386412,39,4,2333006.2,4,Very High
SO-386445,55,5,142367.0,5,Very High
SO-386549,121,12,879820.4,10,Very High
SO-386583,65,6,1461010.0,5,Very High
SO-386589,80,8,1412639.0,7,Very High
SO-386610,22,3,312192.0,2,Very High
SO-386637,61,8,1307699.0,8,Very High
SO-386678,22,2,15729.4,2,High
SO-386743,81,7,2341661.0,6,Very High
SO-386772,4,1,2265.6,1,Low
SO-386776,21,4,149593.6,3,Very High
SO-386846,7,1,75712.0,1,Very High
SO-386877,25,2,2109056.0,2,Very High
SO-386899,91,10,1956473.6,8,Very High
SO-386950,61,8,366487.0,7,Very High
SO-386973,65,7,1382032.4,6,Very High
SO-386999,19,1,175997.0,1,Very High
SO-387017,101,12,4154239.8,10,Very High
SO-387042,66,4,1271005.8,4,Very High
SO-387053,38,4,561409.6,4,Very High
SO-387095,12,1,10195.2,1,High
SO-387115,3,1,39552.0,1,High
SO-387172,119,11,3234971.8,10,Very High
SO-387365,8,2,19352.0,2,High
SO-387400,129,11,6026997.0,10,Very High
SO-387460,33,3,115180.0,3,Very High
SO-387551,7,1,75712.0,1,Very High
SO-387584,108,9,2055042.0,8,Very High
SO-387688,86,8,1759743.4,8,Very High
SO-387745,88,8,1804427.6,6,Very High
SO-387757,41,6,1497848.0,5,Very High
SO-387771,50,6,517948.39999999997,6,Very High
SO-387787,50,4,1135082.2,4,Very High
SO-387843,103,11,820190.2,10,Very High
SO-387863,101,9,1373319.0,9,Very High
SO-387888,84,7,1636267.0,7,Very High
SO-387981,107,10,3751953.2,9,Very High
SO-388025,26,2,397189.0,2,Very High
SO-388054,45,3,1213952.0,3,Very High
SO-388093,142,11,1516360.0,8,Very High
SO-388096,18,1,6584.4,1,Medium
SO-388105,43,3,2131076.0,3,Very High
SO-388343,103,8,1945032.6,8,Very High
SO-388452,22,3,304982.0,3,Very High
SO-388474,12,3,686217.0,3,Very High
SO-388495,85,9,2633491.0,9,Very High
SO-388578,43,4,912824.0,4,Very High
SO-388684,19,2,59201.2,2,Very High
SO-388755,96,10,3474026.0,10,Very High
SO-388782,65,6,855008.0,6,Very High
SO-388844,36,5,287358.8,4,Very High
SO-388864,107,9,4136011.2,7,Very High
SO-388873,26,2,152556.0,2,Very High
SO-388923,115,12,1375679.0,11,Very High
SO-388942,129,10,1433845.8,9,Very High
SO-388949,8,1,115712.0,1,Very High
SO-388959,94,8,4555467.0,6,Very High
SO-389009,59,7,2984127.0,7,Very High
SO-389062,5,1,3422.0,1,Low
SO-389092,10,1,92630.0,1,Very High
SO-389100,134,11,2561252.8,10,Very High
SO-389192,76,7,427377.0,5,Very High
SO-389217,53,9,332994.4,9,Very High
SO-389284,19,1,175997.0,1,Very High
SO-389293,4,1,66304.0,1,Very High
SO-389324,42,7,1316764.0,6,Very High
SO-389473,31,4,82910.2,3,Very High
SO-389514,17,2,91096.0,2,Very High
SO-389553,102,9,815021.0,6,Very High
SO-389611,57,7,2978348.4,7,Very High
SO-389667,118,12,4303085.6,8,Very High
SO-389705,55,4,751625.0,4,Very High
SO-389872,98,8,1309236.0,8,Very High
SO-389889,15,1,764160.0,1,Very High
SO-389903,145,12,3092604.0,10,Very High
SO-390025,47,5,926757.0,5,Very High
SO-390062,125,11,2218132.2,8,Very High
SO-390108,72,6,817101.6,5,Very High
SO-390194,39,4,194794.40000000002,4,Very High
SO-390222,89,11,1821368.6,8,Very High
SO-390227,99,9,1835467.2,8,Very High
SO-390233,144,10,2008023.7999999998,10,Very High
SO-390249,16,1,714752.0,1,Very High
SO-390253,72,8,2748242.2,8,Very High
SO-390263,14,1,18998.0,1,High
SO-390427,32,3,504569.0,3,Very High
SO-390495,46,4,255259.6,4,Very High
SO-390541,64,6,3238557.2,5,Very High
SO-390627,102,7,1362842.0,6,Very High
SO-390704,21,2,398395.2,2,Very High
SO-390706,2,1,62720.0,1,Very High
SO-390842,33,3,738996.0,3,Very High
SO-390855,36,7,1599169.4,7,Very High
SO-390882,120,11,4193633.0,10,Very High
SO-390906,4,2,458317.0,2,Very High
SO-390970,21,3,753216.0,3,Very High
SO-390998,82,7,2119791.0,7,Very High
SO-391059,51,5,4785792.0,4,Very High
SO-391089,21,2,30975.0,1,High
SO-391162,49,5,356626.8,4,Very High
SO-391166,61,6,703852.0,5,Very High
SO-391191,101,12,2014395.0,9,Very High
SO-391226,70,8,1300603.8,7,Very High
SO-391357,94,7,2519514.4,7,Very High
SO-391375,82,8,1751473.0,8,Very High
SO-391416,57,4,1958144.0,4,Very High
SO-391469,43,4,766281.0,4,Very High
SO-391601,4,1,86528.0,1,Very High
SO-391619,121,11,2567220.2,8,Very High
SO-391647,75,8,1439984.8,8,Very High
SO-391680,75,7,1377188.0,6,Very High
SO-391702,116,10,1857434.8,9,Very High
SO-391790,67,6,2398605.0,4,Very High
SO-391889,39,3,266305.0,3,Very High
SO-391944,132,11,1598103.8,9,Very High
SO-392065,17,2,462848.0,2,Very High
SO-392151,113,12,2117377.6,9,Very High
SO-392298,49,4,1613327.6,4,Very High
SO-392359,121,10,3537856.0,9,Very High
SO-392400,132,12,2099286.2,9,Very High
SO-392457,129,11,1466502.0,11,Very High
SO-392508,29,4,542023.8,4,Very High
SO-392542,39,4,1215514.0,4,Very High
SO-392581,16,2,243072.0,2,Very High
SO-392597,16,3,436185.6,3,Very High
SO-392630,24,2,731776.0,2,Very High
SO-392730,121,12,4859675.2,12,Very High
SO-392849,87,9,1098851.6,9,Very High
SO-392866,52,6,1069558.0,6,Very High
SO-392940,81,7,1362345.8,5,Very High
SO-393002,51,6,1579968.0,6,Very High
SO-393014,24,2,140372.8,2,Very High
SO-393031,118,11,3826457.2,9,Very High
SO-393035,46,5,2285740.4,5,Very High
SO-393062,9,1,7646.4,1,Medium
SO-393088,26,3,241425.0,3,Very High
SO-393102,95,11,1413184.8,10,Very High
SO-393118,40,5,1402814.0,5,Very High
SO-393174,99,10,1952121.0,9,Very High
SO-393225,77,9,1176135.0,7,Very High
SO-393340,13,1,1980160.0,1,Very High
SO-393378,70,7,835722.4,6,Very High
SO-393472,107,8,3480120.6,8,Very High
SO-393500,77,9,2148356.6,7,Very High
SO-393513,26,2,424503.8,2,Very High
SO-393532,77,6,2859736.4,6,Very High
SO-393564,96,8,1461501.0,6,Very High
SO-393602,134,12,1127487.8,9,Very High
SO-393616,35,3,399464.0,3,Very High
SO-393795,100,10,3387015.0,9,Very High
SO-393912,94,10,1790821.0,10,Very High
SO-393984,81,6,2042165.8,5,Very High
SO-394100,6,1,55578.0,1,Very High
SO-394134,6,1,55578.0,1,Very High
SO-394136,82,7,1722391.0,7,Very High
SO-394297,123,11,3296522.2,9,Very High
SO-394322,126,10,1988039.6,9,Very High
SO-394324,75,6,1277795.4,6,Very High
SO-394418,51,5,570048.4,5,Very High
SO-394495,117,9,585582.8,7,Very High
SO-394571,101,12,2642303.0,11,Very High
SO-394642,97,8,2267145.0,8,Very High
SO-394647,27,4,1730789.0,3,Very High
SO-394664,74,6,2542299.0,6,Very High
SO-394698,62,6,2275949.0,6,Very High
SO-394712,10,1,6844.0,1,Medium
SO-394747,102,9,1170310.4,8,Very High
SO-394763,35,2,1933468.8,2,Very High
SO-394764,82,8,2888637.2,5,Very High
SO-394793,121,12,1683152.0,7,Very High
SO-394853,66,7,1421586.2,7,Very High
SO-394937,108,9,3095749.2,7,Very High
SO-394958,50,4,477297.0,4,Very High
SO-395004,101,10,4575790.0,9,Very High
SO-395088,30,2,150676.0,2,Very High
SO-395168,15,2,1575168.0,2,Very High
SO-395253,20,1,3046400.0,1,Very High
SO-395295,44,3,1219798.0,3,Very High
SO-395374,32,6,477190.0,6,Very High
SO-395377,8,1,132608.0,1,Very High
SO-395385,74,6,1385552.0,5,Very High
SO-395637,21,3,1531959.2,3,Very High
SO-395642,89,9,1117049.2,8,Very High
SO-395749,58,9,391967.0,8,Very High
SO-395751,37,3,3351006.0,3,Very High
SO-395778,70,6,1831779.0,6,Very High
SO-395824,22,3,201412.0,3,Very High
SO-395877,16,1,192576.0,1,Very High
SO-395921,31,5,694232.0,5,Very High
SO-395991,110,12,1614697.0,11,Very High
SO-396036,42,4,743118.0,4,Very High
SO-396131,157,12,6579378.8,10,Very High
SO-396189,60,6,1902005.2,5,Very High
SO-396268,58,7,581461.0,6,Very High
SO-396272,22,2,328768.0,2,Very High
SO-396286,38,4,943104.0,3,Very High
SO-396339,11,4,437455.0,3,Very High
SO-396353,90,8,2492618.2,7,Very High
SO-396377,66,4,4989440.0,3,Very High
SO-396444,120,11,3196591.8,9,Very High
SO-396512,78,6,709892.0,6,Very High
SO-396568,87,9,2138730.2,8,Very High
SO-396584,55,8,924614.4,5,Very High
SO-396592,144,11,4314174.4,10,Very High
SO-396593,35,3,355063.0,3,Very High
SO-396663,65,9,1671558.0,8,Very High
SO-396702,80,6,2885398.4,6,Very High
SO-396716,158,11,2979103.4,9,Very High
SO-396726,10,1,591360.0,1,Very High
SO-396743,40,6,1237309.0,5,Very High
SO-396783,50,5,1949708.8,5,Very High
SO-396787,1,1,684.4,1,Very Low
SO-396828,110,9,1329872.0,9,Very High
SO-396846,82,5,1367612.0,5,Very High
SO-396853,67,6,2155156.8,5,Very High
SO-396859,167,11,2133023.6,9,Very High
SO-396906,122,9,3449808.6,9,Very High
SO-397062,28,4,92189.4,4,Very High
SO-397065,40,7,473582.2,7,Very High
SO-397073,41,5,587535.8,5,Very High
SO-397084,102,11,2066092.8,8,Very High
SO-397087,81,9,1980353.0,9,Very High
SO-397105,147,12,3068370.2,11,Very High
SO-397112,109,9,2745964.0,7,Very High
SO-397114,44,5,534576.6,5,Very High
SO-397224,16,2,287030.8,2,Very High
SO-397254,27,2,1043392.0,2,Very High
SO-397300,108,9,2366404.6,8,Very High
SO-397342,136,10,940491.2,8,Very High
SO-397433,138,12,2570593.2,11,Very High
SO-397449,48,6,695801.0,6,Very High
SO-397471,73,8,1390294.4,7,Very High
SO-397507,13,1,407680.0,1,Very High
SO-397574,114,12,2565262.8,11,Very High
SO-397616,121,9,2397333.0,7,Very High
SO-397656,80,8,3197973.6,8,Very High
SO-397723,47,6,1228800.0,5,Very High
SO-397780,33,3,80278.40000000001,2,Very High
SO-397833,76,10,1481024.6,9,Very High
SO-397862,123,11,3133786.8,11,Very High
SO-397933,114,11,3911179.0,9,Very High
SO-397974,138,12,5020599.0,11,Very High
SO-398014,9,1,130176.0,1,Very High
SO-398059,122,11,2356097.0,8,Very High
SO-398144,52,7,1332870.0,7,Very High
SO-398216,8,1,4531.2,1,Low
SO-398278,43,5,479591.0,4,Very High
SO-398306,96,11,3234733.2,10,Very High
SO-398354,149,12,5961683.4,10,Very High
SO-398368,107,9,1552240.4000000001,8,Very High
SO-398430,45,5,245075.0,4,Very High
SO-398440,38,4,1071356.8,4,Very High
SO-398464,75,7,3059853.6,6,Very High
SO-398475,29,3,1268971.0,3,Very High
SO-398484,98,11,2113388.0,10,Very High
SO-398489,84,6,2206095.8,6,Very High
SO-398493,65,5,2150716.8,5,Very High
SO-398504,59,7,473220.6,7,Very High
SO-398507,57,6,1376832.4,6,Very High
SO-398547,95,6,2250924.0,5,Very High
SO-398569,42,5,2070514.0,5,Very High
SO-398580,115,12,2205278.2,10,Very High
SO-398587,15,1,324480.0,1,Very High
SO-398598,157,12,1462429.6,8,Very High
SO-398704,65,5,2908544.0,5,Very High
SO-398758,49,3,638043.2,3,Very High
SO-398822,32,4,639540.0,4,Very High
SO-398862,45,4,550671.0,4,Very High
SO-398900,17,2,41840.0,2,High
SO-398939,111,10,1870915.4,9,Very High
SO-398954,55,5,134490.4,4,Very High
SO-398968,122,12,1615986.6,10,Very High
SO-398988,145,11,1834224.0,7,Very High
SO-399030,117,10,2774325.4,9,Very High
SO-399066,73,9,1733000.0,6,Very High
SO-399077,19,3,600088.0,3,Very High
SO-399101,68,8,1151677.6,8,Very High
SO-399144,84,6,1852973.0,4,Very High
SO-399150,85,8,3068779.2,8,Very High
SO-399167,7,1,32627.0,1,High
SO-399203,26,4,901696.0,4,Very High
SO-399229,121,12,1666034.6,11,Very High
SO-399298,49,4,1956567.0,4,Very High
SO-399326,79,7,3123413.6,7,Very High
SO-399362,54,6,405082.0,5,Very High
SO-399413,30,5,1540731.4,5,Very High
SO-399474,53,6,1363350.8,6,Very High
SO-399538,6,1,188160.0,1,Very High
SO-399601,10,1,591360.0,1,Very High
SO-399609,24,5,487205.0,5,Very High
SO-399856,43,4,1083843.2,4,Very High
SO-399877,39,6,376438.2,6,Very High
SO-399957,43,5,889402.2,5,Very High
SO-400004,14,2,548608.0,2,Very High
SO-400083,102,12,1648103.2,11,Very High
SO-400212,45,4,1468496.0,3,Very High
SO-400238,99,12,1275337.4,12,Very High
SO-400252,70,6,2197200.0,5,Very High
SO-400328,67,5,832375.6000000001,5,Very High
SO-400417,96,8,6340044.2,6,Very High
SO-400482,75,7,771774.6,6,Very High
SO-400526,41,6,371460.2,6,Very High
SO-400582,153,12,3246953.4,12,Very High
SO-400593,158,12,4758421.2,11,Very High
SO-400609,49,5,174620.0,5,Very High
SO-400726,98,8,1364412.4,7,Very High
SO-400819,71,6,1391166.0,5,Very High
SO-400845,80,8,828826.4,7,Very High
SO-400901,46,4,903041.6,4,Very High
SO-400941,133,12,1872881.0,11,Very High
SO-400982,63,8,2595904.0,6,Very High
SO-400989,39,4,81861.8,4,Very High
SO-401021,50,3,1157046.0,2,Very High
SO-401031,102,12,1311431.0,11,Very High
SO-401055,83,8,960727.6,7,Very High
SO-401084,54,5,596098.0,4,Very High
SO-401155,82,8,768334.0,5,Very High
SO-401286,81,7,1399329.0,7,Very High
SO-401293,37,5,559860.0,4,Very High
SO-401302,83,6,4024716.8,5,Very High
SO-401455,42,3,1062400.0,3,Very High
SO-401503,40,4,755852.6,4,Very High
SO-401561,95,6,785673.0,5,Very High
SO-401583,28,2,187502.0,2,Very High
SO-401621,24,3,832780.8,3,Very High
SO-401716,117,9,762759.6,7,Very High
SO-401739,52,4,880541.0,4,Very High
SO-401759,153,11,2875743.8,10,Very High
SO-401814,30,4,509623.6,4,Very High
SO-401825,84,7,352668.0,4,Very High
SO-401856,24,3,1844124.0,2,Very High
SO-401882,91,9,1980619.8,8,Very High
SO-401935,15,1,8496.0,1,Medium
SO-401938,50,5,955457.0,5,Very High
SO-401970,7,1,11977.0,1,High
SO-402136,21,2,118208.0,2,Very High
SO-402205,50,6,535941.6,5,Very High
SO-402237,5,1,7375.0,1,Medium
SO-402311,57,5,380515.4,5,Very High
SO-402315,59,5,1186300.0,5,Very High
SO-402323,14,1,20650.0,1,High
SO-402390,74,10,1325447.0,8,Very High
SO-402425,74,6,1887123.4,4,Very High
SO-402470,70,6,1361881.4,5,Very High
SO-402520,68,8,1740552.8,8,Very High
SO-402541,40,3,668227.2,3,Very High
SO-402578,94,12,5635300.0,9,Very High
SO-402595,12,1,336384.0,1,Very High
SO-402633,11,1,560384.0,1,Very High
SO-402648,18,1,194688.0,1,Very High
SO-402673,117,11,1365155.4,9,Very High
SO-402695,46,5,1537498.0,5,Very High
SO-402703,134,12,4707642.4,10,Very High
SO-402757,21,2,29913.0,2,High
SO-402830,9,1,6159.6,1,Medium
SO-402863,107,9,3260058.0,6,Very High
SO-402925,85,10,507447.4,8,Very High
SO-402941,13,2,50013.6,2,Very High
SO-402942,142,10,1792441.2,6,Very High
SO-402969,9,1,252288.0,1,Very High
SO-402970,95,12,2333840.0,10,Very High
SO-403019,107,12,2846990.2,10,Very High
SO-403056,40,4,957222.0,4,Very High
SO-403062,79,8,1634092.0,6,Very High
SO-403079,118,12,1745758.6,12,Very High
SO-403110,36,6,679750.0,6,Very High
SO-403170,114,9,1591741.2,7,Very High
SO-403172,55,6,1068454.0,5,Very High
SO-403227,79,6,2169224.2,6,Very High
SO-403245,90,8,1173005.6,8,Very High
SO-403249,79,7,671611.6,6,Very High
SO-403273,121,12,1073511.6,9,Very High
SO-403344,78,10,1255490.8,10,Very High
SO-403348,96,12,1613416.0,10,Very High
SO-403413,56,6,1177163.0,6,Very High
SO-403435,143,12,6126273.8,12,Very High
SO-403479,49,4,678921.6,3,Very High
SO-403498,61,7,1182167.6,7,Very High
SO-403521,45,5,977920.0,5,Very High
SO-403529,35,2,3032960.0,2,Very High
SO-403530,30,2,40356.0,2,High
SO-403612,25,3,736000.0,3,Very High
SO-403711,14,2,1400832.0,2,Very High
SO-403721,89,7,1123079.0,7,Very High
SO-403840,16,1,565248.0,1,Very High
SO-403859,104,10,1368517.8,8,Very High
SO-403875,38,5,421499.4,5,Very High
SO-403904,22,2,477440.0,2,Very High
SO-403934,35,5,652857.0,5,Very High
SO-403935,72,7,1555676.8,5,Very High
SO-403952,15,1,248640.0,1,Very High
SO-403967,90,9,1906415.2000000002,8,Very High
SO-403982,87,11,1597747.8,10,Very High
SO-404019,96,11,2777342.2,10,Very High
SO-404106,102,12,2624949.6,9,Very High
SO-404155,40,4,520201.0,4,Very High
SO-404267,129,11,1798744.8,10,Very High
SO-404288,21,2,1085238.0,2,Very High
SO-404372,83,7,5886016.0,7,Very High
SO-404389,51,6,1196586.6,6,Very High
SO-404419,55,5,769036.0,5,Very High
SO-404428,38,3,718733.0,3,Very High
SO-404430,151,12,5438184.0,9,Very High
SO-404487,21,2,186326.4,2,Very High
SO-404489,120,12,4044895.6,10,Very High
SO-404517,117,10,838806.8,9,Very High
SO-404560,62,6,3808750.6,6,Very High
SO-404577,62,6,2103104.0,6,Very High
SO-404677,53,6,1376492.2,5,Very High
SO-404810,129,12,3264754.0,11,Very High
SO-404846,99,10,1765360.8,10,Very High
SO-404854,23,3,1010560.0,3,Very High
SO-404880,112,10,1325497.2,7,Very High
SO-404962,33,2,696630.0,2,Very High
SO-404968,117,9,1741905.2,7,Very High
SO-405000,26,3,2253144.8,3,Very High
SO-405028,87,10,1251287.8,10,Very High
SO-405101,99,9,5197096.0,6,Very High
SO-405139,2,1,101888.0,1,Very High
SO-405148,40,4,573472.0,4,Very High
SO-405168,19,1,32509.0,1,High
SO-405265,95,9,1005653.0,8,Very High
SO-405312,66,7,1582374.0,7,Very High
SO-405348,113,9,4861713.2,7,Very High
SO-405387,35,4,172952.2,4,Very High
SO-405501,79,8,1122019.0,6,Very High
SO-405527,153,12,2110956.2,10,Very High
SO-405539,17,2,670208.0,2,Very High
SO-405604,148,10,2112089.6,8,Very High
SO-405834,105,12,1327161.2,11,Very High
SO-405875,89,11,1102726.8,11,Very High
SO-405876,99,11,2559398.8,10,Very High
SO-405912,102,10,910494.0,10,Very High
SO-405980,54,6,984477.4,6,Very High
SO-406024,108,8,2650326.6,7,Very High
SO-406100,124,12,1247303.8,10,Very High
SO-406149,51,5,168287.2,4,Very High
SO-406158,93,8,1459108.8,6,Very High
SO-406159,128,12,2443409.6,10,Very High
SO-406167,89,10,2182247.0,8,Very High
SO-406260,21,3,1030656.0,3,Very High
SO-406268,97,8,1641019.4,8,Very High
SO-406287,95,7,2956561.4,7,Very High
SO-406355,33,5,970799.0,5,Very High
SO-406494,70,5,1744380.0,5,Very High
SO-406530,119,12,4642159.2,11,Very High
SO-406543,92,9,2712840.0,8,Very High
SO-406683,59,8,1736857.8,6,Very High
SO-406824,56,5,653612.6,5,Very High
SO-406929,100,7,1115693.0,5,Very High
SO-406994,50,5,315011.6,5,Very High
SO-407003,133,11,3091388.0,9,Very High
SO-407004,8,2,47232.6,2,High
SO-407009,101,9,5496993.2,8,Very High
SO-407137,86,7,922789.2,5,Very High
SO-407148,7,2,205829.2,2,Very High
SO-407259,113,10,4054831.0,7,Very High
SO-407260,140,12,3632785.4,11,Very High
SO-407262,145,11,5670540.0,8,Very High
SO-407310,46,4,2299697.0,4,Very High
SO-407328,20,3,195419.6,2,Very High
SO-407355,37,5,823711.0,5,Very High
SO-407390,79,9,1098757.0,8,Very High
SO-407481,23,2,332775.0,2,Very High
SO-407490,61,6,1691584.0,6,Very High
SO-407589,1,1,9263.0,1,Medium
SO-407645,12,2,107727.0,2,Very High
SO-407674,63,4,1567011.2,4,Very High
SO-407681,52,5,700820.0,5,Very High
SO-407799,73,11,1152175.4,10,Very High
SO-407922,11,1,209792.0,1,Very High
SO-407924,123,12,2290546.0,10,Very High
SO-407942,73,7,567477.4,6,Very High
SO-407977,8,1,1218560.0,1,Very High
SO-408051,55,5,559335.2,5,Very High
SO-408362,46,4,689544.2,4,Very High
SO-408469,135,12,1383815.6,11,Very High
SO-408604,101,9,6562880.0,6,Very High
SO-408613,97,10,1225716.6,10,Very High
SO-408653,46,4,2008167.2,4,Very High
SO-408681,45,4,1116096.0,3,Very High
SO-408722,93,9,1849928.8,8,Very High
SO-408730,121,10,2175489.2,9,Very High
SO-408779,15,1,197760.0,1,Very High
SO-408793,64,7,943886.4,7,Very High
SO-408844,60,5,188372.0,5,Very High
SO-408868,58,5,1519942.8,4,Very High
SO-408922,108,10,4523675.0,10,Very High
SO-408979,112,11,5220765.0,9,Very High
SO-409089,106,10,3617828.0,9,Very High
SO-409104,21,2,2032088.8,2,Very High
SO-409109,92,8,3028297.0,8,Very High
SO-409194,87,10,3842977.2,8,Very High
SO-409208,87,8,3869296.0,7,Very High
SO-409211,105,8,3257753.4,8,Very High
SO-409258,92,7,1954927.4,7,Very High
SO-409483,112,10,3080734.5999999996,10,Very High
SO-409487,33,4,275045.0,4,Very High
SO-409575,127,10,3906549.0,8,Very High
SO-409601,100,9,1396421.4,8,Very High
SO-409649,80,6,868069.0,6,Very High
SO-409657,91,12,1492534.0,10,Very High
SO-409662,123,10,2247675.0,7,Very High
SO-409723,112,8,2345586.0,8,Very High
SO-409724,14,2,172489.0,2,Very High
SO-409840,39,5,49598.8,5,High
SO-409854,36,5,1950290.7999999998,5,Very High
SO-409912,70,7,2716946.4,7,Very High
SO-410013,81,7,2332510.6,6,Very High
SO-410150,54,6,844612.0,5,Very High
SO-410277,90,9,3686878.0,9,Very High
SO-410323,117,9,3601320.0,7,Very High
SO-410392,128,12,2810474.0,11,Very High
SO-410472,13,2,561752.8,2,Very High
SO-410497,116,9,1404097.2,8,Very High
SO-410502,74,6,3389793.0,6,Very High
SO-410523,31,4,89379.0,4,Very High
SO-410524,119,12,3696300.6,11,Very High
SO-410554,52,3,756073.6,3,Very High
SO-410587,99,10,1008731.8,9,Very High
SO-410679,73,6,4116739.8,6,Very High
SO-410689,81,9,2446122.4,7,Very High
SO-410725,95,11,2500776.4,9,Very High
SO-410728,23,2,564773.6,2,Very High
SO-410743,166,12,1574982.0,8,Very High
SO-410809,17,1,759424.0,1,Very High
SO-410833,11,1,7528.4,1,Medium
SO-410892,6,1,168192.0,1,Very High
SO-410903,40,3,142532.2,3,Very High
SO-411117,30,4,342444.0,3,Very High
SO-411152,49,4,419644.0,4,Very High
SO-411197,18,2,148268.8,2,Very High
SO-411242,78,9,1578755.0,8,Very High
SO-411291,47,6,1972085.0,6,Very High
SO-411396,57,6,1817988.0,6,Very High
SO-411455,19,4,558665.0,3,Very High
SO-411487,104,9,3182967.4,7,Very High
SO-411517,13,2,275262.0,2,Very High
SO-411565,51,4,522748.0,3,Very High
SO-411600,80,8,2222872.8,7,Very High
SO-411618,11,2,1357440.0,2,Very High
SO-411784,64,5,1729695.8,5,Very High
SO-411806,58,6,1519808.0,6,Very High
SO-411813,92,8,1193338.4,8,Very High
SO-411873,71,6,1748165.2,5,Very High
SO-411918,4,1,203776.0,1,Very High
SO-412030,50,5,127967.0,5,Very High
SO-412063,37,4,290970.8,4,Very High
SO-412106,145,11,1394960.8,10,Very High
SO-412145,44,4,1276987.0,4,Very High
SO-412183,20,1,93220.0,1,Very High
SO-412293,101,9,3068951.2,8,Very High
SO-412401,105,9,4776165.0,7,Very High
SO-412469,23,2,144019.0,2,Very High
SO-412511,95,11,933050.7999999999,9,Very High
SO-412618,38,5,484202.4,5,Very High
SO-412666,30,4,2004432.6,4,Very High
SO-412671,44,4,794909.0,4,Very High
SO-412696,50,5,991003.0,5,Very High
SO-412758,61,7,509370.0,5,Very High
SO-412762,104,12,4965583.8,11,Very High
SO-412764,51,6,921461.0,6,Very High
SO-412767,86,10,1439952.6,8,Very High
SO-412837,51,3,743616.8,3,Very High
SO-412924,62,10,1456296.8,9,Very High
SO-412961,59,4,798734.0,4,Very High
SO-412993,126,11,1351070.8,11,Very High
SO-413079,36,3,124248.0,3,Very High
SO-413098,44,5,368747.2,5,Very High
SO-413108,122,12,2692416.4,8,Very High
SO-413139,111,12,1540363.2,10,Very High
SO-413234,24,2,318840.0,2,Very High
SO-413365,79,10,2093332.2,9,Very High
SO-413413,27,2,508352.0,2,Very High
SO-413555,92,11,2532013.0,10,Very High
SO-413687,117,11,2860579.0,10,Very High
SO-413772,60,5,2230041.8,5,Very High
SO-413784,15,1,9204.0,1,Medium
SO-413816,15,2,816128.0,2,Very High
SO-413914,30,4,2276792.0,4,Very High
SO-413942,120,11,1884447.8,10,Very High
SO-413944,107,8,1873446.2,7,Very High
SO-413957,48,5,909070.6,5,Very High
SO-414008,75,5,3264717.6,4,Very High
SO-414009,72,7,4242496.0,6,Very High
SO-414242,37,3,722433.8,2,Very High
SO-414269,107,11,2420367.6,9,Very High
SO-414304,50,4,1269325.0,4,Very High
SO-414323,37,4,598572.8,4,Very High
SO-414327,95,9,2855184.4,8,Very High
SO-414334,106,9,2671715.8,9,Very High
SO-414355,129,9,3488649.0,8,Very High
SO-414363,110,10,2714720.4,9,Very High
SO-414365,117,10,3824040.2,9,Very High
SO-414414,16,2,759552.0,2,Very High
SO-414603,23,2,457856.0,2,Very High
SO-414623,80,5,2679784.4,5,Very High
SO-414782,96,8,4174645.0,7,Very High
SO-414796,18,1,194688.0,1,Very High
SO-414833,67,5,1466564.2,5,Very High
SO-414904,74,6,520291.0,4,Very High
SO-414906,49,7,807480.4,7,Very High
SO-414916,110,12,3452510.8,10,Very High
SO-414932,87,9,2098014.2,9,Very High
SO-415024,100,8,2230316.0,7,Very High
SO-415040,90,11,1339180.4,11,Very High
SO-415066,105,11,1548541.0,10,Very High
SO-415159,119,10,4101445.0,9,Very High
SO-415174,100,10,1883248.4,9,Very High
SO-415254,80,7,2163151.0,7,Very High
SO-415292,107,12,4945127.6,10,Very High
SO-415293,69,7,686183.2,6,Very High
SO-415342,48,4,291210.0,4,Very High
SO-415357,115,12,3702075.0,10,Very High
SO-415493,24,2,1085568.0,2,Very High
SO-415559,38,3,958208.0,2,Very High
SO-415667,83,10,2504910.0,9,Very High
SO-415750,93,7,2314872.0,7,Very High
SO-415964,74,8,1298406.2,8,Very High
SO-415999,53,6,913701.0,4,Very High
SO-416059,72,6,985070.0,6,Very High
SO-416076,80,8,2918819.2,6,Very High
SO-416117,106,11,2896532.0,9,Very High
SO-416128,31,3,948096.0,3,Very High
SO-416138,36,2,515448.0,2,Very High
SO-416149,23,3,1029632.0,3,Very High
SO-416224,85,6,566544.2,5,Very High
SO-416392,7,2,180864.0,2,Very High
SO-416446,49,4,113339.0,2,Very High
SO-416471,85,6,1492605.4,6,Very High
SO-416618,33,4,539676.8,4,Very High
SO-416657,63,8,2276386.0,7,Very High
SO-416756,136,12,3160099.0,8,Very High
SO-416796,129,12,2731030.8,9,Very High
SO-416816,110,10,1844003.0,8,Very High
SO-416844,20,1,706560.0,1,Very High
SO-416862,58,8,1427110.2,8,Very High
SO-416913,44,4,542351.2,4,Very High
SO-416926,89,10,1351719.0,9,Very High
SO-416964,85,9,838646.8,7,Very High
SO-417008,40,4,911859.8,4,Very High
SO-417027,80,9,2711353.6,7,Very High
SO-417030,75,8,2174457.4,7,Very High
SO-417048,30,3,485560.0,3,Very High
SO-417119,26,2,1363968.0,2,Very High
SO-417158,18,1,260352.0,1,Very High
SO-417189,126,11,1690606.4,10,Very High
SO-417192,81,9,3823628.8,9,Very High
SO-417230,101,10,2523964.8,8,Very High
SO-417250,82,7,1594834.0,6,Very High
SO-417319,135,11,5219109.2,11,Very High
SO-417321,42,5,1468472.0,5,Very High
SO-417354,85,10,1092476.6,8,Very High
SO-417378,75,7,1799530.8,5,Very High
SO-417387,98,9,3726786.4,7,Very High
SO-417409,74,5,3011640.8,5,Very High
SO-417430,121,10,2228967.4,8,Very High
SO-417446,21,2,282911.0,2,Very High
SO-417448,77,6,943065.4,6,Very High
SO-417485,39,7,646083.4,7,Very High
SO-417637,21,2,169371.0,2,Very High
SO-417652,92,8,2725736.0,8,Very High
SO-417679,45,4,392193.0,4,Very High
SO-417755,19,1,13003.6,1,High
SO-417809,69,6,576908.8,6,Very High
SO-417872,72,6,3151460.0,5,Very High
SO-417877,99,10,1340279.8,8,Very High
SO-417899,16,4,409287.2,4,Very High
SO-417920,74,6,1110375.0,6,Very High
SO-417963,51,5,1108800.0,4,Very High
SO-417978,107,12,2100437.8,10,Very High
SO-418049,143,12,2588528.2,8,Very High
SO-418108,84,11,880321.4,10,Very High
SO-418167,50,5,957815.8,5,Very High
SO-418224,42,7,2836268.8,6,Very High
SO-418236,16,1,9062.4,1,Medium
SO-418280,12,1,55932.0,1,Very High
SO-418291,127,11,7297478.0,9,Very High
SO-418326,32,3,861440.0,3,Very High
SO-418389,25,3,102530.2,3,Very High
SO-418409,100,8,632393.8,6,Very High
SO-418414,34,4,1163337.0,4,Very High
SO-418433,54,7,994019.0,7,Very High
SO-418458,100,11,2013488.8,10,Very High
SO-418475,12,1,173568.0,1,Very High
SO-418568,85,6,2624099.4,6,Very High
SO-418603,83,10,1723748.8,8,Very High
SO-418641,43,3,789868.0,3,Very High
SO-418709,64,8,341624.8,6,Very High
SO-418773,27,4,1233703.0,4,Very High
SO-418863,40,5,2081865.0,5,Very High
SO-418869,100,9,1331486.0,8,Very High
SO-418873,90,11,1307459.0,8,Very High
SO-418897,46,4,587342.0,4,Very High
SO-419160,57,5,2709869.8,5,Very High
SO-419235,26,4,885888.0,4,Very High
SO-419287,10,1,509440.0,1,Very High
SO-419312,26,3,1207323.0,3,Very High
SO-419316,23,4,422217.0,4,Very High
SO-419362,29,2,216376.4,2,Very High
SO-419507,34,5,315982.0,5,Very High
SO-419526,106,10,1447799.0,8,Very High
SO-419548,69,10,1188642.0,7,Very High
SO-419551,115,8,2452474.0,8,Very High
SO-419568,38,4,1358706.4,4,Very High
SO-419569,7,1,4790.8,1,Low
SO-419594,20,3,131540.8,3,Very High
SO-419691,125,11,1835696.6,10,Very High
SO-419787,19,2,840448.0,2,Very High
SO-419975,57,6,786514.4,6,Very High
SO-420081,71,7,2004045.6,7,Very High
SO-420154,76,7,1232486.4,6,Very High
SO-420249,39,3,176893.8,3,Very High
SO-420266,96,9,3952442.2,8,Very High
SO-420271,37,4,1275136.0,4,Very High
SO-420274,30,2,85903.0,2,Very High
SO-420325,33,3,743237.2,3,Very High
SO-420363,48,3,2782464.0,3,Very High
SO-420380,15,1,324480.0,1,Very High
SO-420388,106,9,693870.6,6,Very High
SO-420393,64,5,3377945.6,5,Very High
SO-420399,37,3,3018689.2,3,Very High
SO-420507,74,7,2120505.6,7,Very High
SO-420533,133,12,2640882.6,11,Very High
SO-420598,70,7,999411.2,6,Very High
SO-420635,106,10,3276035.2,8,Very High
SO-420749,56,4,1446856.0,4,Very High
SO-420752,57,7,1576576.0,4,Very High
SO-420782,91,10,1618742.0,8,Very High
SO-420817,127,11,3265569.4,9,Very High
SO-420872,40,4,1313577.0,4,Very High
SO-421113,99,9,2966940.0,8,Very High
SO-421130,69,7,1646295.0,6,Very High
SO-421195,2,1,1227.2,1,Low
SO-421199,103,9,2382985.6,9,Very High
SO-421208,65,7,3228056.0,7,Very High
SO-421226,46,6,4456246.4,5,Very High
SO-421292,129,12,2252484.4,12,Very High
SO-421367,110,7,2668288.0,6,Very High
SO-421369,91,8,4620180.2,8,Very High
SO-421390,105,11,4364185.2,11,Very High
SO-421401,51,7,807558.0,7,Very High
SO-421527,85,8,4869679.0,7,Very High
SO-421589,14,2,153864.0,2,Very High
SO-421641,130,12,4832671.0,9,Very High
SO-421699,5,1,8555.0,1,Medium
SO-421813,36,4,67072.4,4,Very High
SO-421835,84,10,412698.6,7,Very High
SO-421850,62,7,1651403.0,7,Very High
SO-421873,29,2,39400.2,2,High
SO-421875,1,1,44672.0,1,High
SO-421884,79,6,1656589.0,5,Very High
SO-421912,31,3,929289.6,3,Very High
SO-422054,53,5,895118.0,5,Very High
SO-422134,134,10,4297191.2,10,Very High
SO-422177,119,11,1157925.8,10,Very High
SO-422197,110,11,2791595.2,10,Very High
SO-422243,20,3,324242.8,3,Very High
SO-422361,66,7,2782333.0,7,Very High
SO-422465,73,7,2781092.0,7,Very High
SO-422555,17,3,569470.0,3,Very High
SO-422783,17,1,157471.0,1,Very High
SO-422787,36,5,1183246.0,5,Very High
SO-422803,16,1,74576.0,1,Very High
SO-422873,70,8,2807602.0,6,Very High
SO-423106,103,12,547352.8,8,Very High
SO-423115,19,2,977024.0,2,Very High
SO-423245,125,12,2694297.2,10,Very High
SO-423263,81,9,1017646.4,8,Very High
SO-423292,67,7,1260126.4,7,Very High
SO-423431,138,12,2940097.0,12,Very High
SO-423484,111,12,3665996.4,9,Very High
SO-423508,128,11,2538079.2,10,Very High
SO-423530,35,6,444556.0,5,Very High
SO-423532,115,12,4962018.2,10,Very High
SO-423538,73,7,2514072.0,7,Very High
SO-423636,79,7,1517309.0,6,Very High
SO-423779,80,7,834971.0,6,Very High
SO-423783,122,10,2785573.0,8,Very High
SO-423787,111,10,3121847.0,9,Very High
SO-423798,30,2,21004.0,2,High
SO-423862,98,10,1864583.4,10,Very High
SO-423869,129,12,5051885.0,8,Very High
SO-423872,120,11,2230958.2,9,Very High
SO-424061,99,8,3455078.8,8,Very High
SO-424079,152,12,3370241.4,9,Very High
SO-424083,125,11,1259308.8,9,Very High
SO-424098,62,7,3710080.0,7,Very High
SO-424113,117,12,5149421.2,11,Very High
SO-424114,35,3,99320.6,2,Very High
SO-424134,106,10,1062702.4,8,Very High
SO-424184,62,7,810549.0,6,Very High
SO-424203,106,11,1769986.4,9,Very High
SO-424244,54,5,911357.0,5,Very High
SO-424265,109,9,4428123.0,8,Very High
SO-424324,63,6,1725471.2,4,Very High
SO-424510,7,2,211741.0,2,Very High
SO-424570,130,12,1944389.4000000001,10,Very High
SO-424711,59,6,1877504.0,6,Very High
SO-424716,56,4,282768.6,4,Very High
SO-424749,96,9,1404240.8,9,Very High
SO-424751,112,10,7066794.0,7,Very High
SO-424798,6,2,459013.2,2,Very High
SO-424931,36,3,116383.4,3,Very High
SO-424940,17,1,324224.0,1,Very High
SO-425049,63,8,750370.0,8,Very High
SO-425052,39,3,1469406.0,3,Very High
SO-425112,55,5,833088.0,5,Very High
SO-425114,74,8,396293.2,6,Very High
SO-425117,31,3,385317.0,3,Very High
SO-425165,82,9,842724.0,7,Very High
SO-425178,101,9,2026225.0,8,Very High
SO-425295,21,3,167275.2,3,Very High
SO-425346,61,5,405412.6,3,Very High
SO-425431,61,7,2005565.0,6,Very High
SO-425433,46,6,605921.6,6,Very High
SO-425522,97,7,3014370.2,7,Very High
SO-425551,73,7,2019053.0,6,Very High
SO-425603,63,5,954636.8,5,Very High
SO-425640,37,4,816402.0,4,Very High
SO-425702,134,12,2075420.6,11,Very High
SO-425766,138,12,6051279.8,11,Very High
SO-425800,104,12,1865297.8,10,Very High
SO-425837,89,12,1757627.8,11,Very High
SO-425909,149,12,6572959.2,12,Very High
SO-425930,16,2,391232.0,2,Very High
SO-425951,62,7,580375.2,7,Very High
SO-426027,28,3,275058.0,2,Very High
SO-426065,111,9,4361540.8,9,Very High
SO-426072,56,6,2964224.0,6,Very High
SO-426077,133,11,2978799.8,9,Very High
SO-426108,24,3,867456.0,3,Very High
SO-426139,42,4,238425.2,4,Very High
SO-426163,17,3,103427.0,3,Very High
SO-426242,61,5,1464828.0,5,Very High
SO-426362,111,9,635501.2,8,Very High
SO-426413,161,12,3497806.0,10,Very High
SO-426445,92,9,4953340.0,8,Very High
SO-426471,99,8,1297555.2,8,Very High
SO-426499,49,5,1219160.0,5,Very High
SO-426601,131,9,3046964.1999999997,7,Very High
SO-426682,87,11,1862247.0,10,Very High
SO-426702,26,2,529664.0,2,Very High
SO-426725,59,5,3420728.0,5,Very High
SO-426757,7,2,182528.0,2,Very High
SO-426786,51,4,1725696.0,4,Very High
SO-426801,77,5,4116483.0,5,Very High
SO-426826,88,11,1851293.0,8,Very High
SO-426837,65,8,1378080.0,8,Very High
SO-426865,13,2,239836.2,2,Very High
SO-426911,100,8,755925.4,7,Very High
SO-426934,42,4,647872.0,4,Very High
SO-427034,135,11,3368172.0,9,Very High
SO-427039,48,5,718533.6,5,Very High
SO-427333,3,1,456960.0,1,Very High
SO-427347,28,2,479297.2,2,Very High
SO-427359,26,3,96172.8,3,Very High
SO-427399,106,11,920634.4,10,Very High
SO-427409,20,2,289987.2,2,Very High
SO-427420,41,3,1716688.0,3,Very High
SO-427467,18,2,126983.0,2,Very High
SO-427503,128,11,2200756.6,8,Very High
SO-427538,93,7,2707297.4,7,Very High
SO-427547,58,5,1678657.0,4,Very High
SO-427551,73,9,377841.0,8,Very High
SO-427597,63,8,707764.0,7,Very High
SO-427627,127,12,2274327.8,9,Very High
SO-427810,33,7,307139.0,6,Very High
SO-427823,46,5,1847420.8,5,Very High
SO-427828,80,7,2684068.0,6,Very High
SO-427931,111,12,2453319.0,7,Very High
SO-427991,104,12,3642497.8,12,Very High
SO-428010,94,7,1779975.4,6,Very High
SO-428152,75,6,1323623.0,6,Very High
SO-428178,83,11,1813720.8,10,Very High
SO-428230,24,4,522115.0,4,Very High
SO-428304,57,6,1522488.0,6,Very High
SO-428307,109,11,2169797.2,9,Very High
SO-428325,47,5,487956.2,5,Very High
SO-428409,63,8,1486108.0,6,Very High
SO-428435,47,4,1620992.0,3,Very High
SO-428438,51,4,241418.2,4,Very High
SO-428449,31,2,269925.0,2,Very High
SO-428464,106,10,5253902.2,9,Very High
SO-428471,65,7,1506650.0,6,Very High
SO-428557,57,10,351065.0,9,Very High
SO-428624,9,2,122112.0,2,Very High
SO-428693,101,9,2274014.8,8,Very High
SO-428846,82,6,849328.8,6,Very High
SO-428918,144,12,884205.0,8,Very High
SO-428921,22,4,122184.0,4,Very High
SO-429045,21,2,2312766.0,2,Very High
SO-429063,38,2,254467.0,2,Very High
SO-429066,69,8,1090349.4,7,Very High
SO-429072,43,6,1335480.6,6,Very High
SO-429199,124,11,5481329.2,9,Very High
SO-429202,128,12,4561288.0,9,Very High
SO-429255,6,1,913920.0,1,Very High
SO-429328,106,11,2748115.8,11,Very High
SO-429365,22,4,419584.0,4,Very High
SO-429376,75,9,1713853.2,9,Very High
SO-429399,110,10,2705286.0,9,Very High
SO-429420,51,4,908704.8,4,Very High
SO-429434,23,2,37937.0,2,High
SO-429449,115,12,2859855.0,11,Very High
SO-429458,9,1,97344.0,1,Very High
SO-429525,76,7,3206983.2,6,Very High
SO-429564,55,5,918511.2,5,Very High
SO-429575,20,3,317599.0,2,Very High
SO-429593,28,2,898348.8,2,Very High
SO-429594,84,8,1429162.0,8,Very High
SO-429616,129,12,6873313.8,11,Very High
SO-429754,70,5,1546788.0,5,Very High
SO-429803,153,12,4778877.6,11,Very High
SO-429819,83,9,1184710.6,9,Very High
SO-429866,103,9,7382072.0,8,Very High
SO-429908,68,6,2194014.0,6,Very High
SO-430011,93,9,1580696.2,7,Very High
SO-430027,31,2,1026408.4,2,Very High
SO-430121,57,6,3538463.0,6,Very High
SO-430150,49,5,2246424.0,5,Very High
SO-430199,90,8,2697730.6,8,Very High
SO-430200,123,10,3253176.4,9,Very High
SO-430270,48,4,264221.0,4,Very High
SO-430326,53,5,1496860.4,5,Very High
SO-430471,54,5,793532.0,5,Very High
SO-430482,128,12,3464678.4,11,Very High
SO-430488,122,12,1911984.4000000001,12,Very High
SO-430524,66,7,4629859.0,7,Very High
SO-430529,18,3,1224192.0,3,Very High
SO-430572,59,8,840075.8,7,Very High
SO-430668,33,3,790144.0,3,Very High
SO-430670,40,4,728265.0,4,Very High
SO-430694,20,2,212600.0,2,Very High
SO-430699,60,6,734817.0,6,Very High
SO-430788,70,5,3604267.4,5,Very High
SO-430794,35,3,490307.2,3,Very High
SO-430824,9,1,6159.6,1,Medium
SO-430917,108,12,2552303.6,10,Very High
SO-430937,69,7,1355556.2,7,Very High
SO-431072,19,2,259584.0,2,Very High
SO-431150,8,1,74104.0,1,Very High
SO-431294,10,1,131840.0,1,Very High
SO-431383,37,7,444824.8,7,Very High
SO-431391,133,11,1892392.8,11,Very High
SO-431459,58,5,121447.8,5,Very High
SO-431467,34,5,1954863.0,4,Very High
SO-431481,152,12,8946175.4,9,Very High
SO-431510,50,6,2804273.0,6,Very High
SO-431652,6,1,129792.0,1,Very High
SO-431670,85,8,724497.4,7,Very High
SO-431701,29,2,46433.0,2,High
SO-431735,73,7,286974.4,6,Very High
SO-431946,4,1,112128.0,1,Very High
SO-431995,41,3,3060135.2,3,Very High
SO-432002,108,12,3326621.8,10,Very High
SO-432003,118,9,2367988.6,9,Very High
SO-432124,29,3,216244.0,3,Very High
SO-432177,74,10,1235737.4,9,Very High
SO-432219,126,10,3484570.0,9,Very High
SO-432230,45,4,1183961.8,4,Very High
SO-432242,50,4,240044.4,4,Very High
SO-432244,83,5,1976860.8,5,Very High
SO-432281,51,6,1330526.0,6,Very High
SO-432298,30,4,1366375.0,4,Very High
SO-432326,85,7,3851207.0,7,Very High
SO-432400,45,5,1146909.0,5,Very High
SO-432553,86,8,1731778.0,7,Very High
SO-432556,40,3,319878.4,3,Very High
SO-432598,136,11,3085330.6,11,Very High
SO-432651,18,1,635904.0,1,Very High
SO-432792,47,6,507009.2,6,Very High
SO-432818,75,9,1056222.0,7,Very High
SO-432824,12,1,172032.0,1,Very High
SO-432847,90,8,1863417.0,7,Very High
SO-432879,133,12,2621827.0,10,Very High
SO-432885,111,12,4366717.6,10,Very High
SO-432925,111,11,2024662.4000000001,10,Very High
SO-432928,96,9,3801109.4,9,Very High
SO-432985,36,3,856672.0,3,Very High
SO-433003,93,9,2004431.8,8,Very High
SO-433039,110,12,5845552.0,8,Very High
SO-433093,124,12,1977029.8,10,Very High
SO-433346,68,7,724637.2,7,Very High
SO-433349,96,8,4282842.2,7,Very High
SO-433455,32,2,606884.8,2,Very High
SO-433613,125,12,1139474.4,10,Very High
SO-433628,29,2,470768.0,2,Very High
SO-433790,20,1,185260.0,1,Very High
SO-433808,42,6,846995.0,5,Very High
SO-433884,9,1,149184.0,1,Very High
SO-433889,18,2,546728.0,2,Very High
SO-433898,25,2,23316.8,2,High
SO-433964,122,12,5056056.0,12,Very High
SO-434106,74,7,1264707.8,6,Very High
SO-434159,103,12,1774636.2,8,Very High
SO-434261,99,9,2205715.8,7,Very High
SO-434339,46,5,611536.0,4,Very High
SO-434389,77,12,1591631.8,11,Very High
SO-434513,49,6,913962.4,6,Very High
SO-434532,78,8,1015430.6,8,Very High
SO-434553,9,1,15399.0,1,High
SO-434611,111,10,2349382.2,8,Very High
SO-434675,79,6,1135639.0,6,Very High
SO-434831,34,6,700855.0,5,Very High
SO-434832,97,9,3216635.8,9,Very High
SO-434922,73,8,1339601.6,6,Very High
SO-434952,144,12,5379707.8,9,Very High
SO-434996,21,2,341312.0,2,Very High
SO-435021,113,10,1889831.4,8,Very High
SO-435115,73,7,1038534.2,7,Very High
SO-435124,75,7,1213072.6,7,Very High
SO-435177,12,1,20532.0,1,High
SO-435220,37,4,759659.0,3,Very High
SO-435225,146,12,4341517.8,11,Very High
SO-435278,53,4,839488.0,4,Very High
SO-435349,27,5,558817.6,5,Very High
SO-435389,16,1,265216.0,1,Very High
SO-435422,30,2,835200.0,2,Very High
SO-435462,36,4,1811687.0,4,Very High
SO-435476,32,2,789235.0,2,Very High
SO-435515,87,8,1013429.2,8,Very High
SO-435520,99,8,1268661.8,7,Very High
SO-435623,154,11,3321819.0,9,Very High
SO-435698,113,8,2341245.0,8,Very High
SO-435701,23,4,896768.0,3,Very High
SO-435946,122,11,3942115.6,9,Very High
SO-436044,103,11,3013050.0,9,Very High
SO-436113,41,6,348641.0,5,Very High
SO-436172,49,4,731456.0,4,Very High
SO-436204,33,3,25228.4,2,High
SO-436208,116,11,2687325.0,8,Very High
SO-436235,18,2,343779.0,2,Very High
SO-436422,97,12,1092197.8,10,Very High
SO-436491,112,10,3340625.6,10,Very High
SO-436504,28,2,804608.0,2,Very High
SO-436575,19,2,15540.6,2,High
SO-436582,15,2,731520.0,2,Very High
SO-436597,14,2,193536.0,2,Very High
SO-436623,78,10,3265850.0,8,Very High
SO-436667,28,2,12791.2,2,High
SO-436841,12,1,55932.0,1,Very High
SO-436858,85,8,2823638.4,8,Very High
SO-436890,137,11,1806453.8,9,Very High
SO-436901,109,8,739122.8,8,Very High
SO-437016,73,7,1561841.6,7,Very High
SO-437066,109,9,4206118.0,8,Very High
SO-437185,84,9,3535974.0,8,Very High
SO-437260,84,9,1584086.2,7,Very High
SO-437443,96,11,2829223.6,9,Very High
SO-437451,10,2,231424.0,2,Very High
SO-437544,79,7,1377742.0,5,Very High
SO-437579,147,12,2752186.6,10,Very High
SO-437631,37,5,199558.4,5,Very High
SO-437635,90,6,2504707.6,6,Very High
SO-437637,55,6,1115780.0,5,Very High
SO-437686,29,3,830144.0,3,Very High
SO-437760,33,5,882723.2,5,Very High
SO-437786,75,5,799854.2,5,Very High
SO-437817,95,10,1885408.6,9,Very High
SO-437871,67,7,1684355.2,6,Very High
SO-438037,137,11,4623327.8,8,Very High
SO-438046,137,10,4938095.8,7,Very High
SO-438066,133,12,2424449.8,10,Very High
SO-438078,44,6,620202.6,6,Very High
SO-438137,114,9,1769128.6,7,Very High
SO-438168,18,5,247805.6,4,Very High
SO-438197,134,11,3676789.8,11,Very High
SO-438199,90,9,888558.8,8,Very High
SO-438280,91,9,3475491.8,9,Very High
SO-438281,19,2,103530.0,2,Very High
SO-438310,15,1,470400.0,1,Very High
SO-438387,51,5,1379072.0,5,Very High
SO-438423,109,9,2862608.6,7,Very High
SO-438567,63,6,1119489.4,6,Very High
SO-438636,35,6,554112.0,6,Very High
SO-438637,40,4,589779.2,4,Very High
SO-438753,19,1,228684.0,1,Very High
SO-438789,22,3,50978.6,3,Very High
SO-438843,74,7,1019236.2,7,Very High
SO-438848,85,7,4628369.0,6,Very High
SO-439000,23,2,1354368.0,2,Very High
SO-439008,135,12,2903620.8,10,Very High
SO-439104,38,6,1735204.4,6,Very High
SO-439157,120,12,2149302.0,10,Very High
SO-439252,46,4,1022319.0,4,Very High
SO-439263,78,7,431993.8,6,Very High
SO-439317,74,10,618970.2,8,Very High
SO-439325,120,9,2167505.0,7,Very High
SO-439409,45,3,925340.8,3,Very High
SO-439434,138,10,4002722.0,8,Very High
SO-439437,76,7,2076257.6,7,Very High
SO-439477,82,7,1108049.4,5,Very High
SO-439485,39,3,1458470.0,2,Very High
SO-439629,42,5,496575.2,5,Very High
SO-439808,147,12,7317882.4,10,Very High
SO-439983,118,10,1056477.6,8,Very High
SO-439998,41,3,1269590.0,3,Very High
SO-440035,72,10,2999979.4,8,Very High
SO-440067,6,1,268032.0,1,Very High
SO-440113,55,6,144821.4,6,Very High
SO-440127,89,7,788562.6,7,Very High
SO-440349,138,11,3130659.8,8,Very High
SO-440355,129,11,4664051.0,9,Very High
SO-440369,68,10,1100792.8,9,Very High
SO-440376,69,7,746814.0,6,Very High
SO-440415,88,10,1498383.8,9,Very High
SO-440429,124,11,2716843.2,8,Very High
SO-440466,15,1,2284800.0,1,Very High
SO-440501,43,3,411586.0,3,Very High
SO-440621,44,5,933886.0,5,Very High
SO-440698,76,8,2623989.4,7,Very High
SO-440721,35,5,729032.8,5,Very High
SO-440733,15,3,422804.0,3,Very High
SO-440769,145,10,3973217.4,9,Very High
SO-440772,65,6,1347815.0,5,Very High
SO-440786,18,1,343296.0,1,Very High
SO-440834,105,10,3231046.8,9,Very High
SO-440914,90,10,1401385.0,9,Very High
SO-440935,77,7,1156631.0,5,Very High
SO-441048,142,11,3984098.0,10,Very High
SO-441075,100,7,1196886.0,6,Very High
SO-441242,32,4,655039.0,4,Very High
SO-441267,41,5,270615.0,5,Very High
SO-441294,60,6,1362178.2,5,Very High
SO-441487,105,9,876033.4,8,Very High
SO-441584,71,9,3714810.6,9,Very High
SO-441597,60,5,1768448.0,4,Very High
SO-441615,98,12,1524676.0,11,Very High
SO-441693,24,3,941568.0,2,Very High
SO-441707,19,1,2894080.0,1,Very High
SO-441709,127,11,5585847.6,10,Very High
SO-441801,28,2,213150.4,2,Very High
SO-441813,60,8,775178.0,5,Very High
SO-441826,7,1,100352.0,1,Very High
SO-441847,114,9,3957100.2,8,Very High
SO-441912,115,11,4996571.0,10,Very High
SO-441931,68,4,204069.2,3,Very High
SO-441983,32,3,1346048.0,3,Very High
SO-441998,47,4,237903.2,4,Very High
SO-442015,27,3,313357.0,3,Very High
SO-442026,22,2,127499.0,2,Very High
SO-442041,11,1,4023.8,1,Low
SO-442075,36,4,773417.0,4,Very High
SO-442090,15,3,349999.0,3,Very High
SO-442104,65,9,2825322.1999999997,8,Very High
SO-442113,50,3,797223.0,3,Very High
SO-442172,97,11,1115819.4,10,Very High
SO-442199,78,9,1031394.0,7,Very High
SO-442281,50,4,240684.0,4,Very High
SO-442410,162,12,4597004.8,9,Very High
SO-442425,95,9,1379231.6,9,Very High
SO-442431,82,7,3808992.8,7,Very High
SO-442508,19,2,81087.2,2,Very High
SO-442520,32,3,351815.6,3,Very High
SO-442532,79,10,2355121.2,7,Very High
SO-442544,78,11,447890.4,10,Very High
SO-442601,59,6,278474.8,6,Very High
SO-442608,50,4,87269.0,3,Very High
SO-442625,138,12,6459717.2,12,Very High
SO-442639,112,12,2247280.2,9,Very High
SO-442706,73,7,3296912.0,7,Very High
SO-442746,90,6,1182564.0,4,Very High
SO-442766,82,12,1585041.4000000001,10,Very High
SO-442791,116,10,1081910.6,9,Very High
SO-442918,47,4,717732.8,4,Very High
SO-442920,121,12,1315521.0,7,Very High
SO-442942,127,12,3347074.2,9,Very High
SO-443080,43,4,2028319.0,4,Very High
SO-443096,87,8,3670848.6,7,Very High
SO-443250,68,7,520657.0,6,Very High
SO-443266,53,6,1311396.8,6,Very High
SO-443274,16,3,15068.599999999999,3,High
SO-443290,71,7,991847.6,6,Very High
SO-443362,41,8,1430836.0,6,Very High
SO-443368,88,8,2374727.4,7,Very High
SO-443409,36,2,256715.6,2,Very High
SO-443420,149,12,5879338.0,10,Very High
SO-443516,45,4,1546624.0,4,Very High
SO-443518,77,7,2311384.8,7,Very High
SO-443520,13,1,1980160.0,1,Very High
SO-443528,28,3,649362.0,3,Very High
SO-443625,15,1,5487.0,1,Medium
SO-443633,79,8,4355683.2,6,Very High
SO-443708,35,3,557326.4,3,Very High
SO-443721,95,8,1665110.0,8,Very High
SO-443743,46,6,103293.2,6,Very High
SO-443749,82,8,2437999.0,7,Very High
SO-443751,7,2,7398.6,2,Medium
SO-443789,47,4,482621.0,4,Very High
SO-443834,74,7,5926888.0,5,Very High
SO-443836,36,3,825508.8,3,Very High
SO-443860,134,12,4916128.4,11,Very High
SO-443933,55,4,1892864.0,4,Very High
SO-444041,128,12,2661953.2,10,Very High
SO-444091,57,5,1238664.0,5,Very High
SO-444149,57,7,2196284.0,7,Very High
SO-444178,117,8,1805241.4,6,Very High
SO-444216,19,3,460416.0,3,Very High
SO-444271,57,8,471594.2,8,Very High
SO-444392,20,3,51288.0,2,Very High
SO-444405,71,7,641598.0,6,Very High
SO-444488,77,8,2547252.0,8,Very High
SO-444506,70,6,1178641.2,6,Very High
SO-444517,6,1,3681.6,1,Low
SO-444595,79,7,1344254.0,6,Very High
SO-444621,134,11,1710730.0,7,Very High
SO-444692,29,2,375956.8,2,Very High
SO-444703,83,6,2833704.0,6,Very High
SO-444824,83,10,1458112.2,6,Very High
SO-444948,122,9,5330352.0,8,Very High
SO-445040,19,2,12649.6,2,High
SO-445071,109,10,1641757.6,9,Very High
SO-445122,12,2,126686.0,2,Very High
SO-445202,49,4,3431276.8,4,Very High
SO-445299,24,2,177000.0,2,Very High
SO-445327,32,3,487507.6,3,Very High
SO-445339,44,8,525498.0,7,Very High
SO-445411,17,1,79237.0,1,Very High
SO-445438,84,6,4219521.2,6,Very High
SO-445484,94,10,3464230.8,9,Very High
SO-445522,124,12,648288.2,9,Very High
SO-445536,53,4,1884256.0,3,Very High
SO-445561,84,11,864139.2,10,Very High
SO-445601,41,6,1598670.0,6,Very High
SO-445642,122,12,5998076.6,10,Very High
SO-445677,89,8,1278061.6,8,Very High
SO-445702,96,11,1746806.0,9,Very High
SO-445714,105,12,957643.0,10,Very High
SO-445769,37,5,600477.8,5,Very High
SO-445788,12,1,536064.0,1,Very High
SO-446061,76,11,720314.0,10,Very High
SO-446079,8,1,4908.8,1,Low
SO-446106,20,2,1141760.0,2,Very High
SO-446111,7,1,32627.0,1,High
SO-446184,111,12,1458246.0,11,Very High
SO-446208,72,6,485336.6,6,Very High
SO-446341,104,12,2125496.8,9,Very High
SO-446357,14,1,2132480.0,1,Very High
SO-446405,90,9,1605342.0,9,Very High
SO-446505,20,1,286720.0,1,Very High
SO-446509,107,12,2546603.4,12,Very High
SO-446533,67,5,1911229.0,5,Very High
SO-446566,33,3,69915.0,2,Very High
SO-446591,129,11,3639310.8,10,Very High
SO-446601,16,2,234770.0,2,Very High
SO-446660,110,9,3872557.2,7,Very High
SO-446701,130,12,3581126.4,9,Very High
SO-446796,98,8,2444418.8,6,Very High
SO-446932,34,3,1269741.0,3,Very High
SO-446975,34,4,835971.0,4,Very High
SO-447012,106,11,1114647.8,9,Very High
SO-447030,15,2,133863.0,2,Very High
SO-447090,42,4,887296.0,3,Very High
SO-447092,71,7,675640.0,6,Very High
SO-447099,57,6,498144.0,5,Very High
SO-447124,44,7,1091916.2,7,Very High
SO-447200,127,10,8099458.2,8,Very High
SO-447241,68,8,3530586.0,7,Very High
SO-447273,76,7,1960713.0,7,Very High
SO-447301,65,7,1261485.2,7,Very High
SO-447321,121,11,5299689.0,8,Very High
SO-447375,3,1,7965.0,1,Medium
SO-447415,89,7,3386921.8,7,Very High
SO-447440,7,3,73963.0,3,Very High
SO-447554,60,6,3207707.4,6,Very High
SO-447600,76,9,3336224.0,8,Very High
SO-447628,114,11,3618819.0,11,Very High
SO-447641,119,8,789005.6,8,Very High
SO-447686,66,5,5415208.8,5,Very High
SO-447732,82,8,1216658.0,7,Very High
SO-447751,103,9,666944.6,8,Very High
SO-447806,79,8,1732815.0,7,Very High
SO-447807,62,5,1724539.2,5,Very High
SO-447889,32,4,665380.0,3,Very High
SO-447895,88,7,685459.2,7,Very High
SO-447969,52,5,93928.0,4,Very High
SO-448074,90,7,1658076.4,6,Very High
SO-448075,29,3,849619.0,2,Very High
SO-448102,53,6,710582.4,5,Very High
SO-448195,50,6,835811.0,5,Very High
SO-448221,6,2,306905.6,2,Very High
SO-448278,73,6,1049783.0,5,Very High
SO-448310,52,6,909142.0,6,Very High
SO-448337,31,3,1201664.0,2,Very High
SO-448383,88,9,1103638.6,8,Very High
SO-448457,19,2,298733.8,2,Very High
SO-448475,160,12,3782400.2,11,Very High
SO-448503,33,3,244093.2,3,Very High
SO-448508,81,9,797821.6,9,Very High
SO-448519,37,4,273084.6,4,Very High
SO-448566,40,5,1491619.0,5,Very High
SO-448585,50,8,563528.6,7,Very High
SO-448621,43,10,745009.4,9,Very High
SO-448790,117,12,1792661.4,9,Very High
SO-448825,46,4,824655.0,4,Very High
SO-448931,69,6,366826.4,5,Very High
SO-448946,135,11,2063741.2,9,Very High
SO-448975,16,3,1004672.0,3,Very High
SO-449019,137,11,3407480.4,10,Very High
SO-449072,55,5,2000651.2,5,Very High
SO-449095,12,1,1282560.0,1,Very High
SO-449106,47,3,859786.4,3,Very High
SO-449262,8,3,21594.0,3,High
SO-449285,91,11,860127.0,9,Very High
SO-449308,81,7,3048420.0,7,Very High
SO-449353,76,7,1930019.8,5,Very High
SO-449358,94,11,1900456.6,9,Very High
SO-449461,131,11,1630871.4,8,Very High
SO-449539,89,9,1902198.8,8,Very High
SO-449610,100,8,782871.6,8,Very High
SO-449700,80,7,738261.0,7,Very High
SO-449723,48,4,321662.4,4,Very High
SO-449732,86,6,1504687.6,6,Very High
SO-449734,15,2,460416.0,2,Very High
SO-449750,52,6,833620.0,6,Very High
SO-449769,89,7,2111898.0,7,Very High
SO-449855,29,4,121526.8,4,Very High
SO-450040,22,4,416213.2,3,Very High
SO-450047,92,8,1122019.2,6,Very High
SO-450080,6,1,188160.0,1,Very High
SO-450109,20,1,62720.0,1,Very High
SO-450158,78,6,331865.2,5,Very High
SO-450166,104,11,4529078.0,10,Very High
SO-450267,35,3,70266.0,3,Very High
SO-450274,86,9,1480666.4,9,Very High
SO-450296,150,12,5102365.2,10,Very High
SO-450419,107,12,1793871.4000000001,9,Very High
SO-450431,95,9,2330452.0,8,Very High
SO-450555,76,7,1337480.0,5,Very High
SO-450562,109,10,2267325.0,8,Very High
SO-450573,135,12,2507422.4,11,Very High
SO-450626,74,7,1725303.2,6,Very High
SO-450632,112,11,4698511.0,10,Very High
SO-450733,103,9,703595.8,8,Very High
SO-450746,15,1,180540.0,1,Very High
SO-450774,65,8,480882.4,7,Very High
SO-450783,75,8,1014239.4,8,Very High
SO-450820,115,10,1312259.2,7,Very High
SO-450835,114,10,1871028.0,8,Very High
SO-450864,70,8,4743044.0,7,Very High
SO-450872,1,1,3136.0,1,Low
SO-450923,73,6,3067568.6,5,Very High
SO-450973,139,11,5261659.0,9,Very High
SO-450982,123,11,1110257.8,10,Very High
SO-450999,67,8,428376.4,6,Very High
SO-451119,27,4,368999.0,4,Very High
SO-451138,13,3,344295.0,3,Very High
SO-451150,6,3,86144.0,3,Very High
SO-451161,50,5,4213896.0,4,Very High
SO-451185,73,6,1072600.0,6,Very High
SO-451259,92,11,1549157.0,10,Very High
SO-451300,54,7,2352235.4,6,Very High
SO-451392,145,12,3619969.6,10,Very High
SO-451478,105,8,2070086.0,8,Very High
SO-451491,72,7,2397635.0,7,Very High
SO-451546,79,7,3505502.8,7,Very High
SO-451618,63,5,1310721.2,5,Very High
SO-451622,17,2,324282.0,2,Very High
SO-451623,74,10,923216.4,8,Very High
SO-451691,36,3,1104128.0,3,Very High
SO-451728,84,9,1252084.2,9,Very High
SO-451785,97,9,811863.0,8,Very High
SO-451800,29,5,1049289.0,4,Very High
SO-451862,82,9,2438401.0,8,Very High
SO-451902,91,9,1618829.7999999998,8,Very High
SO-451926,53,4,3238272.0,4,Very High
SO-451928,53,7,609725.8,4,Very High
SO-451944,3,1,2053.2,1,Low
SO-451971,64,7,2702967.6,5,Very High
SO-451975,116,10,6402493.6,8,Very High
SO-452027,117,11,2480939.6,10,Very High
SO-452117,94,10,4037411.8,9,Very High
SO-452122,58,6,2394685.0,5,Very High
SO-452173,65,6,1370660.8,6,Very High
SO-452311,15,1,69915.0,1,Very High
SO-452340,79,9,1538461.8,8,Very High
SO-452542,109,10,1665744.4,8,Very High
SO-452588,56,7,1016864.2,7,Very High
SO-452692,124,12,1881459.6,9,Very High
SO-452728,97,8,1904378.4,6,Very High
SO-452745,32,3,455382.0,3,Very High
SO-452756,103,10,2438856.8,9,Very High
SO-452761,83,8,910197.4,8,Very High
SO-452763,93,8,4283964.0,7,Very High
SO-452810,129,12,1979014.4,11,Very High
SO-452892,108,10,1833392.0,10,Very High
SO-452931,84,9,2464013.0,8,Very High
SO-452941,133,10,3026890.5999999996,8,Very High
SO-453100,87,12,2079484.2000000002,12,Very High
SO-453187,137,10,2634673.2,10,Very High
SO-453389,77,8,1931911.8,8,Very High
SO-453415,41,6,307125.2,5,Very High
SO-453434,91,8,3046635.0,8,Very High
SO-453455,43,4,835819.0,4,Very High
SO-453549,72,6,1549343.6,6,Very High
SO-453608,57,4,740060.6,4,Very High
SO-453615,21,2,81892.0,2,Very High
SO-453738,32,6,434979.0,5,Very High
SO-453761,137,11,2591519.8,10,Very High
SO-453815,62,7,1527429.0,7,Very High
SO-453836,90,7,2064891.8,6,Very High
SO-453843,31,3,292950.4,2,Very High
SO-453862,49,5,2011950.0,4,Very High
SO-453894,57,5,1066668.0,5,Very High
SO-454028,93,7,1655061.6,7,Very High
SO-454051,61,7,604785.4,6,Very High
SO-454094,70,6,1476341.0,6,Very High
SO-454153,48,4,1224528.0,3,Very High
SO-454175,11,1,308352.0,1,Very High
SO-454199,35,5,424481.0,5,Very High
SO-454230,23,3,333519.0,3,Very High
SO-454297,46,5,1140255.4,5,Very High
SO-454317,40,6,794705.0,6,Very High
SO-454358,79,9,1560778.8,7,Very High
SO-454364,139,12,1235132.0,10,Very High
SO-454435,90,8,2024276.4,7,Very High
SO-454457,123,11,5000994.8,10,Very High
SO-454488,30,2,59790.6,2,Very High
SO-454578,130,9,2840715.8,8,Very High
SO-454609,79,7,1085558.2,7,Very High
SO-454614,75,6,861221.4,5,Very High
SO-454703,59,5,1021755.0,4,Very High
SO-454714,6,1,913920.0,1,Very High
SO-454731,35,4,1158286.8,4,Very High
SO-454746,27,5,144427.0,5,Very High
SO-454775,98,9,3701021.8,9,Very High
SO-454806,122,10,3879924.2,8,Very High
SO-454813,61,4,2849600.0,4,Very High
SO-454831,150,11,1586709.4,10,Very High
SO-454837,133,12,1682293.8,11,Very High
SO-454850,108,9,2212045.0,9,Very High
SO-454889,44,4,474780.0,4,Very High
SO-454901,106,9,1961892.0,6,Very High
SO-454928,84,8,6085847.2,7,Very High
SO-455070,68,7,760237.6,6,Very High
SO-455128,20,1,381440.0,1,Very High
SO-455182,96,12,2703879.8,11,Very High
SO-455200,77,6,3721510.0,6,Very High
SO-455222,26,3,52394.6,3,Very High
SO-455231,46,5,1904666.0,4,Very High
SO-455384,46,4,1295869.0,4,Very High
SO-455409,11,1,308352.0,1,Very High
SO-455436,139,11,2005140.6,10,Very High
SO-455486,18,2,910720.0,2,Very High
SO-455510,134,11,1528049.6,10,Very High
SO-455523,81,10,1451181.6,10,Very High
SO-455698,109,9,2223724.2,9,Very High
SO-455711,81,10,3075214.8,7,Very High
SO-455717,161,12,6635572.0,9,Very High
SO-455777,20,1,7316.0,1,Medium
SO-455781,97,9,2652960.0,8,Very High
SO-455840,127,12,3230994.0,10,Very High
SO-455910,126,10,2888225.0,7,Very High
SO-456096,109,9,1652461.0,7,Very High
SO-456136,55,6,1880539.0,5,Very High
SO-456165,44,4,765305.6,3,Very High
SO-456186,47,4,403168.0,4,Very High
SO-456238,52,4,1079360.0,3,Very High
SO-456250,38,4,699954.8,3,Very High
SO-456272,131,12,4376924.6,9,Very High
SO-456331,151,12,5173318.2,9,Very High
SO-456412,38,5,365107.2,5,Very High
SO-456420,13,1,120419.0,1,Very High
SO-456427,77,7,1246222.6,5,Very High
SO-456434,19,3,451827.8,3,Very High
SO-456466,60,5,855649.0,5,Very High
SO-456477,15,1,764160.0,1,Very High
SO-456479,71,7,1966427.0,5,Very High
SO-456547,24,2,13487.4,2,High
SO-456583,109,10,2425275.0,9,Very High
SO-456706,87,7,2618447.4,7,Very High
SO-456710,122,10,2528788.0,8,Very High
SO-456825,69,7,1820633.2,7,Very High
SO-456961,133,12,2801836.2,11,Very High
SO-456991,19,2,2751023.0,2,Very High
SO-457002,93,9,3151756.8,7,Very High
SO-457107,92,11,1370178.0,11,Very High
SO-457141,62,6,1496474.0,5,Very High
SO-457254,79,9,395929.6,8,Very High
SO-457271,66,5,843408.0,5,Very High
SO-457316,117,10,1323393.6,8,Very High
SO-457338,66,6,639498.8,6,Very High
SO-457497,89,9,4241046.0,6,Very High
SO-457539,159,11,2521561.0,10,Very High
SO-457576,95,9,2406358.2,8,Very High
SO-457595,24,3,3041152.0,3,Very High
SO-457615,116,10,2151436.8,9,Very High
SO-457625,104,11,1264021.8,9,Very High
SO-457784,11,2,28796.0,2,High
SO-457848,47,4,429766.4,4,Very High
SO-457866,8,2,517140.0,2,Very High
SO-457951,1,1,9263.0,1,Medium
SO-458074,71,6,2835937.6,6,Very High
SO-458182,71,7,1209478.0,5,Very High
SO-458207,73,8,3659849.0,7,Very High
SO-458306,42,5,743178.4,4,Very High
SO-458397,129,12,2800903.8,11,Very High
SO-458423,33,2,175230.0,2,Very High
SO-458617,99,10,3597664.2,9,Very High
SO-458670,25,4,285593.0,3,Very High
SO-458885,87,8,1009800.4,6,Very High
SO-458915,98,12,3114331.0,9,Very High
SO-458954,69,7,2008130.6,5,Very High
SO-458987,63,6,2538168.5999999996,6,Very High
SO-458997,129,12,2025401.4,8,Very High
SO-458999,29,2,13817.8,2,High
SO-459051,154,11,4047118.2,8,Very High
SO-459112,42,4,733048.0,4,Very High
SO-459261,75,7,4232925.8,6,Very High
SO-459292,31,2,126292.0,2,Very High
SO-459353,94,10,1579235.0,8,Very High
SO-459373,41,7,659608.0,6,Very High
SO-459435,61,4,3729328.0,4,Very High
SO-459570,82,6,925375.0,6,Very High
SO-459581,122,12,1908473.2,8,Very High
SO-459592,71,7,2417215.2,7,Very High
SO-459679,24,3,494255.0,3,Very High
SO-459685,48,7,476423.0,6,Very High
SO-459784,82,7,2426483.4,7,Very High
SO-459793,78,7,470684.0,7,Very High
SO-459830,106,10,993958.4,9,Very High
SO-459880,73,6,449161.4,6,Very High
SO-459883,72,8,4344149.6,8,Very High
SO-459894,34,5,684641.6,5,Very High
SO-459908,49,4,208236.0,3,Very High
SO-459926,49,5,887933.6000000001,5,Very High
SO-459967,37,6,993973.2000000001,6,Very High
SO-460150,60,6,1031835.6,4,Very High
SO-460221,88,11,2875560.8,10,Very High
SO-460243,52,9,718612.2,7,Very High
SO-460442,38,5,888314.8,5,Very High
SO-460464,116,9,1370348.4,8,Very High
SO-460480,115,12,721892.6,9,Very High
SO-460605,90,8,1346842.0,8,Very High
SO-460636,95,12,1636154.4,9,Very High
SO-460649,54,5,805708.2,4,Very High
SO-460689,38,5,912626.0,5,Very High
SO-460699,109,9,2107442.8,8,Very High
SO-460725,21,5,590409.6,5,Very High
SO-460728,18,1,194688.0,1,Very High
SO-460734,108,12,2492397.8,10,Very High
SO-460776,66,7,1175651.6,7,Very High
SO-461008,15,2,220001.0,2,Very High
SO-461019,93,9,1335434.2,9,Very High
SO-461037,56,8,567726.4,8,Very High
SO-461102,71,7,1190721.6,7,Very High
SO-461216,67,7,508924.4,6,Very High
SO-461269,24,2,213159.0,2,Very High
SO-461386,103,12,3431609.4,11,Very High
SO-461458,59,7,228845.8,6,Very High
SO-461507,47,3,1049937.6,3,Very High
SO-461541,43,3,1128348.0,3,Very High
SO-461542,92,8,1615428.0,8,Very High
SO-461643,102,10,1698819.2,9,Very High
SO-461651,28,2,1723619.0,2,Very High
SO-461696,62,9,1073447.0,7,Very High
SO-461705,9,2,88913.0,2,Very High
SO-461764,18,1,237312.0,1,Very High
SO-461805,57,5,710060.0,4,Very High
SO-461823,103,11,1150051.0,9,Very High
SO-461856,117,8,1844948.8,6,Very High
SO-461870,103,10,2919923.6,9,Very High
SO-461902,31,4,384115.0,4,Very High
SO-461917,118,11,1349523.6,11,Very High
SO-461949,67,9,474954.2,8,Very High
SO-461996,19,3,168581.0,2,Very High
SO-462000,25,3,457941.0,3,Very High
SO-462065,51,5,469760.2,5,Very High
SO-462086,91,9,2094840.0,8,Very High
SO-462122,19,2,346709.0,2,Very High
SO-462131,106,11,2327274.2,10,Very High
SO-462146,100,7,1503621.6,7,Very High
SO-462211,74,7,2364379.2,7,Very High
SO-462214,43,4,700094.8,4,Very High
SO-462215,1,1,50944.0,1,Very High
SO-462261,3,1,84096.0,1,Very High
SO-462364,25,4,101346.4,4,Very High
SO-462389,72,8,2763060.0,8,Very High
SO-462450,64,7,2895751.0,7,Very High
SO-462647,116,10,4079614.2,10,Very High
SO-462710,9,2,269696.0,2,Very High
SO-462735,103,10,477502.8,7,Very High
SO-462914,78,7,782837.8,7,Very High
SO-462919,17,3,515163.0,3,Very High
SO-462946,99,11,1336931.6,11,Very High
SO-462955,93,12,3262899.0,11,Very High
SO-462988,57,7,2246791.2,5,Very High
SO-462995,58,6,942976.0,6,Very High
SO-463046,41,4,1176086.8,4,Very High
SO-463058,138,12,4096364.2,11,Very High
SO-463060,88,7,1967524.0,7,Very High
SO-463139,51,3,1056587.6,3,Very High
SO-463174,22,2,1448320.0,2,Very High
SO-463198,83,7,1406332.0,7,Very High
SO-463217,17,1,476544.0,1,Very High
SO-463236,103,10,6582355.4,7,Very High
SO-463298,40,4,2407543.0,4,Very High
SO-463365,48,5,541673.8,4,Very High
SO-463468,25,3,35341.0,3,High
SO-463490,36,4,2036148.0,4,Very High
SO-463505,70,5,1334315.4,5,Very High
SO-463538,51,4,170964.0,4,Very High
SO-463549,99,10,2410669.2,9,Very High
SO-463567,105,12,3477853.0,10,Very High
SO-463613,52,4,2043572.0,4,Very High
SO-463619,94,9,2084376.0,6,Very High
SO-463671,135,11,2497881.0,9,Very High
SO-463718,19,2,162309.0,2,Very High
SO-463807,112,11,691283.6,10,Very High
SO-463874,2,1,1699.2,1,Low
SO-463883,72,6,327320.8,6,Very High
SO-463921,45,4,1558805.4,4,Very High
SO-463994,33,2,2361164.0,2,Very High
SO-463999,9,1,961920.0,1,Very High
SO-464043,64,6,557396.8,6,Very High
SO-464079,21,2,62272.0,2,Very High
SO-464101,110,12,872077.2,9,Very High
SO-464102,67,5,149683.0,5,Very High
SO-464107,88,10,795137.0,10,Very High
SO-464128,29,4,694478.0,4,Very High
SO-464319,111,11,1935018.6,10,Very High
SO-464359,47,8,1213665.8,7,Very High
SO-464372,87,8,1957449.8,7,Very High
SO-464396,119,11,2136445.0,10,Very High
SO-464399,72,9,3135741.8,8,Very High
SO-464432,102,8,1585241.0,8,Very High
SO-464448,69,9,717362.0,8,Very High
SO-464500,14,3,76830.0,3,Very High
SO-464550,75,6,2658711.0,6,Very High
SO-464685,52,4,3074185.0,4,Very High
SO-464686,88,8,1482892.0,7,Very High
SO-464694,78,9,1145821.6,7,Very High
SO-464791,78,11,3062484.8,11,Very High
SO-464801,61,7,1283732.0,7,Very High
SO-464819,5,1,7375.0,1,Medium
SO-464824,76,9,1411314.0,8,Very High
SO-464850,64,6,2590248.8,6,Very High
SO-464859,73,6,1613261.2,5,Very High
SO-464898,41,5,582426.6,5,Very High
SO-464977,51,4,469076.6,4,Very High
SO-465004,31,3,114838.0,3,Very High
SO-465140,50,5,2935166.0,5,Very High
SO-465217,73,8,1649620.0,7,Very High
SO-465256,15,1,887040.0,1,Very High
SO-465258,108,11,3653917.0,8,Very High
SO-465281,50,6,590287.0,5,Very High
SO-465287,24,2,328188.8,2,Very High
SO-465350,33,4,144780.6,4,Very High
SO-465359,110,11,1631584.0,8,Very High
SO-465368,108,10,642611.0,8,Very High
SO-465446,33,2,417852.0,2,Very High
SO-465469,48,3,428600.0,3,Very High
SO-465510,41,4,1426505.0,4,Very High
SO-465520,42,4,1003290.0,4,Very High
SO-465531,45,4,1728503.8,4,Very High
SO-465570,71,8,1552611.0,8,Very High
SO-465621,89,6,571874.2,6,Very High
SO-465638,78,8,698594.4,8,Very High
SO-465654,34,4,437440.0,4,Very High
SO-465669,87,9,632406.2,7,Very High
SO-465746,156,12,3790524.1999999997,10,Very High
SO-465751,39,5,1507136.0,4,Very High
SO-465818,126,12,1613154.8,9,Very High
SO-465827,73,6,2544384.0,5,Very High
SO-465863,115,11,2422128.2,10,Very High
SO-465893,82,7,1155057.0,6,Very High
SO-465914,106,9,4633654.8,7,Very High
SO-465932,41,6,915576.0,5,Very High
SO-465965,81,8,740765.0,6,Very High
SO-466022,39,5,1236585.8,5,Very High
SO-466093,147,12,3530865.0,10,Very High
SO-466097,10,2,66965.0,2,Very High
SO-466114,98,6,1674165.4,6,Very High
SO-466139,14,1,65254.0,1,Very High
SO-466362,86,9,4180552.6,9,Very High
SO-466448,84,10,3497091.4,9,Very High
SO-466488,122,12,5138637.8,9,Very High
SO-466673,68,7,491755.8,7,Very High
SO-466695,92,8,1015177.0,7,Very High
SO-466703,42,4,310062.0,4,Very High
SO-466708,75,5,3201510.4,5,Very High
SO-466830,82,10,705046.2,9,Very High
SO-466837,26,2,329586.8,2,Very High
SO-466886,97,10,1548131.5999999999,9,Very High
SO-466954,128,11,2197524.8,8,Very High
SO-467002,52,6,2162690.8,6,Very High
SO-467017,67,8,1268187.2,7,Very High
SO-467028,37,5,855823.2,5,Very High
SO-467029,46,4,697090.8,4,Very High
SO-467077,13,3,115264.0,3,Very High
SO-467080,40,4,264561.4,4,Very High
SO-467108,16,1,501760.0,1,Very High
SO-467109,79,8,2517599.0,7,Very High
SO-467173,88,10,3987947.0,8,Very High
SO-467452,81,9,3019125.6,7,Very High
SO-467570,113,10,1644905.0,8,Very High
SO-467660,34,4,566460.8,4,Very High
SO-467730,64,7,323455.6,6,Very High
SO-467731,65,7,1700870.0,5,Very High
SO-467776,100,8,1828893.4,8,Very High
SO-467848,135,12,6152527.0,11,Very High
SO-467856,141,12,2268008.8,10,Very High
SO-467883,34,5,2463205.6,5,Very High
SO-467903,85,7,447299.8,6,Very High
SO-467909,6,1,129792.0,1,Very High
SO-467924,126,11,3366411.0,9,Very High
SO-467930,15,1,764160.0,1,Very High
SO-467971,130,12,5946466.0,10,Very High
SO-468096,19,2,324425.0,2,Very High
SO-468098,74,10,4145497.6,10,Very High
SO-468125,149,12,4091001.0,10,Very High
SO-468348,111,11,3658237.2,10,Very High
SO-468349,91,9,2021275.0,8,Very High
SO-468402,72,5,1439228.0,5,Very High
SO-468462,23,2,331264.0,2,Very High
SO-468483,30,2,835754.0,2,Very High
SO-468503,40,4,979072.0,4,Very High
SO-468612,88,8,3139458.8,7,Very High
SO-468707,6,1,354816.0,1,Very High
SO-468720,83,9,1451456.2,7,Very High
SO-468748,36,3,742480.0,2,Very High
SO-468796,5,1,7375.0,1,Medium
SO-468891,7,1,18585.0,1,High
SO-468905,117,12,3174596.8,10,Very High
SO-469093,25,4,376488.0,4,Very High
SO-469123,31,5,557194.8,5,Very High
SO-469139,104,10,5022173.0,8,Very High
SO-469145,38,2,887552.0,2,Very High
SO-469183,20,2,1506586.0,2,Very High
SO-469197,98,11,1915059.2,10,Very High
SO-469316,121,11,2211236.4,8,Very High
SO-469460,65,5,677167.0,5,Very High
SO-469532,74,5,526280.8,4,Very High
SO-469614,104,8,2133437.6,7,Very High
SO-469663,83,9,775665.4,8,Very High
SO-469710,75,6,1069361.0,5,Very High
SO-469763,24,3,39536.8,3,High
SO-469776,156,11,6407954.2,8,Very High
SO-469781,105,10,1305668.6,9,Very High
SO-469833,45,5,500916.0,5,Very High
SO-469846,104,11,5277122.2,9,Very High
SO-469869,86,7,1539487.4,7,Very High
SO-469883,138,10,2026320.8,9,Very High
SO-469918,110,9,1364818.0,6,Very High
SO-469920,19,3,584064.0,3,Very High
SO-469968,114,12,1574809.4,9,Very High
SO-470044,56,5,199369.0,5,Very High
SO-470176,93,9,945516.6,7,Very High
SO-470211,85,8,1895272.8,5,Very High
SO-470268,89,6,1850039.0,4,Very High
SO-470328,31,3,185292.0,3,Very High
SO-470340,24,2,193371.0,2,Very High
SO-470358,43,3,4276352.0,3,Very High
SO-470376,70,9,741948.6,7,Very High
SO-470380,53,4,3234784.0,3,Very High
SO-470386,96,12,1888900.7999999998,11,Very High
SO-470421,86,8,1689706.0,7,Very High
SO-470485,59,8,1486495.6,6,Very High
SO-470497,87,8,1821658.4,8,Very High
SO-470506,74,8,1942059.2,7,Very High
SO-470608,8,1,282624.0,1,Very High
SO-470636,120,12,1874168.8,7,Very High
SO-470705,4,1,76288.0,1,Very High
SO-470734,81,11,2360205.8,10,Very High
SO-470743,97,8,1439908.4,7,Very High
SO-470817,99,10,1622636.0,10,Very High
SO-470928,111,12,2769542.0,10,Very High
SO-470960,112,12,2272281.0,11,Very High
SO-470973,62,7,1579062.0,7,Very High
SO-470974,65,8,1055831.0,8,Very High
SO-471015,99,10,1959017.8,8,Very High
SO-471098,74,6,598206.6,6,Very High
SO-471124,141,12,4188128.0,9,Very High
SO-471183,26,5,344223.0,5,Very High
SO-471224,130,9,5377947.2,9,Very High
SO-471226,79,11,978544.4,10,Very High
SO-471234,65,7,2991685.2,6,Very High
SO-471481,25,4,650497.4,4,Very High
SO-471526,54,7,336332.0,7,Very High
SO-471533,9,2,467226.0,2,Very High
SO-471630,31,5,492537.8,5,Very High
SO-471660,16,2,2157568.0,2,Very High
SO-471756,70,8,819766.0,7,Very High
SO-471787,81,8,1873738.0,7,Very High
SO-471831,28,3,75401.0,3,Very High
SO-471838,16,1,2437120.0,1,Very High
SO-471888,82,7,2103983.4,6,Very High
SO-471911,112,10,2664885.8,9,Very High
SO-471924,14,1,200704.0,1,Very High
SO-472100,113,11,3147617.6,10,Very High
SO-472201,32,2,1220352.0,2,Very High
SO-472243,77,6,426967.0,6,Very High
SO-472247,42,4,477577.0,4,Very High
SO-472259,134,10,1893008.0,9,Very High
SO-472265,97,8,2304538.0,6,Very High
SO-472269,86,9,702498.6,9,Very High
SO-472293,125,9,2667221.0,9,Very High
SO-472391,4,1,66304.0,1,Very High
SO-472580,69,7,1568840.0,6,Very High
SO-472583,16,2,1770880.0,2,Very High
SO-472588,48,5,467357.0,4,Very High
SO-472661,135,10,5054718.8,10,Very High
SO-472672,12,1,259584.0,1,Very High
SO-472696,127,8,2354123.4,7,Very High
SO-472785,78,9,739857.4,9,Very High
SO-472789,85,9,1621217.4,8,Very High
SO-472868,86,7,511071.2,6,Very High
SO-472906,88,11,3479205.8,10,Very High
SO-472990,133,12,4798399.0,9,Very High
SO-472997,139,11,7253585.6,8,Very High
SO-473028,161,12,4127211.4,12,Very High
SO-473065,75,7,1699251.2,6,Very High
SO-473093,25,2,50043.8,2,Very High
SO-473159,17,2,129564.0,2,Very High
SO-473170,65,7,2308447.0,6,Very High
SO-473240,66,6,797131.8,4,Very High
SO-473241,75,5,2764371.2,5,Very High
SO-473243,128,12,4896967.4,11,Very High
SO-473318,17,1,2589440.0,1,Very High
SO-473528,75,9,1562654.4,8,Very High
SO-473609,16,2,756480.0,2,Very High
SO-473688,8,1,25088.0,1,High
SO-473696,133,11,3837422.8,11,Very High
SO-473705,136,11,1229863.2,8,Very High
SO-473779,89,9,4680398.0,6,Very High
SO-473855,103,10,2137714.0,7,Very High
SO-473857,93,7,1967690.0,7,Very High
SO-473860,104,12,1966691.6,12,Very High
SO-473883,125,12,1815338.2,11,Very High
SO-473904,38,4,982860.0,4,Very High
SO-473983,61,6,953546.6,6,Very High
SO-474013,132,10,4460212.0,9,Very High
SO-474043,18,2,12000.599999999999,2,High
SO-474139,70,8,693253.2,8,Very High
SO-474179,122,11,3134940.0,11,Very High
SO-474340,79,8,2524808.0,8,Very High
SO-474341,40,5,106673.0,3,Very High
SO-474347,122,8,3656097.2,7,Very High
SO-474407,46,4,535814.8,4,Very High
SO-474477,25,5,117024.0,4,Very High
SO-474524,103,8,928984.0,7,Very High
SO-474541,20,2,376832.0,2,Very High
SO-474562,107,11,1143360.4,8,Very High
SO-474580,57,4,147747.8,4,Very High
SO-474623,65,10,784812.6,9,Very High
SO-474696,82,9,1997938.2,9,Very High
SO-474712,110,11,5470195.0,9,Very High
SO-474768,35,5,370922.6,5,Very High
SO-474781,94,9,811146.4,8,Very High
SO-474786,16,2,119160.0,2,Very High
SO-474825,90,9,1353911.6,8,Very High
SO-474827,12,2,448088.8,2,Very High
SO-474869,69,8,692439.2,6,Very High
SO-474910,93,10,1649131.8,8,Very High
SO-474966,91,9,1686976.2,9,Very High
SO-475005,44,4,776128.0,3,Very High
SO-475017,110,11,4763670.0,11,Very High
SO-475034,107,12,1726660.6,12,Very High
SO-475103,61,7,3675914.4,7,Very High
SO-475116,67,6,2344699.2,5,Very High
SO-475126,53,7,653366.4,7,Very High
SO-475151,134,10,3829921.8,9,Very High
SO-475166,14,1,202496.0,1,Very High
SO-475242,26,3,1425664.0,3,Very High
SO-475246,118,11,1769237.6,9,Very High
SO-475273,109,10,622087.2,7,Very High
SO-475278,119,10,916334.8,9,Very High
SO-475281,54,6,574917.0,6,Very High
SO-475454,90,6,2136108.0,5,Very High
SO-475459,68,6,2560125.0,4,Very High
SO-475472,68,9,2215003.2,8,Very High
SO-475500,68,7,2138739.8,6,Very High
SO-475537,57,7,2549995.8,7,Very High
SO-475614,70,4,1342623.0,4,Very High
SO-475644,4,1,52736.0,1,Very High
SO-475689,5,1,1829.0,1,Low
SO-475754,19,2,30290.6,2,High
SO-475821,118,10,3641462.0,8,Very High
SO-475932,137,12,2250585.8,10,Very High
SO-475942,127,12,2281955.2,11,Very High
SO-475943,10,1,6136.0,1,Medium
SO-475944,82,8,1929413.8,8,Very High
SO-475982,53,4,2298086.0,4,Very High
SO-475998,58,7,2024239.0,6,Very High
SO-476022,34,5,825181.0,4,Very High
SO-476029,108,10,2801671.6,8,Very High
SO-476050,67,9,294356.4,7,Very High
SO-476104,5,1,46315.0,1,High
SO-476105,142,12,2720878.2,10,Very High
SO-476198,2,1,9322.0,1,Medium
SO-476239,99,7,3910597.0,6,Very High
SO-476243,28,3,1640448.0,3,Very High
SO-476327,56,5,3026727.0,4,Very High
SO-476361,20,1,13688.0,1,High
SO-476436,96,10,1921768.0,8,Very High
SO-476487,162,12,4179968.8,10,Very High
SO-476515,50,7,998100.2,6,Very High
SO-476524,44,5,2025851.2,4,Very High
SO-476777,70,8,1438674.8,7,Very High
SO-476837,73,9,1093808.2,8,Very High
SO-476865,2,1,1132.8,1,Low
SO-476897,49,6,1264519.0,6,Very High
SO-477065,49,5,403617.0,3,Very High
SO-477078,60,6,1459396.0,6,Very High
SO-477118,29,3,22455.4,3,High
SO-477183,65,7,2593579.1999999997,7,Very High
SO-477216,141,12,3157333.6,10,Very High
SO-477359,161,12,2868627.1999999997,10,Very High
SO-477386,95,9,2230856.0,9,Very High
SO-477407,41,3,990049.2,3,Very High
SO-477416,10,1,313600.0,1,Very High
SO-477431,14,2,511894.4,2,Very High
SO-477468,117,12,2436811.0,10,Very High
SO-477504,75,6,2374910.0,6,Very High
SO-477568,52,5,288417.8,5,Very High
SO-477606,52,7,1272833.0,6,Very High
SO-477651,127,11,4331295.0,10,Very High
SO-477718,72,6,2172038.0,6,Very High
SO-477803,79,6,1595366.4,6,Very High
SO-477897,42,3,1558471.0,3,Very High
SO-477933,11,1,51271.0,1,Very High
SO-477953,47,4,3781628.0,4,Very High
SO-477965,34,4,186782.0,4,Very High
SO-478006,89,8,636360.2,8,Very High
SO-478162,80,7,2522343.4,7,Very High
SO-478183,19,1,274816.0,1,Very High
SO-478201,30,3,554496.0,2,Very High
SO-478257,113,12,3586669.6,10,Very High
SO-478269,107,11,904504.2,10,Very High
SO-478357,52,6,915254.8,6,Very High
SO-478369,74,6,3285302.0,5,Very High
SO-478410,110,10,5268026.0,10,Very High
SO-478434,100,10,2323283.4,9,Very High
SO-478473,124,12,1342805.0,10,Very High
SO-478506,59,6,581188.4,6,Very High
SO-478636,98,10,3062874.4,9,Very High
SO-478690,62,5,2318517.0,4,Very High
SO-478716,20,4,1014154.0,4,Very High
SO-478734,15,2,92899.0,2,Very High
SO-478814,94,11,1862393.6,10,Very High
SO-478845,80,9,1354898.0,9,Very High
SO-478857,62,7,1055236.8,6,Very High
SO-478919,64,6,3638430.2,6,Very High
SO-478975,57,9,843647.0,8,Very High
SO-479001,12,2,116032.0,2,Very High
SO-479035,5,1,46315.0,1,High
SO-479082,36,3,985934.4,3,Very High
SO-479116,134,12,3239919.6,8,Very High
SO-479128,102,9,3898381.6,8,Very High
SO-479132,58,8,1401102.2,6,Very High
SO-479143,69,5,483986.2,4,Very High
SO-479149,78,11,1377521.2,8,Very High
SO-479171,27,2,1238400.0,2,Very High
SO-479210,54,7,1229277.4,7,Very High
SO-479285,60,6,1164542.6,6,Very High
SO-479294,132,11,3564711.0,10,Very High
SO-479336,84,12,3751961.2,11,Very High
SO-479352,81,6,961028.0,6,Very High
SO-479357,53,6,257851.6,6,Very High
SO-479483,47,3,4625991.0,3,Very High
SO-479517,77,7,2464451.4,7,Very High
SO-479602,158,12,4044489.0,11,Very High
SO-479606,62,7,140854.4,6,Very High
SO-479694,70,7,934496.8,6,Very High
SO-479713,144,12,1981589.0,8,Very High
SO-479757,79,11,1300704.6,10,Very High
SO-479797,103,9,5545179.0,8,Very High
SO-479886,95,9,785076.4,8,Very High
SO-479905,10,1,46610.0,1,High
SO-480001,118,9,2550846.0,8,Very High
SO-480144,44,4,646089.0,4,Very High
SO-480154,71,9,1678409.4,7,Very High
SO-480282,73,7,1291989.0,7,Very High
SO-480290,84,9,1597045.4,9,Very High
SO-480427,5,1,2832.0,1,Low
SO-480446,65,8,1638430.0,8,Very High
SO-480571,108,11,2653467.6,10,Very High
SO-480651,79,6,2509632.0,5,Very High
SO-480657,41,6,317526.0,6,Very High
SO-480804,118,11,2674656.8,11,Very High
SO-480968,98,8,2967400.0,8,Very High
SO-481060,8,1,115712.0,1,Very High
SO-481076,137,10,2899642.8000000003,7,Very High
SO-481082,39,5,683507.6,5,Very High
SO-481229,95,11,2244827.0,9,Very High
SO-481263,44,5,89132.59999999999,4,Very High
SO-481299,18,3,90785.2,3,Very High
SO-481402,34,3,205036.6,3,Very High
SO-481416,34,2,809948.8,2,Very High
SO-481560,32,3,208061.0,3,Very High
SO-481598,63,9,249670.0,7,Very High
SO-481720,13,1,60593.0,1,Very High
SO-481737,101,10,2272941.2,9,Very High
SO-481777,86,9,1313679.0,7,Very High
SO-481893,115,12,2281545.0,11,Very High
SO-481907,15,1,887040.0,1,Very High
SO-481910,120,12,1791050.8,11,Very High
SO-481930,19,2,424147.2,2,Very High
SO-481951,47,5,452454.2,4,Very High
SO-482055,113,12,3052295.8,9,Very High
SO-482063,25,3,707567.0,3,Very High
SO-482084,83,8,894195.2,8,Very High
SO-482147,2,1,9322.0,1,Medium
SO-482209,130,12,3833115.6,11,Very High
SO-482296,169,12,2958607.4,10,Very High
SO-482348,54,7,2841660.4,7,Very High
SO-482464,62,6,544586.6,6,Very High
SO-482490,81,10,2242519.6,7,Very High
SO-482550,82,6,2229838.0,6,Very High
SO-482608,130,12,5640041.8,11,Very High
SO-482639,58,5,1942011.0,4,Very High
SO-482689,32,5,384326.8,4,Very High
SO-482804,52,5,2392183.8,5,Very High
SO-482833,49,4,1936655.0,4,Very High
SO-482924,26,4,2301184.0,3,Very High
SO-482946,1,1,12036.0,1,High
SO-483022,134,10,3430067.5999999996,9,Very High
SO-483043,60,6,1135201.4,6,Very High
SO-483092,113,12,2914633.2,12,Very High
SO-483096,97,11,2608813.2,10,Very High
SO-483225,112,12,3000170.0,10,Very High
SO-483286,147,12,1306557.0,11,Very High
SO-483294,126,11,4499194.6,9,Very High
SO-483427,115,10,2771437.2,9,Very High
SO-483440,49,6,1122176.0,6,Very High
SO-483483,102,11,3758194.6,10,Very High
SO-483531,131,12,4590581.4,9,Very High
SO-483603,40,3,507588.0,3,Very High
SO-483646,121,9,3314783.8,7,Very High
SO-483665,19,1,314944.0,1,Very High
SO-483672,61,5,436562.2,5,Very High
SO-483678,54,5,2933252.0,5,Very High
SO-483692,51,5,1330580.8,4,Very High
SO-483702,131,11,3562406.0,10,Very High
SO-483765,61,5,1950801.0,5,Very High
SO-483778,56,3,2177536.0,3,Very High
SO-483888,81,6,2340393.6,5,Very High
SO-484046,115,9,2863254.6,8,Very High
SO-484088,90,8,2168946.8,6,Very High
SO-484089,55,6,273869.8,6,Very High
SO-484182,13,1,407680.0,1,Very High
SO-484348,39,5,2199447.8,4,Very High
SO-484364,41,6,329761.8,6,Very High
SO-484392,78,6,1313054.4,6,Very High
SO-484418,80,9,1090574.0,9,Very High
SO-484421,8,1,1218560.0,1,Very High
SO-484514,121,10,1407598.8,9,Very High
SO-484591,83,6,595083.8,5,Very High
SO-484610,44,3,339545.0,3,Very High
SO-484630,23,2,610795.0,2,Very High
SO-484641,119,11,2274031.6,9,Very High
SO-484677,63,7,3149666.8,7,Very High
SO-484696,19,1,362368.0,1,Very High
SO-484781,53,5,279712.0,4,Very High
SO-485060,139,12,3342859.6,10,Very High
SO-485071,1,1,31360.0,1,High
SO-485158,64,6,393125.39999999997,6,Very High
SO-485160,64,5,1050503.6,5,Very High
SO-485166,119,12,3164660.2,12,Very High
SO-485215,25,3,668032.0,3,Very High
SO-485243,33,3,1503488.0,2,Very High
SO-485261,65,8,1681431.6,8,Very High
SO-485322,25,2,1543555.0,2,Very High
SO-485404,48,4,257104.8,4,Very High
SO-485440,86,6,1023945.6,5,Very High
SO-485443,38,4,102542.0,4,Very High
SO-485529,113,10,5010891.6,7,Very High
SO-485554,47,6,423735.0,6,Very High
SO-485577,93,7,3853132.0,7,Very High
SO-485704,64,5,1560332.0,5,Very High
SO-485721,50,7,666823.4,6,Very High
SO-485749,59,8,748122.4,7,Very High
SO-485766,88,9,832276.8,7,Very High
SO-485770,2,1,304640.0,1,Very High
SO-485854,115,12,2266430.2,9,Very High
SO-485855,119,12,2654960.8,10,Very High
SO-485921,126,12,3351550.0,10,Very High
SO-485926,39,4,1722731.0,4,Very High
SO-485955,74,9,3652030.0,9,Very High
SO-486071,141,11,1829956.6,8,Very High
SO-486140,88,10,1746598.8,8,Very High
SO-486187,134,11,2111801.8,8,Very High
SO-486252,89,8,3358403.8,7,Very High
SO-486339,19,2,43115.2,2,High
SO-486390,69,9,622225.0,8,Very High
SO-486472,100,10,1678323.0,8,Very High
SO-486515,50,3,1220288.0,3,Very High
SO-486568,10,3,106823.2,3,Very High
SO-486689,106,8,8553174.0,5,Very High
SO-486759,65,7,535552.8,7,Very High
SO-486770,105,12,2566420.4,12,Very High
SO-486773,84,8,3755494.0,7,Very High
SO-486783,67,9,2855476.6,7,Very High
SO-486836,35,3,342476.0,3,Very High
SO-486846,151,10,4330908.2,10,Very High
SO-486853,31,4,389010.0,4,Very High
SO-486861,95,9,2703538.0,8,Very High
SO-486870,114,12,3754647.0,7,Very High
SO-486883,125,10,2986652.8,9,Very High
SO-486917,115,11,767506.4,10,Very High
SO-486951,41,3,571296.0,3,Very High
SO-487043,20,3,749645.0,3,Very High
SO-487051,27,3,186381.0,3,Very High
SO-487064,74,9,2624316.8,9,Very High
SO-487070,80,8,1160223.0,7,Very High
SO-487104,68,6,3750432.4,6,Very High
SO-487137,16,3,114051.0,3,Very High
SO-487141,19,3,984320.0,3,Very High
SO-487160,98,6,1310615.2,4,Very High
SO-487185,25,2,286235.0,2,Very High
SO-487250,22,2,2592508.0,2,Very High
SO-487456,26,2,393664.0,2,Very High
SO-487504,80,7,4576032.4,7,Very High
SO-487515,31,4,783088.0,4,Very High
SO-487529,66,6,2217206.0,5,Very High
SO-487659,19,2,34890.6,2,High
SO-487705,52,6,669179.0,6,Very High
SO-487748,79,9,3476796.0,8,Very High
SO-487772,34,3,93799.0,2,Very High
SO-487791,105,7,1477650.8,7,Very High
SO-487803,8,2,80316.0,2,Very High
SO-487843,42,4,1120960.0,4,Very High
SO-487964,46,6,2605773.0,5,Very High
SO-487978,88,8,1058326.0,6,Very High
SO-488009,30,3,587734.4,3,Very High
SO-488063,47,5,220826.0,4,Very High
SO-488066,8,1,2926.4,1,Low
SO-488078,74,6,1749453.4,5,Very High
SO-488079,104,10,3923464.6,10,Very High
SO-488105,65,6,1178566.0,5,Very High
SO-488111,122,9,2782606.8,8,Very High
SO-488144,50,4,1217462.0,4,Very High
SO-488340,48,5,3587500.4,5,Very High
SO-488435,70,8,1127266.4,7,Very High
SO-488439,5,1,156800.0,1,Very High
SO-488454,57,6,592783.4,6,Very High
SO-488536,58,6,1616228.0,4,Very High
SO-488579,84,9,1040956.8,8,Very High
SO-488580,4,1,427520.0,1,Very High
SO-488615,141,12,2748343.6,11,Very High
SO-488731,89,9,2506849.2,8,Very High
SO-488738,116,9,2645825.6,9,Very High
SO-488776,123,12,1948301.4,11,Very High
SO-488794,65,6,547871.8,6,Very High
SO-488795,79,8,2030528.6,7,Very High
SO-488932,107,12,3011929.6,8,Very High
SO-489103,39,5,1928244.6,5,Very High
SO-489104,91,10,3374945.0,10,Very High
SO-489130,23,2,125611.0,2,Very High
SO-489160,28,3,183666.6,3,Very High
SO-489206,32,2,4874240.0,1,Very High
SO-489212,95,7,2343131.2,7,Very High
SO-489234,35,5,1179037.0,5,Very High
SO-489332,115,12,1414245.4,10,Very High
SO-489356,116,10,2479377.2,9,Very High
SO-489384,23,2,395840.0,2,Very High
SO-489523,75,6,1594272.0,6,Very High
SO-489591,37,4,1092165.6,4,Very High
SO-489606,80,10,648888.2,9,Very High
SO-489630,87,9,2812151.6,8,Very High
SO-489770,38,5,485816.0,5,Very High
SO-489821,52,5,238218.2,5,Very High
SO-489845,64,6,2808097.2,6,Very High
SO-489856,39,4,601503.0,4,Very High
SO-489886,37,5,265396.4,5,Very High
SO-489943,90,10,494211.2,8,Very High
SO-489948,38,6,720261.0,5,Very High
SO-489958,37,5,2102008.0,5,Very High
SO-490062,120,11,2071905.6,10,Very High
SO-490150,12,1,4389.6,1,Low
SO-490173,52,4,795294.3999999999,4,Very High
SO-490180,86,6,4212247.4,5,Very High
SO-490216,45,8,1360128.0,7,Very High
SO-490329,33,3,739526.4,3,Very High
SO-490409,53,4,519439.0,4,Very High
SO-490555,47,3,740576.0,3,Very High
SO-490559,149,10,2426186.8,9,Very High
SO-490568,22,2,44250.0,2,High
SO-490664,48,5,2442489.0,5,Very High
SO-490723,9,1,7646.4,1,Medium
SO-490757,89,8,3072960.0,7,Very High
SO-490836,87,8,3676799.0,8,Very High
SO-490907,91,8,2168628.4,7,Very High
SO-490954,88,9,2086912.0,8,Very High
SO-491011,111,11,6597767.0,10,Very High
SO-491089,48,3,722729.6,3,Very High
SO-491135,29,3,248996.8,2,Very High
SO-491144,23,3,357791.0,3,Very High
SO-491168,102,9,2150001.2,8,Very High
SO-491176,38,2,1330304.0,2,Very High
SO-491259,81,9,732832.2,7,Very High
SO-491336,48,5,1621017.0,4,Very High
SO-491391,82,7,1055678.0,6,Very High
SO-491493,9,2,458496.0,1,Very High
SO-491523,49,3,1340032.0,2,Very High
SO-491532,132,11,3608852.2,10,Very High
SO-491550,87,9,2225399.2,8,Very High
SO-491565,109,11,2915967.0,9,Very High
SO-491592,26,4,526592.0,4,Very High
SO-491657,77,7,1189901.0,7,Very High
SO-491682,47,3,78116.0,3,Very High
SO-491746,118,11,3116186.6,9,Very High
SO-491781,119,12,1127427.8,9,Very High
SO-491806,116,11,2284734.2,9,Very High
SO-491824,100,10,5757412.2,9,Very High
SO-491865,107,12,1733907.0,11,Very High
SO-491884,21,2,2266880.0,2,Very High
SO-491911,79,8,1395029.0,6,Very High
SO-491945,123,12,2074563.0,10,Very High
SO-491965,114,10,2249750.2,8,Very High
SO-491987,15,3,58238.2,3,Very High
SO-492010,47,3,1057152.0,3,Very High
SO-492098,7,2,373376.0,2,Very High
SO-492203,94,9,543959.2000000001,7,Very High
SO-492206,32,3,914560.0,3,Very High
SO-492333,50,7,304874.60000000003,7,Very High
SO-492395,131,12,3919827.8,10,Very High
SO-492472,70,8,1705742.0,8,Very High
SO-492562,35,7,526017.6,7,Very High
SO-492638,29,2,52075.2,2,Very High
SO-492674,71,5,1139514.0,4,Very High
SO-492686,71,9,2163942.0,9,Very High
SO-492696,41,4,1028839.0,4,Very High
SO-492708,70,7,1356084.0,7,Very High
SO-492748,52,7,713023.4,7,Very High
SO-492832,98,10,1550288.8,8,Very High
SO-492863,138,11,1841911.8,9,Very High
SO-492921,24,4,1169808.0,4,Very High
SO-492969,15,1,25665.0,1,High
SO-492983,16,1,42480.0,1,High
SO-493016,112,12,1610845.2,10,Very High
SO-493040,20,3,189166.4,3,Very High
SO-493049,104,8,1539215.0,8,Very High
SO-493067,2,1,1227.2,1,Low
SO-493114,110,12,4528206.4,12,Very High
SO-493310,117,12,1946983.8,10,Very High
SO-493328,115,10,1646448.0,9,Very High
SO-493353,10,1,6136.0,1,Medium
SO-493459,48,5,1259148.8,4,Very High
SO-493463,11,2,6372.0,2,Medium
SO-493481,6,2,43772.0,2,High
SO-493534,36,3,249534.4,3,Very High
SO-493576,20,1,381440.0,1,Very High
SO-493578,71,6,1002290.0,6,Very High
SO-493586,73,8,934856.2,8,Very High
SO-493607,63,5,765959.4,4,Very High
SO-493755,84,8,802255.4,6,Very High
SO-493758,50,7,412575.4,7,Very High
SO-493793,38,5,1915224.8,4,Very High
SO-493812,101,10,1523007.6,10,Very High
SO-493846,93,9,1743481.2,8,Very High
SO-493950,84,5,2290176.0,5,Very High
SO-493966,38,3,61483.200000000004,3,Very High
SO-493968,103,10,1619968.6,8,Very High
SO-493984,149,11,5128822.0,7,Very High
SO-493999,17,2,626921.0,2,Very High
SO-494008,25,2,317000.0,2,Very High
SO-494070,42,4,2338236.0,4,Very High
SO-494080,92,8,1420448.0,8,Very High
SO-494131,93,8,763058.2,8,Very High
SO-494138,17,1,29087.0,1,High
SO-494243,98,12,2823539.4,10,Very High
SO-494249,67,4,1973700.0,4,Very High
SO-494259,110,12,1649983.8,12,Very High
SO-494266,84,7,1854119.2,6,Very High
SO-494306,38,4,1191205.4,4,Very High
SO-494327,69,7,1459285.0,6,Very High
SO-494333,150,12,2669319.6,11,Very High
SO-494349,17,2,1372928.0,2,Very High
SO-494359,55,4,327521.6,4,Very High
SO-494369,136,12,4907120.0,11,Very High
SO-494401,58,5,968446.4,5,Very High
SO-494409,45,7,918865.0,7,Very High
SO-494414,30,3,261245.8,3,Very High
SO-494464,96,10,2109885.8,9,Very High
SO-494468,72,6,1464868.4,6,Very High
SO-494523,34,3,583987.2,3,Very High
SO-494554,75,8,1661185.2,8,Very High
SO-494562,48,5,1983681.6,5,Very High
SO-494708,126,11,6620601.6,8,Very High
SO-494710,116,8,3177267.2,6,Very High
SO-494713,108,6,1863103.4,6,Very High
SO-494788,49,4,633050.2,4,Very High
SO-494803,27,2,80824.0,2,Very High
SO-494815,134,11,3257090.2,11,Very High
SO-494828,62,4,2464564.0,4,Very High
SO-494879,125,12,2960804.0,10,Very High
SO-494917,120,12,1356312.6,12,Very High
SO-494919,38,5,36509.2,5,High
SO-494940,92,10,2015324.0,9,Very High
SO-494965,62,5,3143915.0,5,Very High
SO-494995,54,5,3287052.0,4,Very High
SO-495020,121,10,4843670.2,8,Very High
SO-495031,33,3,202470.0,3,Very High
SO-495170,60,5,1322113.6,4,Very High
SO-495171,82,8,1616847.4,7,Very High
SO-495186,35,4,476847.0,4,Very High
SO-495234,103,10,1525501.2,10,Very High
SO-495259,103,10,3203786.8,8,Very High
SO-495267,13,1,662272.0,1,Very High
SO-495367,36,3,1013376.0,3,Very High
SO-495436,40,2,481440.0,1,Very High
SO-495446,19,1,6950.2,1,Medium
SO-495487,11,2,88581.2,2,Very High
SO-495634,81,10,2893939.0,8,Very High
SO-495668,17,2,134256.0,2,Very High
SO-495754,126,12,3382332.2,10,Very High
SO-495756,31,3,2142911.2,2,Very High
SO-495783,24,2,205852.8,2,Very High
SO-495849,40,4,4899072.0,3,Very High
SO-495853,54,4,359454.6,4,Very High
SO-495859,27,4,3354624.0,4,Very High
SO-495886,12,1,423936.0,1,Very High
SO-495929,16,1,9817.6,1,Medium
SO-495977,2,1,101888.0,1,Very High
SO-496001,17,1,866048.0,1,Very High
SO-496049,60,6,696453.4,5,Very High
SO-496139,41,4,1013678.0,4,Very High
SO-496241,46,5,364542.8,5,Very High
SO-496293,13,1,40768.0,1,High
SO-496334,6,1,5097.6,1,Medium
SO-496336,75,9,1755214.0,7,Very High
SO-496338,32,2,223012.0,2,Very High
SO-496434,66,8,1298918.6,8,Very High
SO-496547,144,11,2619822.2,9,Very High
SO-496579,1,1,50944.0,1,Very High
SO-496670,79,6,1205992.4,6,Very High
SO-496868,139,12,6264067.2,11,Very High
SO-496916,30,4,173679.2,4,Very High
SO-497000,129,11,4185317.0,11,Very High
SO-497016,22,3,502871.0,3,Very High
SO-497017,15,3,154079.0,2,Very High
SO-497108,20,2,301790.0,2,Very High
SO-497153,31,3,569346.0,3,Very High
SO-497266,90,9,941244.3999999999,7,Very High
SO-497270,97,10,4297922.0,9,Very High
SO-497323,65,6,461874.0,5,Very High
SO-497337,69,7,1922304.0,7,Very High
SO-497386,133,12,1039450.4,10,Very High
SO-497438,118,11,3532327.2,11,Very High
SO-497623,96,9,1546424.0,7,Very High
SO-497669,119,11,4372007.2,11,Very High
SO-497863,61,5,1413991.0,4,Very High
SO-497865,81,8,3629249.8,8,Very High
SO-497894,123,11,4599310.8,9,Very High
SO-497905,65,5,2424698.0,5,Very High
SO-497919,17,3,346368.0,3,Very High
SO-497922,137,12,2103772.0,11,Very High
SO-497938,66,6,2076708.0,6,Very High
SO-497940,76,7,1392539.0,7,Very High
SO-497960,66,5,2467865.2,4,Very High
SO-497985,36,3,268630.4,3,Very High
SO-497994,101,7,1325906.8,6,Very High
SO-497998,14,1,1496320.0,1,Very High
SO-498073,11,2,102619.0,2,Very High
SO-498174,74,5,384305.0,5,Very High
SO-498190,39,4,543731.0,4,Very High
SO-498198,131,12,2886388.8,10,Very High
SO-498231,28,2,779034.0,2,Very High
SO-498275,3,1,2053.2,1,Low
SO-498295,11,1,7528.4,1,Medium
SO-498353,116,10,2307816.6,9,Very High
SO-498384,5,1,223360.0,1,Very High
SO-498395,43,4,491014.4,4,Very High
SO-498407,94,8,423094.0,8,Very High
SO-498419,66,5,3453771.6,4,Very High
SO-498451,85,9,2167399.0,8,Very High
SO-498457,134,12,1577620.0,9,Very High
SO-498465,116,8,2277287.6,8,Very High
SO-498495,49,6,1466762.4,6,Very High
SO-498550,56,6,2843445.0,5,Very High
SO-498573,62,6,202489.8,5,Very High
SO-498586,74,11,3753123.0,9,Very High
SO-498642,76,6,3772636.0,6,Very High
SO-498653,42,7,1541622.0,7,Very High
SO-498772,123,12,4844819.2,10,Very High
SO-498781,127,11,3563376.2,10,Very High
SO-498808,86,8,3571023.6,7,Very High
SO-498828,59,8,645028.0,6,Very High
SO-498870,17,1,79237.0,1,Very High
SO-498897,103,9,2340109.4,6,Very High
SO-498921,26,2,1096176.0,2,Very High
SO-499038,21,2,522624.0,2,Very High
SO-499053,86,7,1519462.0,7,Very High
SO-499073,105,10,2154567.0,10,Very High
SO-499100,22,2,553984.0,2,Very High
SO-499201,55,4,457246.0,4,Very High
SO-499255,29,2,665233.0,2,Very High
SO-499289,150,12,2449529.0,10,Very High
SO-499310,135,11,3916278.0,7,Very High
SO-499339,114,12,2398690.6,8,Very High
SO-499342,20,2,27328.8,2,High
SO-499411,123,11,3991618.6,9,Very High
SO-499426,80,7,1184144.8,6,Very High
SO-499441,140,10,3607336.0,9,Very High
SO-499514,87,9,1447546.2,9,Very High
SO-499557,63,6,2206055.0,5,Very High
SO-499561,83,8,2983168.6,8,Very High
SO-499562,27,5,95488.79999999999,4,Very High
SO-499590,132,10,2029177.4,7,Very High
SO-499610,121,10,2946864.8,8,Very High
SO-499723,130,9,1552750.8,7,Very High
SO-499768,122,12,2514881.2,9,Very High
SO-499911,88,8,3407975.2,7,Very High
SO-499913,13,3,29774.6,3,High
SO-499932,71,5,1219865.0,5,Very High
SO-499959,48,4,704431.4,4,Very High
SO-500062,68,6,1268560.8,6,Very High
SO-500068,20,1,62720.0,1,Very High
SO-500071,125,12,1658793.8,7,Very High
SO-500191,73,7,112041.0,6,Very High
SO-500200,24,3,224405.0,3,Very High
SO-500238,37,3,1322616.0,3,Very High
SO-500239,86,9,1757324.6,9,Very High
SO-500244,42,3,686583.8,3,Very High
SO-500250,120,11,4604780.8,9,Very High
SO-500263,153,12,2573281.8,10,Very High
SO-500299,18,2,260352.0,1,Very High
SO-500310,26,3,1793920.0,3,Very High
SO-500340,150,12,3560916.6,9,Very High
SO-500358,25,2,140715.0,2,Very High
SO-500412,109,11,772590.6,8,Very High
SO-500429,36,4,331632.0,4,Very High
SO-500431,19,2,623616.0,2,Very High
SO-500435,20,1,2137600.0,1,Very High
SO-500446,28,2,521686.0,2,Very High
SO-500457,43,5,843558.8,4,Very High
SO-500472,74,6,1224894.0,5,Very High
SO-500569,109,10,1109582.4,9,Very High
SO-500602,94,7,4614286.0,6,Very High
SO-500615,106,12,4569778.0,10,Very High
SO-500629,22,3,269388.0,3,Very High
SO-500670,102,12,2273692.0,10,Very High
SO-500817,74,8,1637712.6,7,Very High
SO-500850,89,6,2755354.4,5,Very High
SO-500862,43,4,1041712.0,3,Very High
SO-500867,14,1,168504.0,1,Very High
SO-500888,119,12,2015456.0,11,Very High
SO-500939,65,7,1737182.0,7,Very High
SO-501002,123,12,3149564.0,11,Very High
SO-501091,46,4,668705.0,4,Very High
SO-501100,69,5,818570.0,4,Very High
SO-501272,79,6,576792.0,6,Very High
SO-501276,70,7,1330340.2,7,Very High
SO-501375,70,5,2070447.4,5,Very High
SO-501387,16,1,305152.0,1,Very High
SO-501419,69,8,2808402.6,7,Very High
SO-501507,85,9,1113952.0,8,Very High
SO-501535,62,6,2340089.6,4,Very High
SO-501566,35,2,942067.0,2,Very High
SO-501597,50,4,306519.0,3,Very High
SO-501602,6,1,3398.4,1,Low
SO-501643,90,7,1294834.8,6,Very High
SO-501657,38,4,2801660.8,4,Very High
SO-501694,44,6,425204.0,5,Very High
SO-501730,86,10,1428119.2,9,Very High
SO-501798,39,3,1446788.0,3,Very High
SO-501801,115,10,2532619.6,8,Very High
SO-501849,54,4,299548.8,4,Very High
SO-501919,39,3,1973036.4,3,Very High
SO-501971,128,12,2657012.0,11,Very High
SO-502006,13,1,281216.0,1,Very High
SO-502039,49,6,2115115.0,6,Very High
SO-502063,49,6,1057480.4,6,Very High
SO-502144,83,6,3788381.0,6,Very High
SO-502173,27,3,367680.0,3,Very High
SO-502191,62,5,1326198.4,5,Very High
SO-502212,60,5,2018703.0,5,Very High
SO-502219,4,2,141312.0,1,Very High
SO-502263,19,3,246144.0,3,Very High
SO-502286,69,10,2095031.2,9,Very High
SO-502306,84,11,2158786.0,9,Very High
SO-502387,59,4,4004391.6,4,Very High
SO-502413,29,3,72640.8,3,Very High
SO-502439,141,11,4621883.6,10,Very High
SO-502481,97,9,2445035.6,9,Very High
SO-502486,91,8,2007041.6,8,Very High
SO-502519,57,8,2226642.0,7,Very High
SO-502650,91,10,2616142.0,9,Very High
SO-502691,95,7,1928683.0,6,Very High
SO-502768,125,10,701858.6,8,Very High
SO-502829,105,12,2031404.2,10,Very High
SO-502979,93,7,1400380.0,5,Very High
SO-502995,36,6,385901.0,6,Very High
SO-503008,39,4,1729699.0,4,Very High
SO-503017,50,6,714283.2,5,Very High
SO-503054,42,6,1091585.4,6,Very High
SO-503112,2,2,108237.0,2,Very High
SO-503143,138,11,2358382.4,9,Very High
SO-503274,69,7,1266363.4,7,Very High
SO-503353,91,9,1669445.2,8,Very High
SO-503447,115,10,2597039.4,9,Very High
SO-503587,127,12,2049743.4,12,Very High
SO-503654,82,7,2271933.0,7,Very High
SO-503656,74,6,432575.2,5,Very High
SO-503669,71,7,957554.6,7,Very High
SO-503671,20,1,12272.0,1,High
SO-503678,126,10,2281296.8,9,Very High
SO-503726,42,3,164256.0,3,Very High
SO-503784,147,11,2878098.6,10,Very High
SO-503887,31,4,622976.0,3,Very High
SO-503911,153,12,1457621.2,8,Very High
SO-503944,89,8,942283.8,7,Very High
SO-503972,26,3,1002324.0,3,Very High
SO-504281,113,9,2126371.0,8,Very High
SO-504307,95,7,2579421.2,7,Very High
SO-504337,63,6,3798548.8,6,Very High
SO-504350,70,6,1215934.0,5,Very High
SO-504401,58,7,928375.8,6,Very High
SO-504421,13,1,120419.0,1,Very High
SO-504443,138,11,3014715.0,9,Very High
SO-504498,86,11,2869313.8,8,Very High
SO-504512,145,11,4810934.8,9,Very High
SO-504519,9,1,282240.0,1,Very High
SO-504525,35,4,1132461.8,4,Very High
SO-504615,124,11,5324979.2,9,Very High
SO-504668,73,4,977103.0,4,Very High
SO-504824,104,8,243020.0,6,Very High
SO-504856,90,9,3536904.2,9,Very High
SO-504884,48,8,768586.7999999999,7,Very High
SO-504904,13,2,174464.0,2,Very High
SO-504944,57,5,1481898.6,5,Very High
SO-504965,54,5,710718.0,5,Very High
SO-504990,122,7,1529813.0,6,Very High
SO-505031,100,9,1732084.0,9,Very High
SO-505038,41,3,286603.6,3,Very High
SO-505114,64,5,670909.8,5,Very High
SO-505176,74,8,2393069.0,8,Very High
SO-505188,54,4,282261.0,4,Very High
SO-505194,53,7,2333167.2,7,Very High
SO-505210,96,11,2420815.0,9,Very High
SO-505226,94,7,712391.8,7,Very High
SO-505263,167,12,5676290.2,10,Very High
SO-505270,48,7,262084.2,6,Very High
SO-505276,63,6,2380233.6,5,Very High
SO-505316,87,12,3125391.0,7,Very High
SO-505326,85,8,4150620.4,8,Very High
SO-505376,52,4,1215719.0,4,Very High
SO-505439,78,10,1693485.8,8,Very High
SO-505473,21,3,55359.6,3,Very High
SO-505566,72,6,1874502.4,6,Very High
SO-505674,14,2,20874.2,2,High
SO-505685,113,10,2029822.6,8,Very High
SO-505705,94,7,3750179.0,7,Very High
SO-505706,138,12,2861379.0,10,Very High
SO-505741,27,2,1122048.0,2,Very High
SO-505831,126,10,1292026.4,9,Very High
SO-505870,73,5,1059670.4,5,Very High
SO-505946,107,12,2211948.6,10,Very High
SO-506026,63,6,1977229.0,5,Very High
SO-506056,81,7,1121529.4,7,Very High
SO-506099,99,10,315703.2,8,Very High
SO-506148,87,8,1221616.0,7,Very High
SO-506189,23,4,268017.0,4,Very High
SO-506287,92,8,1975211.2,8,Very High
SO-506366,82,9,1837308.0,9,Very High
SO-506386,80,10,1006244.0,9,Very High
SO-506411,13,1,186368.0,1,Very High
SO-506495,43,3,3280768.0,3,Very High
SO-506518,57,5,3079900.6,5,Very High
SO-506520,126,11,1209323.8,9,Very High
SO-506595,3,1,36108.0,1,High
SO-506704,102,8,1356177.4,8,Very High
SO-506709,76,9,4254907.0,8,Very High
SO-506748,24,2,29417.4,2,High
SO-506749,118,10,3701950.6,8,Very High
SO-506775,97,10,2378884.0,10,Very High
SO-506813,108,9,1782698.8,9,Very High
SO-506814,140,12,1886074.6,8,Very High
SO-506849,9,2,163968.0,2,Very High
SO-506859,65,7,2507261.2,4,Very High
SO-506880,107,11,1515067.0,10,Very High
SO-506911,124,10,2735087.2,6,Very High
SO-506980,105,8,481864.0,7,Very High
SO-507100,102,9,4802481.4,7,Very High
SO-507153,7,1,219520.0,1,Very High
SO-507169,107,11,1552498.6,7,Very High
SO-507237,144,12,3925396.6,9,Very High
SO-507341,10,1,17110.0,1,High
SO-507434,40,4,267384.4,4,Very High
SO-507448,32,2,985577.0,2,Very High
SO-507505,113,11,3806802.0,10,Very High
SO-507518,77,6,1656393.0,5,Very High
SO-507571,121,10,3350718.0,9,Very High
SO-507607,14,1,65254.0,1,Very High
SO-507652,55,6,1125129.6,5,Very High
SO-507810,6,3,428888.8,2,Very High
SO-507815,47,4,2669807.2,4,Very High
SO-507836,39,4,201538.0,4,Very High
SO-507853,127,10,1641258.8,10,Very High
SO-507872,80,9,1218271.8,8,Very High
SO-507985,24,3,421676.6,3,Very High
SO-507994,78,11,1074953.8,9,Very High
SO-508013,49,10,867952.8,9,Very High
SO-508056,167,12,6886682.4,11,Very High
SO-508275,108,9,2218607.2,8,Very High
SO-508292,91,10,3989208.8,9,Very High
SO-508421,54,5,273059.8,5,Very High
SO-508514,72,6,1713487.0,5,Very High
SO-508558,33,2,619008.0,2,Very High
SO-508617,11,3,99276.8,3,Very High
SO-508676,16,1,946176.0,1,Very High
SO-508678,72,5,1166594.0,5,Very High
SO-508697,26,2,349696.0,2,Very High
SO-508732,23,2,97645.0,2,Very High
SO-508749,100,11,3621460.0,7,Very High
SO-508793,117,8,2947952.4,7,Very High
SO-508808,105,11,2324299.2,10,Very High
SO-508847,69,8,1300120.2,7,Very High
SO-508913,17,2,339452.0,2,Very High
SO-508917,96,10,2540328.0,9,Very High
SO-508920,102,10,2146687.2,8,Very High
SO-508949,121,8,2643406.0,8,Very High
SO-509018,62,6,596746.0,6,Very High
SO-509101,88,11,1972075.0,10,Very High
SO-509112,64,6,221318.0,5,Very High
SO-509178,12,2,129792.0,1,Very High
SO-509179,51,6,3254265.2,6,Very High
SO-509264,98,9,1919636.8,6,Very High
SO-509290,54,6,652780.6,6,Very High
SO-509409,40,5,964384.0,5,Very High
SO-509447,43,8,484482.2,7,Very High
SO-509465,98,7,2113340.4,6,Very High
SO-509525,87,9,879884.4,9,Very High
SO-509574,38,5,1168700.0,3,Very High
SO-509602,132,12,2598008.0,10,Very High
SO-509609,117,10,3082062.4,9,Very High
SO-509628,78,7,1515995.0,5,Very High
SO-509655,145,11,3589943.0,9,Very High
SO-509732,67,7,725770.6,6,Very High
SO-509769,1,1,50944.0,1,Very High
SO-509793,39,4,1089666.0,3,Very High
SO-509801,82,10,952273.2,8,Very High
SO-509887,124,9,4551065.6,7,Very High
SO-509954,111,10,2528362.4,9,Very High
SO-509960,133,12,2660435.2,10,Very High
SO-509971,68,7,397744.0,6,Very High
SO-509979,103,9,4178344.6,9,Very High
SO-509984,147,12,2008824.2,11,Very High
SO-510122,64,5,1147266.0,4,Very High
SO-510142,13,1,662272.0,1,Very High
SO-510201,17,1,533120.0,1,Very High
SO-510296,101,10,688591.0,8,Very High
SO-510315,55,5,1443025.4,5,Very High
SO-510330,127,10,2753196.0,9,Very High
SO-510355,59,5,1754447.0,5,Very High
SO-510405,73,8,987824.6,8,Very High
SO-510419,13,3,208006.0,3,Very High
SO-510481,148,10,3272446.0,8,Very High
SO-510620,52,7,2498547.0,6,Very High
SO-510636,112,9,4156367.4,8,Very High
SO-510645,69,5,2796080.0,5,Very High
SO-510680,134,11,3295227.6,8,Very High
SO-510828,88,8,1381917.6,6,Very High
SO-510924,4,2,12515.2,2,High
SO-510955,15,2,399232.0,2,Very High
SO-511008,120,10,2685578.4,10,Very High
SO-511033,81,7,1603270.0,6,Very High
SO-511054,23,2,148022.0,2,Very High
SO-511164,77,8,932131.0,8,Very High
SO-511179,47,6,3180161.2,6,Very High
SO-511235,109,10,2834937.0,9,Very High
SO-511288,84,8,840579.4,8,Very High
SO-511319,105,9,2891369.8,7,Very High
SO-511386,112,11,1890989.4,9,Very High
SO-511495,33,3,453200.0,3,Very High
SO-511507,67,9,1437659.2,9,Very High
SO-511580,74,8,1869177.2,8,Very High
SO-511601,46,5,1189781.0,5,Very High
SO-511667,13,2,42167.8,2,High
SO-511673,37,5,884665.4,4,Very High
SO-511682,25,2,574784.0,2,Very High
SO-511685,144,12,8244842.0,9,Very High
SO-511690,102,11,1787499.4,11,Very High
SO-511720,36,3,991488.0,3,Very High
SO-511740,105,8,1543373.6,7,Very High
SO-511756,22,3,430994.0,3,Very High
SO-511826,99,9,618163.6,8,Very High
SO-511833,16,2,52545.4,2,Very High
SO-511925,41,5,644057.0,5,Very High
SO-512016,99,11,1505234.8,9,Very High
SO-512056,105,9,3311631.0,7,Very High
SO-512144,20,2,672943.0,2,Very High
SO-512164,22,2,868736.0,2,Very High
SO-512187,67,5,1100122.0,5,Very High
SO-512201,131,10,3464993.0,8,Very High
SO-512297,69,8,1737940.0,7,Very High
SO-512298,12,1,17700.0,1,High
SO-512318,110,8,2652294.8,8,Very High
SO-512352,111,12,1468001.8,9,Very High
SO-512377,100,8,1400749.8,7,Very High
SO-512460,14,2,965342.0,2,Very High
SO-512497,4,1,10620.0,1,High
SO-512630,87,8,1936044.0,8,Very High
SO-512642,72,9,4318188.4,8,Very High
SO-512724,73,9,4000836.0,8,Very High
SO-512726,137,12,2732951.0,10,Very High
SO-512752,129,11,1973932.2,10,Very High
SO-512758,24,2,51920.0,2,Very High
SO-512830,82,8,339799.6,5,Very High
SO-512839,68,9,1844009.4,7,Very High
SO-512916,79,8,875237.0,5,Very High
SO-512986,57,5,1024715.0,3,Very High
SO-512993,91,9,1007240.6,6,Very High
SO-513008,82,12,2742624.2,11,Very High
SO-513090,76,8,3964864.4,8,Very High
SO-513097,50,3,51495.2,3,Very High
SO-513226,104,12,2048656.8,12,Very High
SO-513233,154,12,2038093.8,9,Very High
SO-513252,54,5,936457.4,5,Very High
SO-513268,26,3,151416.8,3,Very High
SO-513293,55,5,1734767.0,5,Very High
SO-513319,118,9,1280646.6,9,Very High
SO-513327,20,2,13971.2,2,High
SO-513354,60,6,866005.0,5,Very High
SO-513401,108,12,3248352.8,9,Very High
SO-513437,98,11,1460862.8,10,Very High
SO-513459,137,12,3295524.6,11,Very High
SO-513493,91,10,1991847.6,8,Very High
SO-513611,6,1,72216.0,1,Very High
SO-513641,13,1,11044.8,1,High
SO-513646,23,2,629040.8,2,Very High
SO-513678,32,4,227551.0,3,Very High
SO-513683,129,11,3710714.6,9,Very High
SO-513696,118,12,2058371.6,10,Very High
SO-513710,38,4,2914357.0,4,Very High
SO-513713,103,11,1704079.0,7,Very High
SO-513735,53,4,1704500.0,4,Very High
SO-513752,105,11,1989900.5999999999,8,Very High
SO-513785,68,5,975978.4,4,Very High
SO-513808,13,2,462624.0,2,Very High
SO-513882,53,5,854061.0,5,Very High
SO-513929,122,12,3004836.4,11,Very High
SO-513952,82,6,2429959.0,5,Very High
SO-514043,44,5,2643401.4,5,Very High
SO-514047,112,10,4473859.0,10,Very High
SO-514069,29,5,643964.0,5,Very High
SO-514098,116,11,3341030.0,8,Very High
SO-514194,79,10,3567652.0,9,Very High
SO-514206,52,4,401067.0,4,Very High
SO-514234,58,8,847860.2,8,Very High
SO-514287,82,9,3408557.4,8,Very High
SO-514341,82,7,1709036.8,7,Very High
SO-514357,125,9,5221955.2,9,Very High
SO-514415,16,1,346112.0,1,Very High
SO-514431,73,9,1937759.6,9,Very High
SO-514489,27,3,816704.0,3,Very High
SO-514496,20,1,62720.0,1,Very High
SO-514607,55,3,1202901.0,3,Very High
SO-514712,31,2,98235.0,2,Very High
SO-514767,135,11,3058046.2,9,Very High
SO-514794,40,4,2292724.8,4,Very High
SO-514839,61,6,782319.0,6,Very High
SO-514864,38,3,144123.0,3,Very High
SO-514983,53,7,3126845.0,6,Very High
SO-514986,19,2,193080.0,2,Very High
SO-515031,55,6,2567102.0,6,Very High
SO-515038,136,12,3698487.0,10,Very High
SO-515088,109,11,616097.2,6,Very High
SO-515111,115,9,3818114.4,8,Very High
SO-515189,50,4,690800.8,3,Very High
SO-515212,100,9,1853956.0,7,Very High
SO-515242,110,11,3227778.8,9,Very High
SO-515266,66,8,1007361.4,6,Very High
SO-515385,20,3,59038.0,3,Very High
SO-515398,48,6,881143.2000000001,5,Very High
SO-515449,130,11,4685412.0,9,Very High
SO-515495,98,8,2426661.0,6,Very High
SO-515538,130,11,3485221.0,7,Very High
SO-515587,119,10,1811147.0,9,Very High
SO-515594,34,3,801737.0,3,Very High
SO-515667,61,4,256324.0,4,Very High
SO-515696,67,6,3755960.0,6,Very High
SO-515760,84,6,1502002.0,5,Very High
SO-515780,26,2,27258.0,2,High
SO-515820,88,9,1445010.2,9,Very High
SO-515837,19,1,175997.0,1,Very High
SO-515841,28,2,382408.0,2,Very High
SO-515894,71,7,2331006.6,7,Very High
SO-516025,15,1,470400.0,1,Very High
SO-516050,50,7,619492.8,7,Very High
SO-516141,65,6,1554550.4,6,Very High
SO-516156,63,6,1973056.8,6,Very High
SO-516226,47,5,924249.6,5,Very High
SO-516274,102,10,718567.4,8,Very High
SO-516289,46,4,281506.4,4,Very High
SO-516292,71,6,1230653.2,6,Very High
SO-516312,51,4,952576.0,4,Very High
SO-516508,43,3,2890880.0,2,Very High
SO-516559,30,2,2758044.0,2,Very High
SO-516573,50,5,930353.0,5,Very High
SO-516576,8,1,282624.0,1,Very High
SO-516592,59,5,2135618.6,5,Very High
SO-516632,57,4,669671.0,4,Very High
SO-516656,3,1,2548.8,1,Low
SO-516791,41,5,1116476.0,4,Very High
SO-516799,93,9,2269819.0,5,Very High
SO-516859,134,12,3494745.0,9,Very High
SO-516904,43,5,1265406.0,4,Very High
SO-516947,20,1,185260.0,1,Very High
SO-516951,60,5,2303872.0,4,Very High
SO-517027,42,3,408426.0,3,Very High
SO-517052,79,7,2786283.0,7,Very High
SO-517084,57,5,1035092.0,4,Very High
SO-517116,26,3,252818.0,2,Very High
SO-517121,78,7,697525.0,4,Very High
SO-517123,47,5,3094133.6,5,Very High
SO-517149,105,8,2026413.7999999998,7,Very High
SO-517244,77,7,1455844.2,6,Very High
SO-517263,127,11,1422573.0,10,Very High
SO-517277,94,7,2370210.0,7,Very High
SO-517327,41,4,1223876.0,4,Very High
SO-517392,119,11,3319296.0,7,Very High
SO-517404,49,6,1530086.6,6,Very High
SO-517420,15,2,49793.2,2,High
SO-517467,8,2,27848.0,2,High
SO-517575,52,5,351960.8,5,Very High
SO-517601,97,7,2730732.6,5,Very High
SO-517617,7,1,151424.0,1,Very High
SO-517629,43,4,527862.4,4,Very High
SO-517659,127,12,1753103.2,11,Very High
SO-517779,10,2,185984.0,2,Very High
SO-517828,12,2,133340.0,2,Very High
SO-517831,97,7,1248168.4,7,Very High
SO-517922,23,2,204553.0,2,Very High
SO-518167,103,9,2800212.6,7,Very High
SO-518270,75,6,3628366.4,5,Very High
SO-518277,14,2,378019.2,2,Very High
SO-518312,70,8,828542.0,7,Very High
SO-518337,57,5,1161656.0,5,Very High
SO-518440,9,1,23895.0,1,High
SO-518587,103,11,1825716.8,10,Very High
SO-518611,27,2,374400.0,2,Very High
SO-518628,123,12,3877642.0,10,Very High
SO-518650,172,12,1623983.6,10,Very High
SO-518749,41,4,890038.2,4,Very High
SO-518760,114,10,4428596.2,10,Very High
SO-518767,124,11,4530980.4,10,Very High
SO-518779,1,1,1711.0,1,Low
SO-518858,2,1,70656.0,1,Very High
SO-518919,89,9,3849050.0,7,Very High
SO-518935,41,3,31093.0,3,High
SO-519017,45,4,2043599.0,4,Very High
SO-519018,114,12,1795380.8,10,Very High
SO-519031,28,4,255808.2,4,Very High
SO-519039,17,2,373440.0,2,Very High
SO-519050,1,1,566.4,1,Very Low
SO-519176,43,5,1670195.2,5,Very High
SO-519224,121,10,2238498.4,9,Very High
SO-519231,22,2,1276416.0,2,Very High
SO-519248,71,7,1853723.6,6,Very High
SO-519465,92,9,1814120.0,8,Very High
SO-519478,20,2,34454.4,2,High
SO-519521,76,10,3401748.0,8,Very High
SO-519539,15,2,367029.0,2,Very High
SO-519637,30,2,287434.6,2,Very High
SO-519656,89,12,1231747.0,10,Very High
SO-519755,111,10,2575043.0,10,Very High
SO-519767,9,1,6159.6,1,Medium
SO-519789,21,2,225729.0,2,Very High
SO-519858,29,4,399435.0,4,Very High
SO-519935,110,9,850096.6,7,Very High
SO-520014,150,12,3562759.6,10,Very High
SO-520026,147,12,2336716.0,10,Very High
SO-520029,32,4,1576748.8,3,Very High
SO-520077,42,3,1510277.0,3,Very High
SO-520089,90,9,3156533.0,8,Very High
SO-520108,99,10,1504960.0,8,Very High
SO-520118,109,10,2496969.0,9,Very High
SO-520209,95,9,1765576.8,6,Very High
SO-520284,9,1,15399.0,1,High
SO-520286,97,11,1653467.4,9,Very High
SO-520292,107,11,2734902.2,9,Very High
SO-520346,102,11,3568355.0,10,Very High
SO-520462,146,11,3234013.4,10,Very High
SO-520520,106,12,4058985.0,11,Very High
SO-520555,141,9,4592466.4,8,Very High
SO-520580,42,3,168774.2,3,Very High
SO-520590,6,1,55578.0,1,Very High
SO-520608,90,9,2575485.0,8,Very High
SO-520676,11,1,308352.0,1,Very High
SO-520746,124,9,5207844.0,7,Very High
SO-520814,42,3,843269.0,3,Very High
SO-520825,118,10,2548960.0,9,Very High
SO-520852,16,3,480389.2,3,Very High
SO-520866,111,12,1109968.0,9,Very High
SO-520872,99,10,2977556.6,10,Very High
SO-520914,122,11,1867146.2,8,Very High
SO-520942,16,1,74576.0,1,Very High
SO-520944,90,9,860416.0,8,Very High
SO-520978,31,3,2755565.8,3,Very High
SO-521007,38,3,379829.4,3,Very High
SO-521023,127,9,6232052.0,8,Very High
SO-521057,22,3,642346.8,3,Very High
SO-521087,69,7,831272.0,7,Very High
SO-521164,59,5,1858944.0,5,Very High
SO-521210,53,3,72419.0,3,Very High
SO-521335,50,7,953374.0,7,Very High
SO-521346,104,10,4010806.4,10,Very High
SO-521409,111,10,4401811.4,10,Very High
SO-521432,29,3,838210.0,3,Very High
SO-521444,36,5,755959.0,5,Very High
SO-521529,66,6,2570872.0,6,Very High
SO-521571,52,6,545264.0,4,Very High
SO-521679,154,11,2997982.0,11,Very High
SO-521728,74,10,5044113.0,9,Very High
SO-521782,109,9,2062188.6,8,Very High
SO-521786,111,10,1021428.0,9,Very High
SO-521795,83,10,1382998.0,9,Very High
SO-521835,66,7,864714.0,5,Very High
SO-521867,115,11,3575650.6,9,Very High
SO-521895,41,3,595890.0,3,Very High
SO-521933,62,4,1556077.0,4,Very High
SO-521935,37,5,190901.0,4,Very High
SO-521966,136,11,2612322.6,10,Very High
SO-521970,72,6,619624.0,6,Very High
SO-521997,89,10,1212872.2,8,Very High
SO-521998,35,4,583630.4,4,Very High
SO-522063,141,12,2834978.6,10,Very High
SO-522068,24,2,521142.0,2,Very High
SO-522128,120,12,2229542.0,10,Very High
SO-522148,117,12,4841739.0,9,Very High
SO-522154,51,5,986556.8,5,Very High
SO-522194,34,2,58174.0,1,Very High
SO-522254,21,2,179860.8,2,Very High
SO-522276,127,10,2585159.0,9,Very High
SO-522298,39,4,552021.0,3,Very High
SO-522452,48,4,614541.0,4,Very High
SO-522568,87,8,2054998.4,8,Very High
SO-522577,20,2,1018880.0,2,Very High
SO-522599,15,1,216960.0,1,Very High
SO-522618,54,5,2083062.8,5,Very High
SO-522631,96,8,2358989.0,8,Very High
SO-522794,35,4,714529.6,4,Very High
SO-522857,93,9,3186509.0,8,Very High
SO-522893,45,5,3058753.0,5,Very High
SO-522936,87,8,1149793.2,6,Very High
SO-523100,109,10,3663191.2,9,Very High
SO-523163,125,10,2756351.2,10,Very High
SO-523211,31,5,1151710.0,4,Very High
SO-523221,19,2,228084.0,2,Very High
SO-523274,85,7,1291822.4,7,Very High
SO-523345,103,9,2679093.6,7,Very High
SO-523551,33,3,344029.6,3,Very High
SO-523622,12,1,423936.0,1,Very High
SO-523629,42,7,694326.0,6,Very High
SO-523642,53,9,1994722.0,9,Very High
SO-523644,46,3,1140544.0,2,Very High
SO-523668,55,5,619572.0,5,Very High
SO-523758,66,6,117964.6,4,Very High
SO-523772,47,5,758266.0,3,Very High
SO-523779,56,6,1652500.4,6,Very High
SO-523790,108,8,2597899.2,7,Very High
SO-523816,72,7,2676510.0,5,Very High
SO-523882,123,11,933710.6,9,Very High
SO-523921,52,5,3220492.8,5,Very High
SO-523949,68,6,1397781.0,6,Very High
SO-523988,108,11,1984530.4,10,Very High
SO-524059,77,9,2482762.0,9,Very High
SO-524145,28,3,19753.2,3,High
SO-524306,56,5,1464738.0,4,Very High
SO-524403,88,9,4288464.4,8,Very High
SO-524470,98,8,4879718.0,8,Very High
SO-524472,38,3,1689344.0,3,Very High
SO-524487,5,1,72320.0,1,Very High
SO-524572,127,11,4832151.4,11,Very High
SO-524580,89,7,1172687.0,6,Very High
SO-524588,112,9,2043717.8,9,Very High
SO-524657,96,8,1287291.6,8,Very High
SO-524759,116,11,3147343.6,11,Very High
SO-524837,27,4,543474.6,4,Very High
SO-524855,117,12,2585618.0,10,Very High
SO-524861,18,2,650752.0,2,Very High
SO-524889,61,7,788358.0,7,Very High
SO-524960,68,5,2104064.4,5,Very High
SO-524997,83,10,1435514.0,7,Very High
SO-525092,49,6,1051731.2,6,Very High
SO-525255,48,5,348462.6,5,Very High
SO-525272,137,10,2990857.0,10,Very High
SO-525280,39,4,899136.0,4,Very High
SO-525326,6,1,305664.0,1,Very High
SO-525418,29,2,451584.0,2,Very High
SO-525573,50,4,500311.0,4,Very High
SO-525588,3,2,31583.0,2,High
SO-525628,102,11,1948842.6,9,Very High
SO-525843,144,11,1748737.0,10,Very High
SO-525876,25,3,238605.0,2,Very High
SO-525952,118,9,824481.2,9,Very High
SO-526089,41,3,464133.0,2,Very High
SO-526092,75,7,2067638.0,6,Very High
SO-526135,17,1,324224.0,1,Very High
SO-526142,93,9,1187383.0,7,Very High
SO-526144,111,12,6890407.0,9,Very High
SO-526160,121,11,3095509.6,10,Very High
SO-526182,59,6,462259.4,6,Very High
SO-526212,8,1,2926.4,1,Low
SO-526238,102,11,2062986.0,9,Very High
SO-526314,95,8,4403635.6,8,Very High
SO-526315,145,11,4781424.2,11,Very High
SO-526400,16,1,192576.0,1,Very High
SO-526429,47,4,424301.2,4,Very High
SO-526431,116,11,2560264.0,8,Very High
SO-526438,93,8,1979715.8,7,Very High
SO-526475,79,10,1231074.2,9,Very High
SO-526546,131,12,2450165.4,10,Very High
SO-526565,86,9,1672062.4,9,Very High
SO-526588,85,7,1236820.2,7,Very High
SO-526685,139,11,4197376.8,8,Very High
SO-526710,113,10,1734047.6,10,Very High
SO-526742,66,8,863311.0,8,Very High
SO-526766,136,12,1940393.2,11,Very High
SO-526827,65,6,672286.4,4,Very High
SO-526833,152,12,5330069.8,10,Very High
SO-526928,124,11,3063710.8,10,Very High
SO-527032,125,11,2209332.6,10,Very High
SO-527043,55,4,1133239.2,4,Very High
SO-527052,30,3,354753.0,3,Very High
SO-527090,101,12,3333501.8000000003,10,Very High
SO-527109,20,2,1821031.0,2,Very High
SO-527190,117,10,2324374.6,9,Very High
SO-527225,119,11,2313542.2,10,Very High
SO-527242,64,6,1409139.2,6,Very High
SO-527252,34,2,68788.0,2,Very High
SO-527304,57,7,880713.0,5,Very High
SO-527363,110,9,3373440.0,7,Very High
SO-527480,99,11,2533309.0,8,Very High
SO-527528,63,7,815892.4,7,Very High
SO-527540,108,11,730128.2,10,Very High
SO-527614,109,12,2990842.4,10,Very High
SO-527632,141,12,2680098.8,9,Very High
SO-527668,78,8,1534451.0,7,Very High
SO-527705,3,1,84096.0,1,Very High
SO-527778,80,6,3379328.0,4,Very High
SO-527780,136,9,4914095.2,7,Very High
SO-527796,37,3,856264.0,3,Very High
SO-527831,12,2,396032.0,2,Very High
SO-527907,62,6,4205273.6,6,Very High
SO-527928,104,11,4874296.0,10,Very High
SO-527947,128,10,3558339.2,9,Very High
SO-527960,55,6,844996.8,5,Very High
SO-527972,12,1,55932.0,1,Very High
SO-527978,25,2,611770.0,2,Very High
SO-528023,17,1,243712.0,1,Very High
SO-528107,92,7,664631.6,7,Very High
SO-528121,92,9,1798763.8,7,Very High
SO-528177,162,12,5341087.0,9,Very High
SO-528235,31,2,1715567.0,2,Very High
SO-528356,47,7,944197.0,4,Very High
SO-528366,43,3,1936000.0,3,Very High
SO-528411,115,11,3887679.8,10,Very High
SO-528461,97,8,2824802.0,8,Very High
SO-528486,59,6,1746596.8,5,Very High
SO-528488,132,12,4205112.2,11,Very High
SO-528537,117,11,4047150.8,11,Very High
SO-528539,15,1,25665.0,1,High
SO-528583,125,11,835289.0,8,Very High
SO-528598,43,6,1122734.0,6,Very High
SO-528710,63,6,1140015.0,6,Very High
SO-528798,101,9,2212570.6,9,Very High
SO-528838,89,8,1567610.8,8,Very High
SO-528868,112,12,5778939.8,10,Very High
SO-528929,35,3,1187328.0,3,Very High
SO-528960,99,9,2212943.0,7,Very High
SO-529002,153,12,2154121.0,10,Very High
SO-529082,30,3,498612.0,3,Very High
SO-529095,80,8,2286016.0,5,Very High
SO-529213,96,10,3977695.4,8,Very High
SO-529250,107,12,2486858.8,11,Very High
SO-529258,78,8,2868434.0,6,Very High
SO-529476,106,9,4085054.0,8,Very High
SO-529721,12,2,32005.0,2,High
SO-529764,145,12,4883847.8,9,Very High
SO-529793,113,8,3471264.0,5,Very High
SO-529794,13,2,177152.0,2,Very High
SO-529876,29,3,678898.8,3,Very High
SO-529887,114,10,2692044.6,10,Very High
SO-529954,47,4,411672.0,3,Very High
SO-529988,117,11,1318219.8,11,Very High
SO-530009,67,8,1116731.6,7,Very High
SO-530020,73,7,83316.8,7,Very High
SO-530036,30,4,929467.2,4,Very High
SO-530168,49,6,1300768.0,5,Very High
SO-530171,85,10,4123076.0,9,Very High
SO-530182,61,6,2910832.8,6,Very High
SO-530188,58,6,1009912.0,6,Very High
SO-530206,16,2,856484.0,2,Very High
SO-530209,97,11,3561174.8,9,Very High
SO-530259,30,4,363485.0,4,Very High
SO-530268,27,2,103781.0,2,Very High
SO-530273,87,6,6141233.0,5,Very High
SO-530278,2,1,2714.0,1,Low
SO-530285,61,5,1575672.0,4,Very High
SO-530319,32,2,465590.0,2,Very High
SO-530383,19,4,1470488.0,3,Very High
SO-530398,29,3,2308754.0,2,Very High
SO-530446,91,11,1591787.0,8,Very High
SO-530450,69,6,848193.0,6,Very High
SO-530466,39,5,850820.0,4,Very High
SO-530561,81,8,5722726.8,7,Very High
SO-530573,13,2,18266.4,2,High
SO-530642,14,3,966014.6,3,Very High
SO-530666,41,4,1550282.4,3,Very High
SO-530729,23,2,485814.0,2,Very High
SO-530763,39,4,775596.0,4,Very High
SO-530767,32,4,654020.8,4,Very High
SO-530778,122,9,1199409.0,8,Very High
SO-530779,2,1,28672.0,1,High
SO-530800,125,9,1810203.8,7,Very High
SO-530809,115,12,3414142.0,10,Very High
SO-530857,85,10,3731503.4,9,Very High
SO-530873,122,12,1799555.4,11,Very High
SO-530964,41,5,647729.0,5,Very High
SO-530974,20,1,62720.0,1,Very High
SO-531023,64,6,323272.0,6,Very High
SO-531103,98,11,1624437.0,9,Very High
SO-531122,108,9,1199379.0,8,Very High
SO-531151,18,1,916992.0,1,Very High
SO-531188,49,4,775243.0,4,Very High
SO-531206,52,7,2454584.2,6,Very High
SO-531338,125,8,5257832.8,8,Very High
SO-531348,90,9,3328450.4,7,Very High
SO-531366,12,1,611328.0,1,Very High
SO-531367,1,1,50944.0,1,Very High
SO-531426,102,10,2223512.8,9,Very High
SO-531434,115,9,1001235.0,8,Very High
SO-531477,25,3,109520.0,3,Very High
SO-531634,149,11,2891397.8,10,Very High
SO-531640,38,5,468749.8,5,Very High
SO-531670,66,7,1722880.0,5,Very High
SO-531682,103,11,2344883.6,11,Very High
SO-531683,125,10,926483.6,10,Very High
SO-531691,58,4,223138.0,3,Very High
SO-531777,94,9,3513534.8,9,Very High
SO-531780,149,11,1746640.4,8,Very High
SO-531792,129,11,3004606.0,8,Very High
SO-531894,17,1,866048.0,1,Very High
SO-531935,76,9,3441414.2,8,Very High
SO-531983,99,10,1520592.2000000002,10,Very High
SO-532011,107,11,2577456.8,10,Very High
SO-532019,111,8,5475734.0,6,Very High
SO-532117,112,8,3701936.0,7,Very High
SO-532118,67,9,3207896.0,8,Very High
SO-532176,48,5,453215.2,5,Very High
SO-532276,9,1,15399.0,1,High
SO-532332,131,12,4283908.6,9,Very High
SO-532392,102,10,2440874.4,8,Very High
SO-532469,146,10,2068952.6,8,Very High
SO-532628,86,8,1072785.8,6,Very High
SO-532728,97,8,1847376.0,6,Very High
SO-532729,113,12,3307452.6,9,Very High
SO-532767,120,11,2316897.0,10,Very High
SO-532823,89,9,3434675.0,8,Very High
SO-532824,1,1,14336.0,1,High
SO-532874,51,6,1189784.8,6,Very High
SO-532945,73,8,1679275.2,8,Very High
SO-533016,51,5,1328276.0,5,Very High
SO-533050,116,9,1516228.8,9,Very High
SO-533107,20,2,78815.0,2,Very High
SO-533108,103,12,1887954.8,10,Very High
SO-533155,60,7,1335004.0,6,Very High
SO-533236,36,6,1026163.0,5,Very High
SO-533271,108,12,2264823.4,10,Very High
SO-533272,18,1,216648.0,1,Very High
SO-533365,61,4,4704384.0,3,Very High
SO-533390,65,6,1062799.0,5,Very High
SO-533405,77,9,2333006.0,9,Very High
SO-533439,131,11,2837753.0,9,Very High
SO-533476,118,11,2667788.4,11,Very High
SO-533584,33,3,1121836.8,3,Very High
SO-533703,33,2,56394.6,2,Very High
SO-533711,95,8,1122677.0,8,Very High
SO-533712,67,9,1227537.4,8,Very High
SO-533797,104,10,1673073.2,7,Very High
SO-533802,145,11,3410706.8,10,Very High
SO-533871,31,3,232401.0,2,Very High
SO-533895,94,8,1646988.8,6,Very High
SO-533915,52,5,541902.8,4,Very High
SO-534003,89,8,2787884.6,8,Very High
SO-534079,56,6,855783.0,6,Very High
SO-534087,94,9,1601234.2,6,Very High
SO-534158,111,10,4005350.2,9,Very High
SO-534170,49,6,265905.2,5,Very High
SO-534179,17,1,6218.6,1,Medium
SO-534363,111,9,2325728.0,7,Very High
SO-534484,62,6,827110.0,6,Very High
SO-534614,92,7,3011968.0,6,Very High
SO-534678,113,12,2201607.6,10,Very High
SO-534764,6,1,8850.0,1,Medium
SO-534782,102,10,1835621.4,10,Very High
SO-534791,19,1,272384.0,1,Very High
SO-534830,33,4,1034695.2,4,Very High
SO-534898,118,11,4486345.0,11,Very High
SO-534904,68,6,1405864.4,5,Very High
SO-534955,68,8,3484967.8,7,Very High
SO-534994,49,5,202127.0,5,Very High
SO-535161,12,1,6796.8,1,Medium
SO-535186,15,1,69915.0,1,Very High
SO-535210,113,11,1137561.6,9,Very High
SO-535257,84,10,1178670.6,9,Very High
SO-535332,135,9,5650194.6,9,Very High
SO-535339,36,5,755072.0,5,Very High
SO-535367,18,2,21381.6,2,High
SO-535389,119,9,2226182.0,8,Very High
SO-535500,145,11,3395699.2,8,Very High
SO-535516,88,6,3123521.6,4,Very High
SO-535589,88,9,1488795.4,7,Very High
SO-535641,103,9,2199826.2,8,Very High
SO-535652,73,8,1529544.4,8,Very High
SO-535654,11,1,159104.0,1,Very High
SO-535688,89,7,1744493.6,6,Very High
SO-535711,42,6,1411807.0,6,Very High
SO-535750,82,7,1158832.8,5,Very High
SO-535921,95,8,5635078.0,7,Very High
SO-535988,34,2,492140.0,2,Very High
SO-536043,133,11,3226836.0,8,Very High
SO-536069,19,3,145225.0,3,Very High
SO-536091,120,12,3662922.2,11,Very High
SO-536138,112,11,2765488.2,9,Very High
SO-536155,150,12,1854413.4,11,Very High
SO-536193,94,10,2235562.2,9,Very High
SO-536202,42,4,767979.2,4,Very High
SO-536387,96,10,3385324.0,9,Very High
SO-536410,31,2,23222.4,2,High
SO-536423,50,4,855330.0,3,Very High
SO-536590,76,9,2230672.4,7,Very High
SO-536764,6,1,268032.0,1,Very High
SO-536781,6,1,188160.0,1,Very High
SO-536794,34,3,900628.0,3,Very High
SO-536809,84,8,969023.4,8,Very High
SO-536855,74,5,2896768.0,5,Very High
SO-536883,17,1,29087.0,1,High
SO-536898,102,12,1748873.8,10,Very High
SO-536949,43,6,1031973.8,5,Very High
SO-536997,95,8,937149.0,7,Very High
SO-537164,29,4,495760.0,4,Very High
SO-537213,107,10,2708665.6,7,Very High
SO-537262,82,9,1233368.2,9,Very High
SO-537329,43,3,654208.0,3,Very High
SO-537350,93,10,4126839.8,7,Very High
SO-537426,119,12,3777626.4,12,Very High
SO-537525,108,11,3742669.8,10,Very High
SO-537631,50,4,656474.8,3,Very High
SO-537671,68,9,3397208.6,9,Very High
SO-537736,101,11,1088197.0,9,Very High
SO-537738,73,9,1226607.6,7,Very High
SO-537748,112,9,1405008.2,8,Very High
SO-537764,92,6,825949.0,6,Very High
SO-537770,124,8,4252758.0,8,Very High
SO-537849,27,2,404780.0,2,Very High
SO-538118,16,1,10950.4,1,High
SO-538138,103,10,1795142.0,7,Very High
SO-538167,26,4,234685.0,4,Very High
SO-538169,20,2,174345.0,2,Very High
SO-538173,104,10,3990896.8,7,Very High
SO-538186,47,4,717617.0,4,Very High
SO-538188,96,10,2565316.8,9,Very High
SO-538189,28,2,436352.0,2,Very High
SO-538306,88,7,1723517.0,5,Very High
SO-538396,130,10,1964331.0,10,Very High
SO-538406,67,5,1967769.6,5,Very High
SO-538433,79,9,449838.39999999997,8,Very High
SO-538434,79,10,2090985.2,8,Very High
SO-538471,83,8,2014579.2,7,Very High
SO-538489,34,5,476598.0,5,Very High
SO-538495,109,8,3469401.6,8,Very High
SO-538642,106,10,1343361.8,8,Very High
SO-538659,74,7,2002351.0,7,Very High
SO-538661,142,10,2347463.2,10,Very High
SO-538694,75,10,625437.0,10,Very High
SO-538695,108,10,1500352.0,7,Very High
SO-538700,108,12,2733566.8,12,Very High
SO-538726,69,6,1490475.6,6,Very High
SO-538758,23,2,427907.0,2,Very High
SO-538775,102,9,3696162.0,8,Very High
SO-538811,40,4,2096211.4,4,Very High
SO-538821,95,11,3530009.4,9,Very High
SO-538939,19,3,311208.0,3,Very High
SO-538991,131,9,1065253.2,9,Very High
SO-538999,80,10,1093714.4,9,Very High
SO-539038,68,8,1504489.0,7,Very High
SO-539085,94,7,1502976.8,7,Very High
SO-539167,63,10,907693.0,8,Very High
SO-539173,117,12,2027297.4,12,Very High
SO-539174,114,11,3534682.0,7,Very High
SO-539201,69,11,1711911.2,9,Very High
SO-539297,79,10,1930583.4,8,Very High
SO-539308,49,7,1620283.0,7,Very High
SO-539313,54,6,2700266.6,6,Very High
SO-539410,128,12,4117936.0,9,Very High
SO-539419,99,11,1006475.4,8,Very High
SO-539459,62,10,721788.8,8,Very High
SO-539496,7,1,10325.0,1,High
SO-539508,52,6,342872.4,4,Very High
SO-539556,92,8,2251147.0,7,Very High
SO-539717,33,4,746405.8,4,Very High
SO-539747,54,7,1183220.0,7,Very High
SO-539786,97,10,1280262.6,10,Very High
SO-539826,70,7,1423581.8,6,Very High
SO-539906,102,11,985282.4,10,Very High
SO-539970,89,8,1340647.0,7,Very High
SO-539974,49,7,742344.2,6,Very High
SO-539979,9,1,5522.4,1,Medium
SO-539983,89,8,2013892.0,7,Very High
SO-540050,122,9,3235096.8,8,Very High
SO-540093,78,7,1584750.0,7,Very High
SO-540228,114,11,3692665.0,9,Very High
SO-540242,54,6,945402.4,6,Very High
SO-540277,92,9,3096761.0,7,Very High
SO-540339,118,12,2141588.4,11,Very High
SO-540345,36,4,260027.8,4,Very High
SO-540350,113,12,2072835.2,11,Very High
SO-540389,69,5,415790.6,5,Very High
SO-540493,90,5,1090201.6,5,Very High
SO-540579,120,12,1669891.8,10,Very High
SO-540627,57,6,505818.4,5,Very High
SO-540665,26,6,414544.8,6,Very High
SO-540675,54,5,806768.0,5,Very High
SO-540756,137,12,4912132.0,7,Very High
SO-540786,14,1,11894.4,1,High
SO-540792,101,11,4817429.8,10,Very High
SO-540885,69,7,2566396.0,6,Very High
SO-540913,30,3,1239808.6,3,Very High
SO-540944,80,8,1409165.6,6,Very High
SO-540966,74,6,940699.2,6,Very High
SO-540975,14,2,113225.0,2,Very High
SO-540978,18,2,81810.0,2,Very High
SO-540994,1,1,1475.0,1,Low
SO-541017,5,1,46315.0,1,High
SO-541055,19,2,164610.0,2,Very High
SO-541179,73,5,864987.0,4,Very High
SO-541208,19,1,967936.0,1,Very High
SO-541232,30,2,723033.6,2,Very High
SO-541313,18,1,216648.0,1,Very High
SO-541470,102,10,2917634.8,7,Very High
SO-541480,69,8,963963.2,8,Very High
SO-541485,106,7,884176.4,7,Very High
SO-541505,17,1,281792.0,1,Very High
SO-541541,37,4,561699.2,4,Very High
SO-541580,31,2,296095.0,2,Very High
SO-541585,60,6,1250333.0,6,Very High
SO-541587,86,8,1369171.5999999999,7,Very High
SO-541601,94,11,1851043.0,9,Very High
SO-541662,11,1,34496.0,1,High
SO-541706,116,12,3676433.6,10,Very High
SO-541732,27,2,770956.8,2,Very High
SO-541739,145,10,2249075.0,9,Very High
SO-541860,120,12,3839522.8,10,Very High
SO-541867,67,9,1006445.2,9,Very High
SO-541896,23,2,128128.0,2,Very High
SO-542016,16,1,815104.0,1,Very High
SO-542064,70,7,1461879.2,6,Very High
SO-542109,58,8,334665.6,8,Very High
SO-542132,23,3,16933.0,3,High
SO-542133,99,8,3522680.0,7,Very High
SO-542223,49,5,2790893.8,5,Very High
SO-542224,44,3,71036.0,3,Very High
SO-542231,71,8,265506.0,6,Very High
SO-542291,81,9,1046505.0,9,Very High
SO-542315,69,7,310469.8,7,Very High
SO-542352,104,10,4456024.8,9,Very High
SO-542377,107,11,3618774.4,10,Very High
SO-542459,45,4,162013.0,4,Very High
SO-542496,37,3,248907.0,3,Very High
SO-542517,70,5,843761.4,5,Very High
SO-542586,40,3,82237.2,3,Very High
SO-542593,82,8,663694.8,6,Very High
SO-542620,135,12,1149251.4,10,Very High
SO-542632,33,3,431040.0,3,Very High
SO-542829,100,12,1327946.0,10,Very High
SO-542837,105,11,2077199.0,10,Very High
SO-542844,27,4,368058.0,4,Very High
SO-542908,1,1,16576.0,1,High
SO-543018,106,11,1566383.6,10,Very High
SO-543072,111,9,1828468.0,8,Very High
SO-543093,71,7,2350021.2,7,Very High
SO-543136,40,5,593932.6,5,Very High
SO-543187,70,5,1895828.2,5,Very High
SO-543216,114,11,2514633.4,10,Very High
SO-543234,28,4,1069884.0,4,Very High
SO-543236,22,2,1047808.0,2,Very High
SO-543250,90,8,1316706.2,7,Very High
SO-543412,89,9,1407168.6,8,Very High
SO-543420,66,5,3080047.6,4,Very High
SO-543430,43,6,424821.4,6,Very High
SO-543443,37,2,978980.8,2,Very High
SO-543521,97,9,3998721.8,8,Very High
SO-543606,118,10,2732620.6,7,Very High
SO-543625,38,6,713552.0,5,Very High
SO-543637,55,4,1224590.0,4,Very High
SO-543674,99,8,2868662.0,8,Very High
SO-543706,102,8,2113298.8,7,Very High
SO-543708,9,1,5097.6,1,Medium
SO-543759,127,10,1865235.2,9,Very High
SO-543783,43,5,1189284.8,5,Very High
SO-543811,125,12,2547670.6,8,Very High
SO-543911,90,9,1927425.6,9,Very High
SO-543967,45,5,522571.8,5,Very High
SO-543980,20,1,16992.0,1,High
SO-544042,7,2,181236.8,2,Very High
SO-544095,77,12,1317100.0,9,Very High
SO-544140,80,7,1804728.0,6,Very High
SO-544200,37,5,1892800.0,4,Very High
SO-544240,75,6,1106302.4,6,Very High
SO-544333,25,3,847013.0,3,Very High
SO-544347,98,9,3687205.6,9,Very High
SO-544437,72,6,1278802.0,6,Very High
SO-544502,39,2,643342.4,2,Very High
SO-544563,116,12,3898778.8,10,Very High
SO-544564,57,7,3368832.0,5,Very High
SO-544575,88,9,1532564.0,9,Very High
SO-544675,41,3,604234.0,3,Very High
SO-544683,92,12,1047067.2,9,Very High
SO-544731,85,8,2339667.0,8,Very High
SO-544746,7,1,9499.0,1,Medium
SO-544811,51,4,151582.8,4,Very High
SO-544866,30,2,398550.0,2,Very High
SO-544924,68,9,2010270.0,7,Very High
SO-544962,104,9,1730680.6,9,Very High
SO-544974,77,8,1352011.6,7,Very High
SO-545009,31,3,421620.0,3,Very High
SO-545078,77,8,375908.0,6,Very High
SO-545087,74,7,1776232.4,6,Very High
SO-545140,113,11,2425745.2,9,Very High
SO-545202,42,4,1290034.0,4,Very High
SO-545268,129,12,2754097.2,11,Very High
SO-545303,56,4,3696799.0,4,Very High
SO-545382,119,12,3510794.8,11,Very High
SO-545437,28,2,78965.6,2,Very High
SO-545439,77,5,3033637.0,5,Very High
SO-545463,43,4,742646.4,3,Very High
SO-545480,63,9,2271665.0,8,Very High
SO-545483,6,1,18816.0,1,High
SO-545508,56,4,1925960.0,3,Very High
SO-545537,30,5,260376.0,5,Very High
SO-545586,14,1,713216.0,1,Very High
SO-545655,86,9,914453.6,7,Very High
SO-545657,111,10,5734002.8,8,Very High
SO-545684,45,3,199502.6,3,Very High
SO-545722,133,12,1310416.8,11,Very High
SO-545731,8,1,86528.0,1,Very High
SO-545755,6,1,8850.0,1,Medium
SO-545813,41,3,375626.6,3,Very High
SO-545839,23,2,1679909.6,2,Very High
SO-545912,99,8,2709925.0,7,Very High
SO-546016,79,6,7760856.8,4,Very High
SO-546029,49,5,1070359.0,5,Very High
SO-546086,71,6,1758746.0,4,Very High
SO-546120,55,8,477870.4,8,Very High
SO-546144,28,2,457764.8,2,Very High
SO-546149,37,3,1336941.6,3,Very High
SO-546150,80,9,3466638.0,9,Very High
SO-546183,93,10,1222771.4,9,Very High
SO-546212,51,6,689831.2,6,Very High
SO-546274,80,7,2121855.2,6,Very High
SO-546283,69,9,1301442.2,9,Very High
SO-546306,93,9,1553328.2,9,Very High
SO-546358,71,5,4003956.0,5,Very High
SO-546394,74,7,991094.8,7,Very High
SO-546395,118,12,2857635.2,10,Very High
SO-546401,31,5,920470.2,5,Very High
SO-546416,173,12,5950376.2,11,Very High
SO-546424,80,9,3877598.2,8,Very High
SO-546597,48,5,1974320.7999999998,4,Very High
SO-546598,94,8,1801982.8,7,Very High
SO-546605,92,8,1987422.4,6,Very High
SO-546638,127,9,811935.0,8,Very High
SO-546645,58,7,1606964.0,7,Very High
SO-546662,135,12,5472478.8,9,Very High
SO-546708,58,5,3006866.8,5,Very High
SO-546718,64,6,1231577.0,6,Very High
SO-546816,15,1,887040.0,1,Very High
SO-546823,51,6,3365888.0,5,Very High
SO-546876,54,5,615831.4,5,Very High
SO-546895,48,4,2028928.0,4,Very High
SO-546918,5,1,4248.0,1,Low
SO-546935,108,10,1942915.2,8,Very High
SO-546944,53,5,295273.2,4,Very High
SO-546991,94,9,4005866.2,9,Very High
SO-547032,32,4,47030.0,4,High
SO-547034,54,5,1385511.6,5,Very High
SO-547047,138,12,3652384.4,11,Very High
SO-547082,26,3,548796.8,3,Very High
SO-547138,77,8,1517929.4,7,Very High
SO-547143,30,3,823505.6,3,Very High
SO-547244,36,4,847616.0,4,Very High
SO-547256,20,1,27140.0,1,High
SO-547266,40,3,4016047.0,3,Very High
SO-547269,37,3,115049.6,3,Very High
SO-547317,49,6,1208678.6,6,Very High
SO-547357,63,5,3163287.6,4,Very High
SO-547389,125,12,2069674.2,9,Very High
SO-547422,64,9,1658974.6,8,Very High
SO-547651,90,9,1968280.6,8,Very High
SO-547652,90,8,1115989.6,7,Very High
SO-547729,34,3,217298.0,3,Very High
SO-547764,125,10,1200891.0,9,Very High
SO-547832,9,1,7646.4,1,Medium
SO-547850,50,6,674458.0,6,Very High
SO-547879,44,5,1154043.0,4,Very High
SO-547915,92,9,1389514.0,8,Very High
SO-547932,53,5,1447588.0,5,Very High
SO-547954,99,11,389328.0,7,Very High
SO-547956,84,6,3211562.0,5,Very High
SO-548106,82,7,2532550.4,7,Very High
SO-548171,92,7,3997656.4,6,Very High
SO-548191,134,11,3284164.0,11,Very High
SO-548278,120,10,2449044.0,8,Very High
SO-548295,76,9,615153.0,8,Very High
SO-548354,104,7,1551169.6,7,Very High
SO-548381,147,11,3203663.4,9,Very High
SO-548449,86,10,2952585.4,9,Very High
SO-548502,33,4,266007.8,4,Very High
SO-548600,74,9,2237411.6,8,Very High
SO-548613,59,8,2005727.0,8,Very High
SO-548620,38,5,574409.0,5,Very High
SO-548623,34,4,412727.4,4,Very High
SO-548644,30,3,290415.0,3,Very High
SO-548664,67,6,383872.2,5,Very High
SO-548721,49,3,1278800.0,3,Very High
SO-548822,108,10,2850803.6,9,Very High
SO-548895,72,8,2220954.8,8,Very High
SO-548937,138,12,568673.2,10,Very High
SO-548949,21,3,233853.0,3,Very High
SO-549003,77,7,676549.2,6,Very High
SO-549022,112,10,3599997.2,9,Very High
SO-549045,69,6,1583750.8,5,Very High
SO-549080,24,4,1736615.6,4,Very High
SO-549189,106,10,1284635.6,8,Very High
SO-549226,132,12,3766155.2,9,Very High
SO-549264,26,3,503042.0,3,Very High
SO-549300,117,11,2163499.2,9,Very High
SO-549361,69,7,2211855.6,7,Very High
SO-549422,115,8,2822377.0,7,Very High
SO-549439,75,6,1412433.8,5,Very High
SO-549505,111,9,1669171.8,8,Very High
SO-549518,137,12,5442752.2,9,Very High
SO-549600,72,8,1947768.0,5,Very High
SO-549605,102,12,2421049.2,10,Very High
SO-549611,134,10,3194671.0,9,Very High
SO-549614,44,4,334287.0,4,Very High
SO-549692,60,5,3578478.4,5,Very High
SO-549732,84,10,2249169.2,6,Very High
SO-549750,46,3,599583.2,3,Very High
SO-549790,103,12,3422744.4,12,Very High
SO-549810,7,1,356608.0,1,Very High
SO-549964,9,1,3292.2,1,Low
SO-549979,107,9,2168848.6,8,Very High
SO-549989,96,9,4167509.0,8,Very High
SO-550006,88,7,1666268.0,6,Very High
SO-550035,60,6,1843025.6,6,Very High
SO-550038,80,8,3223364.4,6,Very High
SO-550047,49,5,744291.4,5,Very High
SO-550098,92,9,1085735.4,8,Very High
SO-550118,105,9,4051734.2,7,Very High
SO-550137,110,10,3337816.8,9,Very High
SO-550170,76,9,1245599.0,7,Very High
SO-550189,62,4,2086542.4,4,Very High
SO-550197,55,7,416676.0,6,Very High
SO-550350,109,10,2546021.0,9,Very High
SO-550380,66,7,2730651.0,7,Very High
SO-550386,50,3,1665914.0,3,Very High
SO-550421,39,6,1792585.6,6,Very High
SO-550455,39,2,1223040.0,1,Very High
SO-550457,24,4,530951.4,3,Very High
SO-550508,127,12,2885191.0,9,Very High
SO-550551,87,8,3975256.4,8,Very High
SO-550573,104,7,6258172.0,6,Very High
SO-550592,111,10,3610296.4,9,Very High
SO-550637,131,10,6372605.8,9,Very High
SO-550749,58,5,836730.2,5,Very High
SO-550843,84,9,3027085.2,9,Very High
SO-550859,78,7,709117.8,6,Very High
SO-550879,67,5,2400404.0,5,Very High
SO-550927,80,7,986708.4,7,Very High
SO-551031,84,10,1988203.2,9,Very High
SO-551052,142,11,3867292.6,8,Very High
SO-551108,26,3,1150976.0,2,Very High
SO-551118,46,4,235149.2,4,Very High
SO-551131,48,6,2383820.8,6,Very High
SO-551174,150,12,4858475.4,9,Very High
SO-551186,43,4,82188.8,3,Very High
SO-551212,101,9,1894977.8,9,Very High
SO-551220,111,10,5103526.8,9,Very High
SO-551223,106,11,2325281.8,10,Very High
SO-551264,80,6,4003523.8000000003,6,Very High
SO-551285,70,7,1097607.2,6,Very High
SO-551288,73,7,1799433.8,6,Very High
SO-551338,99,10,2444659.0,10,Very High
SO-551349,58,5,2119308.8,5,Very High
SO-551403,62,7,1875217.6,7,Very High
SO-551427,114,11,3159992.0,8,Very High
SO-551490,131,11,2437556.0,9,Very High
SO-551557,81,8,2348075.6,7,Very High
SO-551563,97,10,790267.8,7,Very High
SO-551614,72,6,4350105.0,6,Very High
SO-551640,4,1,203776.0,1,Very High
SO-551696,137,12,2904569.2,10,Very High
SO-551744,60,7,1954703.0,7,Very High
SO-551773,109,10,1906756.8,9,Very High
SO-551840,93,9,5714314.4,7,Very High
SO-551874,24,2,252815.0,2,Very High
SO-551911,36,6,130119.0,5,Very High
SO-551988,18,2,539392.0,2,Very High
SO-552031,104,12,3494627.0,10,Very High
SO-552060,90,7,1955348.6,6,Very High
SO-552152,38,5,767104.0,5,Very High
SO-552198,48,6,723062.0,6,Very High
SO-552240,12,3,227608.0,3,Very High
SO-552254,103,11,959425.6,9,Very High
SO-552259,83,10,1634514.6,10,Very High
SO-552276,123,11,1449892.6,10,Very High
SO-552332,96,12,1842350.0,9,Very High
SO-552373,142,12,2562230.4,11,Very High
SO-552404,39,4,1657775.0,4,Very High
SO-552424,74,9,1640365.6,9,Very High
SO-552476,105,8,4576766.4,8,Very High
SO-552518,102,9,1580928.8,8,Very High
SO-552649,28,2,503361.0,2,Very High
SO-552650,3,1,32448.0,1,High
SO-552661,19,2,129615.0,2,Very High
SO-552775,95,9,5778544.2,8,Very High
SO-552811,42,6,1246310.0,6,Very High
SO-552888,103,12,3584258.6,11,Very High
SO-552903,3,1,5133.0,1,Medium
SO-552928,55,6,266993.6,5,Very High
SO-552930,16,1,148208.0,1,Very High
SO-552977,90,7,3463680.0,6,Very High
SO-553030,46,7,787960.4,7,Very High
SO-553039,96,6,1801149.2,6,Very High
SO-553064,146,12,2450492.6,11,Very High
SO-553228,126,12,3292276.8,10,Very High
SO-553273,83,5,907342.2,5,Very High
SO-553315,39,3,495124.0,3,Very High
SO-553339,94,9,2187095.6,7,Very High
SO-553370,50,6,2561603.0,5,Very High
SO-553372,71,9,1790240.2,8,Very High
SO-553377,105,9,816131.8,8,Very High
SO-553437,53,5,708025.0,5,Very High
SO-553494,122,12,2587948.8,11,Very High
SO-553511,19,1,59584.0,1,Very High
SO-553543,181,12,3571804.0,9,Very High
SO-553629,67,6,1866016.0,5,Very High
SO-553633,79,6,1436820.8,6,Very High
SO-553642,107,12,3747365.6,10,Very High
SO-553661,69,9,2234682.4,8,Very High
SO-553700,48,6,845453.0,5,Very High
SO-553759,59,6,579751.2,6,Very High
SO-553774,89,10,1280698.6,9,Very High
SO-553823,37,6,1154563.0,6,Very High
SO-553854,82,9,778153.7999999999,7,Very High
SO-553983,62,7,2974068.0,6,Very High
SO-554082,87,7,915134.4,7,Very High
SO-554194,46,4,2587724.8,4,Very High
SO-554362,33,6,1416629.0,5,Very High
SO-554438,106,10,1056588.8,9,Very High
SO-554444,50,3,964664.0,3,Very High
SO-554465,50,5,273693.2,5,Very High
SO-554660,95,9,460307.0,8,Very High
SO-554695,92,8,5020677.0,8,Very High
SO-554751,103,11,2282750.4,8,Very High
SO-554798,5,1,761600.0,1,Very High
SO-554867,23,4,359392.0,4,Very High
SO-554902,115,10,4677857.4,9,Very High
SO-554932,52,8,980520.0,7,Very High
SO-554954,121,12,3722006.2,10,Very High
SO-554960,78,9,2861268.4,6,Very High
SO-555021,6,1,10266.0,1,High
SO-555032,99,10,1356483.2,9,Very High
SO-555064,20,2,603520.0,2,Very High
SO-555066,96,9,1039807.0,7,Very High
SO-555071,62,5,400913.0,5,Very High
SO-555100,31,4,725894.0,4,Very High
SO-555103,55,5,1149909.0,5,Very High
SO-555179,135,12,2069538.8,9,Very High
SO-555194,51,6,2109285.0,6,Very High
SO-555207,105,8,3438191.2,7,Very High
SO-555243,32,3,961635.0,3,Very High
SO-555260,70,8,1654004.4,7,Very High
SO-555266,100,8,2350010.0,8,Very High
SO-555270,93,10,2548461.6,9,Very High
SO-555302,57,9,1670246.4,8,Very High
SO-555340,65,7,1370439.0,7,Very High
SO-555352,107,8,3929060.0,7,Very High
SO-555414,66,7,1049263.2,6,Very High
SO-555498,102,8,4094004.0,8,Very High
SO-555511,47,3,815872.0,3,Very High
SO-555599,37,6,563736.6,6,Very High
SO-555624,43,4,911377.6,4,Very High
SO-555654,77,5,891901.0,5,Very High
SO-555666,101,8,4109763.4,7,Very High
SO-555781,85,6,1056409.8,5,Very High
SO-555812,98,10,437749.4,10,Very High
SO-555821,13,1,4755.4,1,Low
SO-555827,33,2,2469504.0,2,Very High
SO-555836,26,4,708736.0,4,Very High
SO-555844,8,1,250880.0,1,Very High
SO-555850,105,9,4325510.6,7,Very High
SO-555944,101,12,1514630.4,8,Very High
SO-555983,40,4,61526.4,4,Very High
SO-555986,36,6,374293.8,6,Very High
SO-556029,106,11,2107383.2,10,Very High
SO-556060,40,3,94090.0,2,Very High
SO-556064,22,2,97395.0,2,Very High
SO-556088,121,12,994428.2,10,Very High
SO-556146,33,4,3106028.8,4,Very High
SO-556158,82,7,2589084.0,7,Very High
SO-556215,147,11,1826590.8,10,Very High
SO-556253,117,11,2455029.6,11,Very High
SO-556309,68,8,779513.2,8,Very High
SO-556316,132,11,3907571.6,9,Very High
SO-556365,30,2,416000.0,2,Very High
SO-556427,127,10,1848845.0,8,Very High
SO-556499,92,9,736804.4,9,Very High
SO-556562,9,1,149184.0,1,Very High
SO-556617,20,1,706560.0,1,Very High
SO-556649,111,10,1492309.2,10,Very High
SO-556691,56,5,1955416.0,5,Very High
SO-556764,57,5,342049.6,5,Very High
SO-556766,87,8,734282.8,7,Very High
SO-556868,90,11,1529690.4,7,Very High
SO-556878,109,10,1550016.2,10,Very High
SO-556990,21,2,15953.6,2,High
SO-557036,12,4,488885.0,4,Very High
SO-557074,15,1,69915.0,1,Very High
SO-557121,17,1,866048.0,1,Very High
SO-557150,118,9,1372446.2,8,Very High
SO-557193,69,5,2909105.0,5,Very High
SO-557205,27,2,786944.0,2,Very High
SO-557208,72,7,2286402.0,7,Very High
SO-557226,45,5,2215242.0,5,Very High
SO-557307,50,4,363181.4,3,Very High
SO-557336,15,1,10266.0,1,High
SO-557414,35,2,328537.6,2,Very High
SO-557422,15,1,2284800.0,1,Very High
SO-557488,38,4,347212.0,4,Very High
SO-557508,89,7,4061360.4,7,Very High
SO-557539,38,4,2815836.2,4,Very High
SO-557546,29,3,92158.0,3,Very High
SO-557638,73,5,1429308.0,3,Very High
SO-557656,146,11,2560641.8,9,Very High
SO-557683,157,10,5212205.6,9,Very High
SO-557708,112,11,4397250.2,10,Very High
SO-557738,48,4,2167710.0,4,Very High
SO-557823,56,5,1990515.2,3,Very High
SO-557868,23,2,434053.0,2,Very High
SO-557871,78,7,634782.2,7,Very High
SO-557879,5,1,534400.0,1,Very High
SO-557916,46,8,864076.0,8,Very High
SO-558031,16,2,790016.0,2,Very High
SO-558052,146,12,3051325.4,8,Very High
SO-558058,55,4,1462958.0,4,Very High
SO-558135,69,6,1351945.0,5,Very High
SO-558168,98,8,1950200.8,8,Very High
SO-558169,25,3,192426.0,2,Very High
SO-558197,23,3,455654.4,3,Very High
SO-558207,41,4,691773.4,4,Very High
SO-558209,31,2,319333.6,2,Very High
SO-558279,57,5,374720.0,5,Very High
SO-558305,87,8,1720322.8,7,Very High
SO-558310,132,11,3844184.8,8,Very High
SO-558365,109,11,2716391.6,10,Very High
SO-558481,41,6,1181696.0,6,Very High
SO-558520,50,4,1117584.8,3,Very High
SO-558528,60,5,1293358.0,5,Very High
SO-558555,15,1,286080.0,1,Very High
SO-558762,65,10,762960.4,8,Very High
SO-558765,69,7,2079130.0,5,Very High
SO-558779,99,9,2580615.0,9,Very High
SO-558815,80,10,1084204.6,6,Very High
SO-558829,70,5,1510213.6,5,Very High
SO-558877,73,8,1367404.6,8,Very High
SO-558947,18,2,22903.8,2,High
SO-558968,107,11,1872172.4,8,Very High
SO-558984,105,8,3207530.4,8,Very High
SO-558998,59,4,3419971.2,4,Very High
SO-559013,86,7,1050769.0,7,Very High
SO-559085,145,12,2708987.0,11,Very High
SO-559137,152,12,2556926.6,11,Very High
SO-559163,65,7,724418.8,6,Very High
SO-559242,42,5,2853248.0,5,Very High
SO-559386,10,1,26550.0,1,High
SO-559405,122,12,702136.2,9,Very High
SO-559421,124,10,5398027.4,10,Very High
SO-559430,113,8,2045465.6,7,Very High
SO-559489,88,12,4813068.8,12,Very High
SO-559490,53,5,168716.4,5,Very High
SO-559510,41,3,914652.8,3,Very High
SO-559617,98,10,1801320.6,7,Very High
SO-559726,25,2,394368.0,2,Very High
SO-559767,107,9,1307506.8,8,Very High
SO-559789,15,1,69915.0,1,Very High
SO-559924,94,11,4817628.2,9,Very High
SO-559944,121,12,4219594.4,12,Very High
SO-560008,99,8,2366994.4,7,Very High
SO-560046,67,9,1863220.0,8,Very High
SO-560156,83,6,2580558.0,6,Very High
SO-560206,40,3,1195921.0,3,Very High
SO-560240,64,5,725068.8,4,Very High
SO-560242,33,4,539412.0,4,Very High
SO-560244,42,4,958124.0,4,Very High
SO-560351,122,10,3592889.4,10,Very High
SO-560370,15,1,39825.0,1,High
SO-560400,81,7,2235759.0,5,Very High
SO-560505,24,3,295495.0,3,Very High
SO-560597,80,7,1621296.4,7,Very High
SO-560607,121,9,2536873.6,8,Very High
SO-560773,50,3,2981779.0,3,Very High
SO-560789,36,2,299891.0,2,Very High
SO-560800,51,5,685343.0,5,Very High
SO-560815,114,9,2770851.0,8,Very High
SO-560901,109,11,2267419.2,9,Very High
SO-561036,105,9,1487585.2,8,Very High
SO-561156,105,11,2703445.6,10,Very High
SO-561227,15,1,10266.0,1,High
SO-561281,85,7,3420764.2,6,Very High
SO-561478,94,12,2470486.8,9,Very High
SO-561506,58,6,674551.2,5,Very High
SO-561575,88,10,1182449.0,8,Very High
SO-561666,27,2,354022.4,2,Very High
SO-561808,94,9,4678647.0,8,Very High
SO-561859,54,6,326730.2,6,Very High
SO-561885,57,9,1824440.4,8,Very High
SO-562039,107,12,906666.0,8,Very High
SO-562099,70,5,3682893.0,5,Very High
SO-562139,91,9,3989807.6,8,Very High
SO-562209,30,3,428446.0,3,Very High
SO-562298,116,9,2825766.4000000004,9,Very High
SO-562309,4,1,6844.0,1,Medium
SO-562310,62,6,1436274.2,6,Very High
SO-562391,60,4,2973491.0,4,Very High
SO-562495,42,4,2891520.0,4,Very High
SO-562595,113,10,1560102.6,7,Very High
SO-562684,105,11,1678937.8,10,Very High
SO-562701,53,6,621723.8,4,Very High
SO-562727,133,12,4329006.2,9,Very High
SO-562735,60,5,873622.2,5,Very High
SO-562746,5,1,2832.0,1,Low
SO-562774,31,2,347046.0,2,Very High
SO-562795,37,5,1840640.0,5,Very High
SO-562838,69,5,2346625.6,5,Very High
SO-562841,67,5,2758653.0,4,Very High
SO-562890,34,2,725488.0,2,Very High
SO-562893,123,12,1636645.6,12,Very High
SO-563025,24,2,661536.0,2,Very High
SO-563068,39,3,228543.0,3,Very High
SO-563147,137,11,4493510.0,7,Very High
SO-563162,38,5,908131.0,5,Very High
SO-563196,59,6,1106759.2,6,Very High
SO-563259,147,12,5433408.0,11,Very High
SO-563301,142,11,4675852.0,9,Very High
SO-563343,51,4,661704.0,4,Very High
SO-563358,18,2,185583.0,2,Very High
SO-563366,23,2,565773.0,2,Very High
SO-563459,109,12,1187589.0,11,Very High
SO-563507,99,11,3190541.2,7,Very High
SO-563515,4,1,609280.0,1,Very High
SO-563549,48,5,2404016.8,5,Very High
SO-563603,33,3,768128.0,3,Very High
SO-563656,16,2,245760.0,2,Very High
SO-563676,116,10,3085569.0,9,Very High
SO-563709,36,3,1031808.0,3,Very High
SO-563871,21,2,616704.0,2,Very High
SO-564004,31,3,842637.0,3,Very High
SO-564035,67,9,2288299.2,7,Very High
SO-564045,27,3,472472.0,3,Very High
SO-564193,64,6,528390.4,5,Very High
SO-564331,111,9,5448520.0,7,Very High
SO-564345,82,9,1515443.4,6,Very High
SO-564352,134,12,2126213.4,8,Very High
SO-564404,13,2,71131.0,2,Very High
SO-564473,14,1,494592.0,1,Very High
SO-564509,79,9,5159783.0,8,Very High
SO-564543,20,1,62720.0,1,Very High
SO-564582,118,12,2308191.6,9,Very High
SO-564589,108,11,2696952.0,9,Very High
SO-564601,66,10,965821.2,8,Very High
SO-564629,122,11,1119793.6,8,Very High
SO-564662,42,4,1475753.0,4,Very High
SO-564672,33,3,529753.0,3,Very High
SO-564690,92,7,1356259.8,7,Very High
SO-564710,91,8,1092097.0,7,Very High
SO-564711,69,7,1807616.0,6,Very High
SO-564745,50,7,1367384.2,7,Very High
SO-564760,85,10,1537374.2,9,Very High
SO-564769,69,5,870799.6,5,Very High
SO-564831,29,4,1303944.0,4,Very High
SO-564836,117,9,3213988.8,8,Very High
SO-564846,62,6,1496328.2,6,Very High
SO-564871,40,4,349922.4,4,Very High
SO-564940,62,5,1808150.8,5,Very High
SO-564971,139,12,5446450.4,9,Very High
SO-564986,11,1,1675520.0,1,Very High
SO-565005,12,1,31860.0,1,High
SO-565068,46,5,2566249.0,5,Very High
SO-565144,151,12,2247050.6,10,Very High
SO-565195,112,10,1963926.2,7,Very High
SO-565259,90,11,4795829.4,9,Very High
SO-565353,75,7,1440974.2,6,Very High
SO-565399,130,11,3001720.0,9,Very High
SO-565403,99,9,1893712.0,8,Very High
SO-565405,102,10,1889126.8,8,Very High
SO-565477,27,3,547792.0,3,Very High
SO-565534,55,9,1037152.4,7,Very High
SO-565576,82,8,1828519.8,8,Very High
SO-565610,133,12,1937813.4,10,Very High
SO-565723,21,2,31919.0,2,High
SO-565751,20,1,29500.0,1,High
SO-565829,4,1,57856.0,1,Very High
SO-565867,68,5,510131.6,4,Very High
SO-565893,38,5,1388778.0,4,Very High
SO-565920,84,9,1057367.2,8,Very High
SO-565938,101,8,2371794.6,6,Very High
SO-565944,116,9,4061892.0,8,Very High
SO-565981,124,11,5075469.0,8,Very High
SO-566042,56,6,2063339.0,5,Very High
SO-566085,84,9,2241845.0,8,Very High
SO-566093,55,6,563137.0,6,Very High
SO-566154,97,9,1958227.0,8,Very High
SO-566184,50,5,389363.0,5,Very High
SO-566296,35,4,990606.0,4,Very High
SO-566347,98,12,2492897.2,11,Very High
SO-566355,116,12,1994685.0,10,Very High
SO-566404,78,8,3886131.8,6,Very High
SO-566459,165,12,2339937.0,10,Very High
SO-566548,97,8,2026324.2,8,Very High
SO-566558,70,4,708766.4,4,Very High
SO-566711,93,7,2377402.0,6,Very High
SO-566774,5,1,65920.0,1,Very High
SO-566787,16,2,261544.0,2,Very High
SO-566790,8,1,13688.0,1,High
SO-566824,51,5,1792222.6,5,Very High
SO-566916,23,2,293884.0,2,Very High
SO-566925,8,1,173056.0,1,Very High
SO-567028,9,1,532224.0,1,Very High
SO-567029,19,2,406144.0,2,Very High
SO-567126,38,3,1983844.0,3,Very High
SO-567127,33,3,15269.199999999999,3,High
SO-567206,125,11,2533232.2,10,Very High
SO-567274,108,11,3613452.8,10,Very High
SO-567305,73,9,3825703.4,9,Very High
SO-567351,15,2,9015.2,2,Medium
SO-567367,16,2,580608.0,2,Very High
SO-567381,15,2,45843.0,2,High
SO-567427,55,4,1505136.0,4,Very High
SO-567436,39,4,590959.0,4,Very High
SO-567543,15,1,162240.0,1,Very High
SO-567558,96,10,3450244.0,9,Very High
SO-567570,66,4,6084164.0,3,Very High
SO-567586,83,8,1461832.0,6,Very High
SO-567681,147,11,5157489.0,7,Very High
SO-567712,49,5,1047231.0,5,Very High
SO-567717,116,12,2808125.6,10,Very High
SO-567736,133,9,2236826.2,6,Very High
SO-567741,138,12,5220206.600000001,9,Very High
SO-567772,33,2,49383.0,2,High
SO-567778,117,11,2037087.2,8,Very High
SO-567796,95,8,1060649.0,6,Very High
SO-567866,79,6,1382315.0,4,Very High
SO-567973,65,8,90533.0,5,Very High
SO-567980,4,1,10620.0,1,High
SO-568001,78,5,1475898.0,4,Very High
SO-568009,17,2,27671.0,2,High
SO-568035,102,9,400251.0,8,Very High
SO-568061,21,2,433997.0,2,Very High
SO-568071,55,4,1224069.0,4,Very High
SO-568072,5,1,295680.0,1,Very High
SO-568097,55,6,1014380.0,6,Very High
SO-568213,44,4,306392.8,4,Very High
SO-568260,122,12,4756857.2,10,Very High
SO-568266,159,12,4380595.4,12,Very High
SO-568281,79,6,1342102.0,6,Very High
SO-568382,103,9,1039232.8,8,Very High
SO-568423,26,5,96633.4,5,Very High
SO-568479,12,1,144432.0,1,Very High
SO-568516,92,8,1974624.0,7,Very High
SO-568522,138,9,1989300.6,7,Very High
SO-568560,68,6,3490168.0,5,Very High
SO-568633,106,11,2696298.8,10,Very High
SO-568638,86,7,2265409.4,6,Very High
SO-568688,102,12,3531361.2,10,Very High
SO-568727,120,10,1525015.8,9,Very High
SO-568746,11,1,101893.0,1,Very High
SO-568784,123,11,2678790.4,10,Very High
SO-568802,87,9,1343219.2,8,Very High
SO-568808,43,5,2322509.0,5,Very High
SO-568909,63,6,609614.6,6,Very High
SO-568912,29,2,27269.8,2,High
SO-568944,14,2,79201.6,2,Very High
SO-569010,18,1,237312.0,1,Very High
SO-569012,87,9,636237.2,7,Very High
SO-569265,107,12,3009496.0,10,Very High
SO-569314,54,5,780767.6,5,Very High
SO-569370,54,4,639559.0,3,Very High
SO-569405,108,11,851712.8,10,Very High
SO-569497,142,10,2108978.4,8,Very High
SO-569524,23,3,598528.0,3,Very High
SO-569539,62,7,2169055.2,6,Very High
SO-569541,116,9,1747767.6,9,Very High
SO-569559,92,9,2124353.6,7,Very High
SO-569570,106,12,2660097.4,11,Very High
SO-569698,41,4,1760213.8,4,Very High
SO-569731,53,3,1149024.0,3,Very High
SO-569814,116,9,3791041.2,8,Very High
SO-569846,102,12,317788.8,10,Very High
SO-569947,106,9,1319566.0,8,Very High
SO-570005,121,12,2108596.4,12,Very High
SO-570044,30,2,433920.0,1,Very High
SO-570138,64,5,1525521.0,4,Very High
SO-570167,75,7,2860963.2,7,Very High
SO-570170,94,11,2206408.0,10,Very High
SO-570236,70,10,1865555.6,9,Very High
SO-570289,126,10,3620483.2,8,Very High
SO-570335,112,9,1703197.0,7,Very High
SO-570426,68,5,1110620.8,4,Very High
SO-570519,82,11,1022943.7999999999,10,Very High
SO-570542,4,1,52736.0,1,Very High
SO-570684,55,4,1356641.0,4,Very High
SO-570691,35,4,878813.6,4,Very High
SO-570762,87,10,3865561.4,9,Very High
SO-570816,34,3,518428.0,3,Very High
SO-570866,160,12,3520980.8,8,Very High
SO-570876,101,7,3018558.2,6,Very High
SO-570954,44,5,379532.8,5,Very High
SO-570959,60,6,1691172.0,4,Very High
SO-570970,20,1,627200.0,1,Very High
SO-570971,22,3,157632.0,3,Very High
SO-570992,45,3,2044372.5999999999,3,Very High
SO-571071,111,8,2146948.4,7,Very High
SO-571073,30,3,506096.0,3,Very High
SO-571150,100,8,3862605.0,7,Very High
SO-571273,42,7,590744.0,7,Very High
SO-571396,74,8,351593.2,6,Very High
SO-571402,104,10,1092061.8,9,Very High
SO-571412,53,5,909637.2,5,Very High
SO-571446,58,7,1696348.4,6,Very High
SO-571463,88,9,1150634.8,9,Very High
SO-571486,62,8,2164469.4,7,Very High
SO-571498,140,10,2031768.2,8,Very High
SO-571638,97,8,1193875.0,7,Very High
SO-571704,95,9,2243817.2,8,Very High
SO-571744,27,4,2965086.0,4,Very High
SO-571761,17,2,555392.0,2,Very High
SO-571763,109,12,4557840.6,8,Very High
SO-571807,67,6,1582596.8,6,Very High
SO-571814,87,11,2544725.2,10,Very High
SO-571910,131,10,1260306.2,8,Very High
SO-571988,92,9,459881.0,8,Very High
SO-571989,64,5,696512.0,5,Very High
SO-572016,74,5,1101107.0,5,Very High
SO-572314,17,2,2046464.0,2,Very High
SO-572348,12,2,118485.0,2,Very High
SO-572462,15,1,12744.0,1,High
SO-572468,50,5,813104.8,5,Very High
SO-572517,82,9,1502667.4,8,Very High
SO-572617,73,9,1483171.8,9,Very High
SO-572661,5,1,254720.0,1,Very High
SO-572684,31,3,259027.0,3,Very High
SO-572751,30,2,243611.0,2,Very High
SO-572839,108,8,6367843.2,5,Very High
SO-572876,132,12,3241682.0,11,Very High
SO-572903,108,11,2892069.2,9,Very High
SO-572913,57,6,784915.0,5,Very High
SO-572952,115,12,2258960.0,9,Very High
SO-572959,78,8,2363814.0,8,Very High
SO-573073,52,6,1109241.4,5,Very High
SO-573118,24,3,1075200.0,3,Very High
SO-573154,8,2,5640.400000000001,2,Medium
SO-573229,87,6,2330125.0,5,Very High
SO-573255,41,3,484656.0,3,Very High
SO-573290,108,11,2486581.0,9,Very High
SO-573292,69,7,2341342.4,7,Very High
SO-573293,112,10,3117788.4,10,Very High
SO-573331,106,9,1244748.0,7,Very High
SO-573334,27,2,912658.0,2,Very High
SO-573376,62,8,693446.4,8,Very High
SO-573378,119,9,1670431.0,6,Very High
SO-573389,61,10,700573.0,10,Very High
SO-573395,26,2,54870.0,2,Very High
SO-573408,37,2,1183104.0,2,Very High
SO-573420,51,7,2195145.4,5,Very High
SO-573531,101,12,3501097.6,10,Very High
SO-573641,110,10,3007254.6,10,Very High
SO-573763,53,4,845048.6,4,Very High
SO-573923,17,1,45135.0,1,High
SO-573948,67,5,3250452.8,5,Very High
SO-573955,82,6,1625026.8,5,Very High
SO-574114,22,2,941296.0,2,Very High
SO-574115,100,12,3094028.0,10,Very High
SO-574116,127,10,1964669.0,9,Very High
SO-574160,20,1,706560.0,1,Very High
SO-574188,81,7,1571466.0,7,Very High
SO-574213,132,11,1569870.0,9,Very High
SO-574277,98,9,2993552.6,9,Very High
SO-574288,96,10,513980.8,8,Very High
SO-574336,11,1,18821.0,1,High
SO-574353,130,10,803413.2,8,Very High
SO-574467,26,2,85148.8,2,Very High
SO-574502,96,9,1516787.0,8,Very High
SO-574538,14,1,129682.0,1,Very High
SO-574581,128,11,2229873.0,8,Very High
SO-574598,10,1,353280.0,1,Very High
SO-574622,105,11,1382129.2,10,Very High
SO-574628,115,11,2096750.8,8,Very High
SO-574634,101,9,4853906.0,8,Very High
SO-574653,75,8,1517149.0,8,Very High
SO-574689,13,1,662272.0,1,Very High
SO-574727,53,4,1836132.0,4,Very High
SO-574769,52,4,57579.0,4,Very High
SO-574820,141,12,3581323.4,10,Very High
SO-574923,42,4,2358528.0,4,Very High
SO-575024,71,9,1686519.2,8,Very High
SO-575039,21,2,137093.0,2,Very High
SO-575046,23,2,29618.0,2,High
SO-575189,51,8,851577.4,8,Very High
SO-575258,101,9,2908085.2,9,Very High
SO-575262,8,1,115712.0,1,Very High
SO-575267,19,3,210279.0,3,Very High
SO-575315,124,10,4640035.0,8,Very High
SO-575336,57,4,1042077.2,4,Very High
SO-575349,108,10,2798093.8,10,Very High
SO-575356,60,7,681734.0,6,Very High
SO-575439,81,9,4412821.2,8,Very High
SO-575545,62,8,1005257.4,8,Very High
SO-575567,50,4,1989737.0,4,Very High
SO-575599,129,12,4409726.4,9,Very High
SO-575605,109,12,2043507.0,10,Very High
SO-575608,43,5,1038700.4,5,Very High
SO-575611,91,10,599856.6,9,Very High
SO-575626,81,5,603043.0,4,Very High
SO-575652,18,1,258048.0,1,Very High
SO-575653,130,12,1332529.2,9,Very High
SO-575811,5,1,72320.0,1,Very High
SO-575846,157,12,2677278.4,9,Very High
SO-575850,107,11,1761986.0,9,Very High
SO-575916,106,11,1430635.4,10,Very High
SO-575925,118,9,2584984.6,9,Very High
SO-575962,87,11,1554524.0,11,Very High
SO-575988,55,5,3510199.2,5,Very High
SO-576086,96,9,1720705.2,7,Very High
SO-576144,47,5,275992.4,5,Very High
SO-576235,84,9,872607.6,7,Very High
SO-576262,38,3,584256.0,3,Very High
SO-576408,66,5,2082769.0,5,Very High
SO-576443,117,8,2322794.8,8,Very High
SO-576489,41,4,349681.2,4,Very High
SO-576575,24,2,330140.0,2,Very High
SO-576591,16,2,110448.0,2,Very High
SO-576639,4,1,2737.6,1,Low
SO-576691,120,12,2922787.0,11,Very High
SO-576748,135,11,1024155.4,10,Very High
SO-576934,50,4,465859.2,4,Very High
SO-576974,40,5,396175.0,5,Very High
SO-577046,5,1,140160.0,1,Very High
SO-577112,51,6,795387.6,6,Very High
SO-577169,99,7,3588874.4,4,Very High
SO-577175,76,6,1729930.2,4,Very High
SO-577188,80,9,1312117.8,9,Very High
SO-577270,68,7,2850546.0,6,Very High
SO-577285,15,2,1835805.0,2,Very High
SO-577298,33,3,375344.8,3,Very High
SO-577307,98,10,1763592.2,10,Very High
SO-577370,59,5,1073855.2,5,Very High
SO-577394,20,2,1926554.0,2,Very High
SO-577396,33,2,298938.0,2,Very High
SO-577403,130,10,2310134.6,9,Very High
SO-577456,26,3,261213.6,3,Very High
SO-577481,95,11,850473.4,10,Very High
SO-577501,52,5,693162.0,5,Very High
SO-577558,67,5,1222224.6,5,Very High
SO-577563,119,10,3904115.2,9,Very High
SO-577572,75,8,1887288.0,7,Very High
SO-577602,56,5,313543.0,4,Very High
SO-577614,28,3,377868.0,2,Very High
SO-577618,35,3,1059304.0,3,Very High
SO-577653,44,4,408374.4,4,Very High
SO-577665,129,9,2900050.0,7,Very High
SO-577685,20,3,599393.6,3,Very High
SO-577747,110,11,1281649.2,9,Very High
SO-577765,23,2,719104.0,2,Very High
SO-577767,5,1,3422.0,1,Low
SO-577807,89,9,1916736.2,8,Very High
SO-577830,76,9,301292.8,9,Very High
SO-577841,92,7,4298239.2,6,Very High
SO-577846,76,6,1785655.0,4,Very High
SO-577857,116,12,2365883.0,12,Very High
SO-577869,54,6,1957248.0,5,Very High
SO-577919,68,7,496596.8,5,Very High
SO-578005,15,2,335132.0,2,Very High
SO-578024,85,6,2899603.0,6,Very High
SO-578033,51,3,533300.0,3,Very High
SO-578034,18,1,216648.0,1,Very High
SO-578051,123,12,1243020.2,10,Very High
SO-578158,50,3,482393.6,3,Very High
SO-578169,59,8,1992918.0,8,Very High
SO-578267,101,11,2676697.8,9,Very High
SO-578283,27,3,745316.0,3,Very High
SO-578345,78,9,1520550.2,8,Very High
SO-578353,54,6,579729.2,6,Very High
SO-578420,95,9,1670955.2,9,Very High
SO-578421,2,1,213760.0,1,Very High
SO-578433,71,5,2352818.0,5,Very High
SO-578436,111,8,2118055.0,6,Very High
SO-578526,49,4,988123.0,4,Very High
SO-578691,45,4,637652.0,4,Very High
SO-578726,25,2,192104.4,2,Very High
SO-578790,37,4,41252.8,3,High
SO-578817,103,11,1791207.8,11,Very High
SO-578859,90,9,4155397.6,9,Very High
SO-578906,42,3,1035136.0,3,Very High
SO-578976,75,8,1882669.8,7,Very High
SO-578981,71,7,2455297.8,6,Very High
SO-578989,89,7,2648988.4,7,Very High
SO-579018,78,9,2183879.2,6,Very High
SO-579037,17,1,29087.0,1,High
SO-579103,21,2,311531.0,2,Very High
SO-579110,61,6,2111721.0,4,Very High
SO-579113,114,9,2377959.6,9,Very High
SO-579144,61,6,1116017.0,6,Very High
SO-579154,99,11,2556997.2,10,Very High
SO-579167,142,12,2644726.2,10,Very High
SO-579226,9,1,402048.0,1,Very High
SO-579281,120,11,1944024.0,11,Very High
SO-579329,99,11,1744113.4,11,Very High
SO-579386,100,11,1171496.8,8,Very High
SO-579454,148,11,4684417.8,9,Very High
SO-579489,45,3,715718.0,3,Very High
SO-579498,136,12,2196596.4,11,Very High
SO-579503,108,11,4432869.2,10,Very High
SO-579597,130,12,2954277.0,10,Very High
SO-579603,96,6,2876746.6,4,Very High
SO-579674,101,9,1003091.4,8,Very High
SO-579688,95,11,954333.4,9,Very High
SO-579814,60,7,1043975.8,6,Very High
SO-579848,32,2,1264192.0,2,Very High
SO-579852,53,5,1146758.8,5,Very High
SO-579857,2,1,2714.0,1,Low
SO-579900,115,10,5391462.6,9,Very High
SO-579956,10,2,23482.0,2,High
SO-579980,63,6,1400700.0,6,Very High
SO-580037,64,6,1210583.2,6,Very High
SO-580136,91,9,6284380.2,9,Very High
SO-580149,38,4,1922351.0,4,Very High
SO-580174,9,1,961920.0,1,Very High
SO-580244,102,11,2597283.6,11,Very High
SO-580330,92,8,717212.8,7,Very High
SO-580348,56,5,4049647.0,5,Very High
SO-580384,107,12,2873534.4,10,Very High
SO-580426,14,1,392448.0,1,Very High
SO-580478,124,11,4381708.2,10,Very High
SO-580501,20,4,278713.0,4,Very High
SO-580537,39,3,2623360.0,3,Very High
SO-580595,29,2,24638.4,1,High
SO-580628,14,1,20650.0,1,High
SO-580664,12,1,20532.0,1,High
SO-580725,89,10,3844958.4,10,Very High
SO-580729,68,5,1559780.4,4,Very High
SO-580749,81,7,3616700.0,6,Very High
SO-580759,35,4,790736.0,4,Very High
SO-580805,6,1,86016.0,1,Very High
SO-580912,6,2,59008.0,2,Very High
SO-581041,7,1,21952.0,1,High
SO-581117,124,11,1373487.0,10,Very High
SO-581222,43,6,564941.8,6,Very High
SO-581307,105,10,2434986.2,10,Very High
SO-581314,138,12,2416355.6,11,Very High
SO-581365,36,4,1057024.0,4,Very High
SO-581419,18,1,1064448.0,1,Very High
SO-581430,115,11,1742274.6,10,Very High
SO-581448,87,9,3909688.0,8,Very High
SO-581450,12,1,8212.8,1,Medium
SO-581475,141,10,2978744.2,8,Very High
SO-581499,134,11,3276154.2,9,Very High
SO-581531,89,8,2186466.0,7,Very High
SO-581540,88,8,2238534.4,7,Very High
SO-581560,88,12,4359864.8,9,Very High
SO-581574,67,10,1742984.2,8,Very High
SO-581712,27,2,99297.0,2,Very High
SO-581735,75,5,4864572.8,5,Very High
SO-581913,15,1,764160.0,1,Very High
SO-582007,16,1,346112.0,1,Very High
SO-582157,64,8,1117487.6,7,Very High
SO-582212,49,4,1733300.4,4,Very High
SO-582238,14,2,23080.8,2,High
SO-582310,29,4,791262.0,4,Very High
SO-582325,81,7,4648019.2,7,Very High
SO-582326,92,9,641311.6,7,Very High
SO-582365,58,6,3328512.0,5,Very High
SO-582386,12,3,252510.0,3,Very High
SO-582388,126,12,1099616.6,11,Very High
SO-582441,29,2,834279.0,2,Very High
SO-582475,121,11,2142731.0,9,Very High
SO-582481,126,10,3919471.4,10,Very High
SO-582517,14,1,151424.0,1,Very High
SO-582525,88,9,2590179.8,8,Very High
SO-582583,52,7,2764750.0,6,Very High
SO-582595,44,5,292884.8,5,Very High
SO-582644,63,6,668453.0,6,Very High
SO-582657,73,5,2413682.8,5,Very High
SO-582689,82,11,3049088.6,10,Very High
SO-582702,58,3,590879.2,2,Very High
SO-582753,127,9,2157483.2,7,Very High
SO-582857,83,7,2276567.0,6,Very High
SO-582887,114,11,1971709.0,10,Very High
SO-582928,21,3,23588.2,3,High
SO-582931,96,9,3828059.0,8,Very High
SO-582937,111,11,1052544.0,11,Very High
SO-583086,31,2,2362368.0,2,Very High
SO-583093,181,12,3504439.8,12,Very High
SO-583187,26,2,12236.6,2,High
SO-583235,48,5,519065.4,5,Very High
SO-583322,23,2,618077.6,2,Very High
SO-583378,88,9,1736446.8,9,Very High
SO-583408,6,2,32568.0,2,High
SO-583466,141,12,4072171.6,10,Very High
SO-583469,98,11,1093176.4,10,Very High
SO-583481,31,2,202842.0,2,Very High
SO-583491,18,1,83898.0,1,Very High
SO-583533,57,4,2401621.0,4,Very High
SO-583565,27,5,623200.6,5,Very High
SO-583674,36,3,1706365.0,3,Very High
SO-583694,30,2,1132929.6,2,Very High
SO-583733,36,4,2572288.0,3,Very High
SO-583737,34,5,88213.8,4,Very High
SO-583837,68,6,2032537.2,6,Very High
SO-583909,10,1,46610.0,1,High
SO-583979,43,5,892844.0,5,Very High
SO-584017,69,10,1036322.4,7,Very High
SO-584052,17,1,367744.0,1,Very High
SO-584059,93,9,3627467.0,8,Very High
SO-584303,19,1,59584.0,1,Very High
SO-584316,51,5,459198.8,5,Very High
SO-584335,53,5,253121.8,3,Very High
SO-584367,84,9,4084843.4,7,Very High
SO-584439,143,11,3324150.4,9,Very High
SO-584453,44,3,183225.0,3,Very High
SO-584490,79,7,2398436.8,7,Very High
SO-584596,32,2,227386.0,2,Very High
SO-584649,58,6,376863.4,6,Very High
SO-584716,89,8,1514112.8,8,Very High
SO-584890,82,10,1555083.2,9,Very High
SO-584936,6,1,4106.4,1,Low
SO-584984,93,9,2251216.0,7,Very High
SO-585094,127,11,2114413.8,8,Very High
SO-585213,18,2,219076.0,2,Very High
SO-585281,110,11,2778065.4,9,Very High
SO-585302,74,11,675807.2,10,Very High
SO-585357,132,12,2599693.4,11,Very High
SO-585375,34,5,492504.0,3,Very High
SO-585381,97,9,2732820.4,8,Very High
SO-585430,93,10,195883.4,7,Very High
SO-585447,140,10,1075152.2,8,Very High
SO-585493,109,9,8867456.0,6,Very High
SO-585498,82,9,851184.0,9,Very High
SO-585509,41,3,565648.0,3,Very High
SO-585537,100,12,2565164.6,10,Very High
SO-585549,116,9,6406221.600000001,6,Very High
SO-585553,114,9,4187610.0,9,Very High
SO-585637,102,9,1888458.6,8,Very High
SO-585740,6,2,114432.0,1,Very High
SO-585815,62,7,1512345.6,7,Very High
SO-585833,71,9,624012.2,8,Very High
SO-585969,66,4,410769.8,4,Very High
SO-586037,89,9,2953577.0,5,Very High
SO-586040,13,2,1070640.8,2,Very High
SO-586111,101,8,3654377.0,6,Very High
SO-586150,18,2,1126016.0,2,Very High
SO-586190,104,10,3595562.6,9,Very High
SO-586226,119,12,5630190.0,9,Very High
SO-586316,89,7,3593499.0,7,Very High
SO-586357,17,3,332416.0,3,Very High
SO-586363,25,3,251573.0,3,Very High
SO-586395,39,4,379336.2,4,Very High
SO-586428,98,10,3080665.2,9,Very High
SO-586434,78,10,1661617.8,7,Very High
SO-586435,60,4,1011184.4,4,Very High
SO-586522,131,11,5935339.4,8,Very High
SO-586543,8,2,313856.0,2,Very High
SO-586648,64,8,1530637.0,8,Very High
SO-586663,41,4,446350.0,4,Very High
SO-586692,99,12,1637077.0,10,Very High
SO-586697,58,5,624282.0,5,Very High
SO-586724,36,3,340490.0,3,Very High
SO-586742,41,3,2312978.4,3,Very High
SO-586766,80,10,1999340.6,10,Very High
SO-586798,66,5,1097190.0,4,Very High
SO-586851,30,2,71224.8,2,Very High
SO-586867,105,9,1179020.4,8,Very High
SO-586873,124,11,4342661.0,9,Very High
SO-586938,89,7,4773807.0,7,Very High
SO-586989,124,10,2664982.2,9,Very High
SO-587064,50,3,3949505.0,3,Very High
SO-587082,97,8,1868755.6,7,Very High
SO-587087,119,9,4026689.0,6,Very High
SO-587126,114,9,7369705.6,8,Very High
SO-587163,102,8,1893840.0,8,Very High
SO-587175,58,7,1835082.6,7,Very High
SO-587189,146,11,4041090.0,10,Very High
SO-587259,52,4,3297152.0,4,Very High
SO-587329,86,10,2515939.6,9,Very High
SO-587349,75,10,2998638.0,10,Very High
SO-587491,131,12,4313857.6,12,Very High
SO-587562,41,4,121835.0,3,Very High
SO-587612,51,7,763840.0,7,Very High
SO-587630,59,7,1113616.4,7,Very High
SO-587638,70,7,1144118.0,7,Very High
SO-587675,40,6,1683934.4,6,Very High
SO-587799,114,9,2794264.2,9,Very High
SO-587819,49,4,2605141.0,4,Very High
SO-587836,96,12,2051365.4,12,Very High
SO-587867,73,7,819004.6,7,Very High
SO-587921,11,2,15115.8,2,High
SO-587922,5,1,54080.0,1,Very High
SO-587956,106,8,3404562.2,8,Very High
SO-587995,70,7,2298295.0,6,Very High
SO-588092,131,11,6007978.8,10,Very High
SO-588130,33,2,656259.0,2,Very High
SO-588131,125,12,2237734.2,11,Very High
SO-588142,118,11,2260722.0,9,Very High
SO-588155,56,5,549052.0,4,Very High
SO-588187,51,6,585322.6,6,Very High
SO-588220,117,9,4719366.6,9,Very High
SO-588259,91,9,3708577.0,8,Very High
SO-588288,123,12,2713676.2,12,Very High
SO-588354,64,5,2643764.0,5,Very High
SO-588406,84,9,4420062.0,8,Very High
SO-588435,48,4,2289149.0,4,Very High
SO-588441,106,11,3850432.0,8,Very High
SO-588499,129,9,2441822.6,9,Very High
SO-588530,97,12,479394.0,9,Very High
SO-588560,60,6,1336774.2,6,Very High
SO-588582,18,3,139208.2,3,Very High
SO-588651,20,1,93220.0,1,Very High
SO-588658,39,4,807826.4,3,Very High
SO-588664,71,8,1435736.2,8,Very High
SO-588677,94,9,2125848.2,9,Very High
SO-588696,35,4,943744.0,3,Very High
SO-588718,147,12,1678677.6,10,Very High
SO-588736,2,1,24072.0,1,High
SO-588758,81,7,863199.6,6,Very High
SO-588760,67,7,859819.0,7,Very High
SO-588812,49,6,1233407.0,6,Very High
SO-588824,137,12,1457905.8,10,Very High
SO-588904,126,11,5024659.0,8,Very High
SO-588934,84,10,1378625.2,9,Very High
SO-588940,39,2,483085.0,2,Very High
SO-588943,14,2,160923.0,2,Very High
SO-588965,49,7,1711689.0,6,Very High
SO-589085,63,6,879652.0,6,Very High
SO-589101,16,2,35919.2,2,High
SO-589141,39,4,295287.0,4,Very High
SO-589191,4,2,46686.0,2,High
SO-589200,37,4,271404.2,4,Very High
SO-589226,60,7,791592.6,7,Very High
SO-589247,43,5,1840259.2,5,Very High
SO-589285,34,4,688132.8,4,Very High
SO-589307,26,2,375296.0,2,Very High
SO-589336,65,7,711269.4,7,Very High
SO-589352,31,2,1511244.0,2,Very High
SO-589357,24,3,715008.0,2,Very High
SO-589560,87,10,3605876.0,8,Very High
SO-589646,12,2,71616.0,2,Very High
SO-589861,57,4,1255063.6,4,Very High
SO-589912,105,10,2088574.2,9,Very High
SO-589956,7,1,1066240.0,1,Very High
SO-589988,156,11,1566033.2,11,Very High
SO-589992,12,1,336384.0,1,Very High
SO-590002,73,8,1630129.0,8,Very High
SO-590049,28,3,1013867.0,3,Very High
SO-590057,14,1,43904.0,1,High
SO-590078,133,11,1665812.2,9,Very High
SO-590116,122,12,757452.6,11,Very High
SO-590174,25,3,852496.0,3,Very High
SO-590189,45,4,433220.0,4,Very High
SO-590204,36,4,65294.6,4,Very High
SO-590240,42,3,2500096.0,3,Very High
SO-590313,58,4,168863.8,3,Very High
SO-590381,46,4,183348.4,4,Very High
SO-590385,114,11,879765.4,9,Very High
SO-590391,82,8,2426732.0,7,Very High
SO-590400,88,8,2866480.0,6,Very High
SO-590460,84,10,1142292.0,9,Very High
SO-590510,64,5,1344610.6,5,Very High
SO-590650,134,12,2202145.2,12,Very High
SO-590663,58,4,883177.0,4,Very High
SO-590669,44,3,583999.0,3,Very High
SO-590711,88,10,2543354.0,8,Very High
SO-590713,72,6,2311887.6,5,Very High
SO-590795,52,6,3245265.4,4,Very High
SO-590824,34,5,1262389.0,5,Very High
SO-590847,32,3,903680.0,2,Very High
SO-590880,122,10,6501143.800000001,9,Very High
SO-590889,113,11,3750645.0,8,Very High
SO-590891,120,10,1986896.0,8,Very High
SO-590900,131,12,6867421.6,10,Very High
SO-590982,23,3,107210.4,3,Very High
SO-590998,75,8,3377296.0,7,Very High
SO-591049,7,2,213443.0,2,Very High
SO-591079,129,12,1269496.4,9,Very High
SO-591167,7,1,133504.0,1,Very High
SO-591216,119,11,5175598.2,11,Very High
SO-591230,44,3,803951.2,3,Very High
SO-591231,3,1,320640.0,1,Very High
SO-591239,67,7,479045.6,6,Very High
SO-591240,73,5,2078020.0,5,Very High
SO-591245,160,12,5408021.0,11,Very High
SO-591354,63,5,1402768.0,5,Very High
SO-591397,18,2,176714.0,2,Very High
SO-591404,80,9,524056.0,8,Very High
SO-591426,5,1,60180.0,1,Very High
SO-591433,69,8,1144067.6,8,Very High
SO-591445,90,12,3300787.8000000003,10,Very High
SO-591507,8,1,2926.4,1,Low
SO-591541,87,9,3116176.8,9,Very High
SO-591732,98,11,6458274.2,10,Very High
SO-591745,71,11,2892275.4,11,Very High
SO-591790,92,10,740338.0,7,Very High
SO-591798,138,12,5166005.2,11,Very High
SO-591911,52,5,984765.4,5,Very High
SO-591984,26,2,2331392.0,2,Very High
SO-592000,47,3,420291.0,2,Very High
SO-592016,12,1,16284.0,1,High
SO-592179,65,8,654130.6,6,Very High
SO-592222,73,9,474716.0,9,Very High
SO-592301,87,8,3283209.2,8,Very High
SO-592403,83,9,2437351.4,8,Very High
SO-592415,47,4,900058.8,4,Very High
SO-592465,147,12,5093307.0,11,Very High
SO-592499,33,2,198131.0,2,Very High
SO-592545,98,12,2808619.2,11,Very High
SO-592628,24,2,259584.0,1,Very High
SO-592643,91,10,1159995.8,7,Very High
SO-592649,67,9,549637.2,9,Very High
SO-592673,19,1,671232.0,1,Very High
SO-592774,49,6,950700.0,6,Very High
SO-592792,45,5,927654.0,3,Very High
SO-592805,133,12,2561581.6,10,Very High
SO-592810,54,5,1158543.0,5,Very High
SO-592851,24,3,559488.0,3,Very High
SO-592880,84,9,1884073.0,8,Very High
SO-592886,60,4,3934061.0,4,Very High
SO-592930,25,2,362560.0,2,Very High
SO-592934,132,12,6325401.399999999,11,Very High
SO-593018,55,4,569267.0,4,Very High
SO-593067,118,8,2420691.0,7,Very High
SO-593068,48,4,780464.2,4,Very High
SO-593211,34,4,838496.8,4,Very High
SO-593218,67,8,1151408.6,6,Very High
SO-593266,134,12,739633.0,10,Very High
SO-593272,70,8,884466.6000000001,7,Very High
SO-593333,124,12,3571415.8,8,Very High
SO-593348,69,9,1228350.8,8,Very High
SO-593435,92,11,2146088.0,8,Very High
SO-593468,24,2,670720.0,2,Very High
SO-593480,9,2,427264.0,2,Very High
SO-593599,45,5,625728.0,4,Very High
SO-593612,107,11,4536500.4,10,Very High
SO-593618,74,7,1201165.0,7,Very High
SO-593762,146,11,2678524.0,9,Very High
SO-593790,35,3,946547.0,3,Very High
SO-593802,81,8,1273535.2,6,Very High
SO-593810,85,7,2071471.0,6,Very High
SO-593848,12,1,158208.0,1,Very High
SO-593892,94,10,2539606.6,9,Very High
SO-593927,50,5,2438336.0,5,Very High
SO-594043,25,2,460864.0,2,Very High
SO-594076,82,7,1567172.8,6,Very High
SO-594164,56,6,1185325.4,6,Very High
SO-594187,144,9,4494013.4,8,Very High
SO-594229,79,6,937184.4,6,Very High
SO-594289,69,6,764681.2,4,Very High
SO-594356,105,11,2288913.4,10,Very High
SO-594404,65,5,1006302.0,5,Very High
SO-594420,67,6,1671863.0,5,Very High
SO-594462,75,9,2712828.2,7,Very High
SO-594465,40,5,1191680.0,5,Very High
SO-594470,65,9,2064685.2,9,Very High
SO-594474,73,10,1092748.8,9,Very High
SO-594557,37,5,1134529.0,4,Very High
SO-594627,130,11,5692881.6,9,Very High
SO-594652,92,11,3242077.6,10,Very High
SO-594739,22,2,32261.2,2,High
SO-594743,11,1,16225.0,1,High
SO-594848,86,7,2384273.2,6,Very High
SO-594861,25,6,634149.0,6,Very High
SO-594872,35,2,1160704.0,2,Very High
SO-594890,101,7,1123956.8,7,Very High
SO-594985,30,2,324494.4,2,Very High
SO-595003,74,7,1836368.0,6,Very High
SO-595023,20,1,1018880.0,1,Very High
SO-595067,27,3,879784.6,3,Very High
SO-595128,56,7,378370.0,5,Very High
SO-595156,84,9,1422490.6,9,Very High
SO-595170,20,1,1018880.0,1,Very High
SO-595243,21,4,480275.0,4,Very High
SO-595261,79,7,1630154.4,6,Very High
SO-595329,12,2,402944.0,2,Very High
SO-595331,114,11,3664328.0,9,Very High
SO-595343,37,5,1273626.0,5,Very High
SO-595365,109,12,1907491.8,11,Very High
SO-595440,91,6,634221.2,5,Very High
SO-595441,43,4,560281.6,4,Very High
SO-595543,65,7,1194549.4,5,Very High
SO-595551,52,3,497619.2,2,Very High
SO-595581,19,1,362368.0,1,Very High
SO-595592,73,8,1674943.0,6,Very High
SO-595667,48,4,168199.8,4,Very High
SO-595780,16,1,173056.0,1,Very High
SO-595919,55,9,1735109.0,8,Very High
SO-595941,47,7,2922236.6,7,Very High
SO-595943,150,12,6481463.0,10,Very High
SO-595964,54,5,837809.0,4,Very High
SO-595973,43,3,1086451.0,3,Very High
SO-596011,81,7,1601624.0,6,Very High
SO-596061,134,12,2138695.6,10,Very High
SO-596093,52,7,513662.0,7,Very High
SO-596178,139,12,2856189.0,12,Very High
SO-596193,4,1,203776.0,1,Very High
SO-596299,125,11,3588624.8,9,Very High
SO-596304,38,5,243178.6,5,Very High
SO-596309,84,8,4290689.8,6,Very High
SO-596311,119,10,2788365.4,9,Very High
SO-596403,3,1,2053.2,1,Low
SO-596423,89,8,2087421.4,7,Very High
SO-596442,30,6,1580358.0,6,Very High
SO-596481,115,12,2793824.6,9,Very High
SO-596547,79,11,438437.6,9,Very High
SO-596574,48,3,780864.0,3,Very High
SO-596615,51,6,1181027.0,6,Very High
SO-596648,108,10,3858889.0,7,Very High
SO-596791,106,8,4001524.0,6,Very High
SO-596797,48,5,1155164.0,5,Very High
SO-596839,4,1,609280.0,1,Very High
SO-596951,44,5,2187975.0,5,Very High
SO-596989,34,4,1843712.0,2,Very High
SO-596993,139,12,3355678.6,11,Very High
SO-596994,62,8,1027930.2,7,Very High
SO-597054,2,1,38144.0,1,High
SO-597069,15,2,20626.4,2,High
SO-597100,63,7,1613920.8,7,Very High
SO-597104,5,1,534400.0,1,Very High
SO-597114,80,11,1122627.2,10,Very High
SO-597115,21,2,911488.0,2,Very High
SO-597121,57,4,3600012.0,4,Very High
SO-597226,21,2,725193.0,2,Very High
SO-597242,34,3,2173184.0,3,Very High
SO-597249,11,1,344960.0,1,Very High
SO-597293,45,5,1638342.4,5,Very High
SO-597297,82,10,2200369.2,8,Very High
SO-597304,16,1,148208.0,1,Very High
SO-597319,104,9,3874020.8000000003,8,Very High
SO-597344,49,5,743312.0,5,Very High
SO-597357,44,5,324218.0,5,Very High
SO-597377,6,1,188160.0,1,Very High
SO-597445,102,8,1903435.0,8,Very High
SO-597465,64,5,721399.0,5,Very High
SO-597482,119,9,681865.0,7,Very High
SO-597487,5,2,40692.8,2,High
SO-597749,125,12,3622435.6,9,Very High
SO-597782,71,6,1039712.8,5,Very High
SO-597799,27,5,214606.0,5,Very High
SO-597838,28,3,497536.0,3,Very High
SO-597889,99,11,1453145.6,9,Very High
SO-597979,36,4,719176.8,4,Very High
SO-598002,108,11,1764883.4,9,Very High
SO-598017,15,1,12744.0,1,High
SO-598061,18,2,1646208.0,2,Very High
SO-598159,127,12,820946.0,11,Very High
SO-598170,34,4,487497.0,4,Very High
SO-598201,90,9,2651610.0,8,Very High
SO-598205,15,1,324480.0,1,Very High
SO-598256,46,5,2213955.2,5,Very High
SO-598295,102,12,1435662.5999999999,11,Very High
SO-598325,156,11,2533291.2,8,Very High
SO-598327,24,2,98506.6,2,Very High
SO-598355,120,11,3874304.4,9,Very High
SO-598361,30,3,487937.0,3,Very High
SO-598386,93,7,1562886.0,7,Very High
SO-598499,34,3,2233408.0,3,Very High
SO-598526,57,6,405408.6,6,Very High
SO-598567,41,5,2868476.0,5,Very High
SO-598687,107,10,1797285.4,10,Very High
SO-598712,105,10,1928354.6,7,Very High
SO-598744,68,10,620466.0,9,Very High
SO-598808,132,11,2770028.0,9,Very High
SO-598872,9,1,458496.0,1,Very High
SO-598890,100,10,2351110.6,9,Very High
SO-598913,50,6,3822499.2,6,Very High
SO-599057,36,3,678567.0,3,Very High
SO-599074,102,10,2107337.0,9,Very High
SO-599077,79,8,4341248.0,7,Very High
SO-599124,77,6,1931443.0,6,Very High
SO-599188,2,1,43264.0,1,High
SO-599248,12,2,115894.0,2,Very High
SO-599261,88,8,1479287.6,7,Very High
SO-599267,114,10,5234976.4,7,Very High
SO-599281,102,12,1487431.2,11,Very High
SO-599341,68,7,805309.0,6,Very High
SO-599403,35,5,528906.0,4,Very High
SO-599505,91,6,5214536.0,6,Very High
SO-599525,47,4,2884864.0,4,Very High
SO-599574,113,10,2146413.4,8,Very High
SO-599637,32,4,435724.0,3,Very High
SO-599647,109,11,2109721.0,10,Very High
SO-599687,10,2,472960.0,2,Very High
SO-599794,143,11,4717900.0,11,Very High
SO-599797,79,6,3218685.4000000004,4,Very High
SO-599867,112,12,2752186.0,9,Very High
SO-599873,3,1,43008.0,1,High
SO-599906,137,11,5010558.0,11,Very High
SO-599984,71,6,1441393.0,6,Very High
SO-599992,32,3,561908.0,3,Very High
SO-600000,58,6,715031.0,6,Very High
SO-600047,45,3,4165824.0,2,Very High
SO-600078,77,5,980651.0,5,Very High
SO-600083,88,8,3475767.2,8,Very High
SO-600095,3,1,13983.0,1,High
SO-600104,103,9,7434227.4,7,Very High
SO-600220,77,9,514564.4,8,Very High
SO-600252,86,8,848564.6,7,Very High
SO-600304,20,1,381440.0,1,Very High
SO-600354,135,11,3084703.6,7,Very High
SO-600377,3,1,9408.0,1,Medium
SO-600409,24,2,224287.2,2,Very High
SO-600460,67,6,1149053.8,6,Very High
SO-600461,5,1,60180.0,1,Very High
SO-600618,104,12,2096754.8,12,Very High
SO-600638,21,2,1046912.0,2,Very High
SO-600655,37,3,1279360.0,3,Very High
SO-600668,17,2,224128.0,1,Very High
SO-600687,56,5,1224289.2,5,Very High
SO-600700,45,5,1059906.0,5,Very High
SO-600707,44,5,316601.6,5,Very High
SO-600724,15,1,764160.0,1,Very High
SO-600756,65,6,1027168.8,6,Very High
SO-600820,48,5,1645599.2,5,Very High
SO-600896,14,1,11894.4,1,High
SO-600899,13,2,358413.0,2,Very High
SO-600906,123,12,3448021.2,9,Very High
SO-600988,91,10,1062399.8,8,Very High
SO-600995,55,5,340580.0,5,Very High
SO-601006,79,7,1627132.6,7,Very High
SO-601036,60,5,2024790.4,4,Very High
SO-601082,129,12,4239923.4,9,Very High
SO-601150,123,10,2682089.0,8,Very High
SO-601176,135,12,3587851.6,9,Very High
SO-601236,154,12,3957155.0,9,Very High
SO-601237,113,12,1817106.4,9,Very High
SO-601303,97,8,2030568.0,7,Very High
SO-601356,34,3,31411.6,3,High
SO-601452,12,1,336384.0,1,Very High
SO-601499,27,3,39010.8,3,High
SO-601504,79,6,965412.2,5,Very High
SO-601531,30,2,194818.0,2,Very High
SO-601545,18,2,42271.0,2,High
SO-601610,122,9,2684679.2,8,Very High
SO-601801,1,1,19072.0,1,High
SO-601817,100,8,1185609.0,7,Very High
SO-601869,59,8,1160150.4,7,Very High
SO-601922,59,5,620479.2,4,Very High
SO-601939,111,9,4509501.0,9,Very High
SO-602001,83,8,4078014.0,8,Very High
SO-602092,25,3,161156.4,3,Very High
SO-602107,1,1,1711.0,1,Low
SO-602113,115,8,3083486.4,8,Very High
SO-602125,124,11,1476631.6,11,Very High
SO-602172,25,5,180869.0,4,Very High
SO-602195,29,3,602590.0,2,Very High
SO-602284,98,7,938793.0,7,Very High
SO-602302,33,4,381276.0,4,Very High
SO-602327,97,9,3141603.6,8,Very High
SO-602376,57,5,4084860.0,5,Very High
SO-602445,128,10,4184053.4,9,Very High
SO-602449,7,1,1066240.0,1,Very High
SO-602465,90,9,4335222.0,9,Very High
SO-602546,39,3,346173.0,3,Very High
SO-602597,94,9,1546131.0,8,Very High
SO-602634,38,3,290404.8,3,Very High
SO-602637,93,9,4443494.2,7,Very High
SO-602675,20,1,34220.0,1,High
SO-602717,51,6,670471.0,6,Very High
SO-602723,59,8,3429316.4000000004,7,Very High
SO-602798,78,8,1442427.6,8,Very High
SO-602846,30,4,441792.0,3,Very High
SO-602883,7,2,61415.0,2,Very High
SO-602888,76,5,3315372.0,5,Very High
SO-602963,82,7,989490.2,6,Very High
SO-602996,36,2,900352.0,2,Very High
SO-603127,99,10,2165238.0,10,Very High
SO-603128,49,3,1913264.0,3,Very High
SO-603184,107,11,892653.8,8,Very High
SO-603331,19,2,761728.0,2,Very High
SO-603349,85,8,1092375.2,8,Very High
SO-603474,41,3,2170004.8,3,Very High
SO-603564,31,2,312476.8,2,Very High
SO-603642,131,11,3856309.2,10,Very High
SO-603683,3,1,1699.2,1,Low
SO-603698,18,3,96300.8,3,Very High
SO-603726,20,2,315510.4,2,Very High
SO-603777,112,9,1479178.8,7,Very High
SO-603779,67,5,2523052.0,5,Very High
SO-603794,12,2,6867.6,2,Medium
SO-603829,106,9,4029449.0,9,Very High
SO-603840,67,10,1996495.2,9,Very High
SO-603875,97,11,1139095.6,10,Very High
SO-603891,117,10,2260695.2,10,Very High
SO-603901,112,10,1364872.8,10,Very High
SO-603920,20,1,53100.0,1,Very High
SO-603960,66,8,823675.8,8,Very High
SO-603966,33,3,682560.0,3,Very High
SO-604043,57,6,3117947.6,5,Very High
SO-604055,93,8,715139.0,7,Very High
SO-604084,4,1,427520.0,1,Very High
SO-604121,135,12,2263044.6,10,Very High
SO-604184,135,10,3318954.8,9,Very High
SO-604223,150,12,4679735.6,10,Very High
SO-604275,128,10,3178741.2,9,Very High
SO-604295,92,9,2905212.8,8,Very High
SO-604333,104,8,1478135.4,8,Very High
SO-604335,31,4,1262593.0,4,Very High
SO-604373,26,3,1427552.0,3,Very High
SO-604464,120,10,2379533.2,9,Very High
SO-604480,82,7,1386207.0,6,Very High
SO-604507,154,12,4170847.0,11,Very High
SO-604556,100,8,1552300.0,6,Very High
SO-604649,111,9,1788285.8,8,Very High
SO-604661,103,9,5014378.0,8,Very High
SO-604685,67,6,1908378.0,5,Very High
SO-604732,101,7,986731.6,7,Very High
SO-604777,117,11,3430976.2,11,Very High
SO-604840,114,12,4192869.0,9,Very High
SO-604852,61,6,1022225.6,6,Very High
SO-604863,76,9,1644779.2,7,Very High
SO-604877,48,7,513477.8,7,Very High
SO-604890,24,2,576768.0,2,Very High
SO-604903,132,12,1609022.2,11,Very High
SO-604932,179,12,3995171.6,12,Very High
SO-604950,50,7,442943.0,6,Very High
SO-604960,8,2,414518.4,2,Very High
SO-605056,92,8,1953894.0,8,Very High
SO-605067,98,7,3867099.0,7,Very High
SO-605111,84,8,1002283.3999999999,7,Very High
SO-605144,89,11,3242185.0,10,Very High
SO-605244,123,9,2399679.2,8,Very High
SO-605283,63,6,2268729.0,6,Very High
SO-605302,57,6,1597851.0,6,Very High
SO-605324,80,8,1619314.8,7,Very High
SO-605420,52,6,742085.0,6,Very High
SO-605421,125,9,2819026.4,8,Very High
SO-605448,38,2,209686.0,2,Very High
SO-605462,117,12,1311278.0,11,Very High
SO-605508,90,9,1061743.4,9,Very High
SO-605610,43,4,263875.0,4,Very High
SO-605645,19,1,50445.0,1,Very High
SO-605655,97,7,2794862.0,6,Very High
SO-605697,80,7,2333764.8,7,Very High
SO-605828,104,8,1022327.0,6,Very High
SO-605851,36,4,316747.2,4,Very High
SO-605866,17,1,243712.0,1,Very High
SO-605896,41,3,2035520.0,3,Very High
SO-605962,58,5,2369977.6,5,Very High
SO-605975,117,12,2720485.6,9,Very High
SO-605982,111,11,2615637.4,8,Very High
SO-606097,53,7,2954464.0,6,Very High
SO-606115,71,8,2330112.0,6,Very High
SO-606159,59,4,2672358.4,4,Very High
SO-606229,149,12,3786851.4,11,Very High
SO-606281,105,9,1176599.4,9,Very High
SO-606295,83,8,1204888.4,7,Very High
SO-606344,83,8,3995207.6,7,Very High
SO-606379,63,7,299376.2,5,Very High
SO-606420,138,11,5864712.8,10,Very High
SO-606495,58,6,3467401.0,6,Very High
SO-606537,6,1,10266.0,1,High
SO-606776,54,5,3417514.4,5,Very High
SO-606777,107,11,2024985.6,10,Very High
SO-606784,112,11,6861520.4,9,Very High
SO-606827,103,11,2800074.0,10,Very High
SO-606855,108,11,2277852.6,8,Very High
SO-606893,79,8,1470579.0,7,Very High
SO-606895,52,5,899995.6,5,Very High
SO-606936,26,2,75449.2,2,Very High
SO-607123,12,1,1282560.0,1,Very High
SO-607134,90,7,3450650.4,6,Very High
SO-607227,56,6,1795877.0,6,Very High
SO-607272,31,3,1168932.0,3,Very High
SO-607300,18,2,642048.0,2,Very High
SO-607324,116,11,2555662.0,10,Very High
SO-607437,52,8,1000462.8,8,Very High
SO-607544,16,2,1710080.0,1,Very High
SO-607599,42,3,1867584.0,3,Very High
SO-607632,63,10,1770519.2,9,Very High
SO-607640,89,8,1530533.4,6,Very High
SO-607645,63,8,1973722.0,7,Very High
SO-607648,125,9,1875794.4,8,Very High
SO-607730,109,10,2508909.4,10,Very High
SO-607764,74,7,4751179.6,6,Very High
SO-607770,126,11,3568483.6,11,Very High
SO-607855,53,4,907206.2000000001,4,Very High
SO-607880,57,5,1573023.0,5,Very High
SO-607893,120,11,4413709.6,11,Very High
SO-607958,100,10,2120467.4,8,Very High
SO-608111,47,6,412765.8,5,Very High
SO-608114,117,11,1760044.0,7,Very High
SO-608135,49,6,1226642.2,6,Very High
SO-608203,89,10,2346803.0,9,Very High
SO-608229,103,11,4210252.6,9,Very High
SO-608240,88,7,1740958.0,6,Very High
SO-608247,118,11,3329492.0,9,Very High
SO-608255,57,8,1618161.4,6,Very High
SO-608305,42,3,3912320.0,3,Very High
SO-608318,61,6,551750.6,5,Very High
SO-608381,78,6,674278.8,5,Very High
SO-608405,17,3,794884.0,3,Very High
SO-608487,12,2,538368.0,2,Very High
SO-608489,12,2,318208.0,2,Very High
SO-608579,103,7,2943251.6,6,Very High
SO-608589,109,11,4072917.8,11,Very High
SO-608604,11,2,114880.0,2,Very High
SO-608678,41,3,2451328.0,3,Very High
SO-608695,62,9,2345786.6,9,Very High
SO-608800,61,6,1699482.8,4,Very High
SO-608845,19,2,39634.0,2,High
SO-608881,13,2,55333.6,2,Very High
SO-608958,4,1,86528.0,1,Very High
SO-608990,28,2,196634.0,2,Very High
SO-609126,6,1,168192.0,1,Very High
SO-609130,52,5,633314.6,5,Very High
SO-609143,22,3,1691981.0,3,Very High
SO-609168,3,1,1840.8,1,Low
SO-609183,42,5,1005824.0,5,Very High
SO-609196,59,6,1696851.0,6,Very High
SO-609273,19,1,32509.0,1,High
SO-609293,107,10,8586100.0,8,Very High
SO-609343,78,6,2220341.2,5,Very High
SO-609355,68,6,3008510.0,5,Very High
SO-609387,32,3,1239744.0,3,Very High
SO-609408,5,1,254720.0,1,Very High
SO-609463,137,12,1094151.8,9,Very High
SO-609471,148,12,4225658.8,11,Very High
SO-609553,18,2,589291.0,2,Very High
SO-609570,30,3,241089.2,3,Very High
SO-609628,24,3,152580.0,2,Very High
SO-609669,12,2,66057.0,2,Very High
SO-609722,9,2,124544.0,2,Very High
SO-609744,37,2,80299.0,2,Very High
SO-609778,122,11,4352899.6,9,Very High
SO-609798,35,5,1426854.6,5,Very High
SO-609852,6,1,15930.0,1,High
SO-609881,123,11,1732645.0,9,Very High
SO-609887,37,4,2013459.6,4,Very High
SO-609899,43,5,799049.0,5,Very High
SO-609943,148,12,2195116.2,12,Very High
SO-609968,130,12,4952487.0,10,Very High
SO-609974,13,1,8897.2,1,Medium
SO-610035,95,9,2707888.4,8,Very High
SO-610104,61,4,3843836.6,3,Very High
SO-610174,86,10,2219420.6,9,Very High
SO-610220,49,5,451309.0,4,Very High
SO-610333,44,5,1932809.0,5,Very High
SO-610373,13,1,1389440.0,1,Very High
SO-610471,2,1,101888.0,1,Very High
SO-610519,67,6,1664117.4,5,Very High
SO-610532,52,4,2067321.0,4,Very High
SO-610571,132,11,2825784.6,10,Very High
SO-610600,73,6,242915.0,6,Very High
SO-610613,81,10,979380.4,8,Very High
SO-610702,67,6,2336865.6,6,Very High
SO-610726,109,11,1909981.0,9,Very High
SO-610736,53,4,1161737.6,3,Very High
SO-610789,32,4,987782.0,4,Very High
SO-610793,94,6,2486356.0,6,Very High
SO-610810,26,2,199361.0,2,Very High
SO-610825,82,5,132407.8,4,Very High
SO-610943,28,3,215296.0,2,Very High
SO-611245,40,3,489295.0,3,Very High
SO-611262,90,10,1703936.2,10,Very High
SO-611269,126,12,2513626.2,11,Very High
SO-611300,33,3,1078036.8,3,Very High
SO-611380,62,9,436129.4,8,Very High
SO-611444,76,8,1138347.0,6,Very High
SO-611448,94,7,2387950.0,6,Very High
SO-611501,70,12,857151.0,9,Very High
SO-611537,85,7,6565388.0,5,Very High
SO-611637,88,8,4917113.8,8,Very High
SO-611732,48,4,620417.8,4,Very High
SO-611833,95,10,2295776.8,9,Very High
SO-611865,136,12,2033726.2,12,Very High
SO-611991,51,5,1160117.0,3,Very High
SO-612122,101,8,2915308.0,7,Very High
SO-612165,15,1,420480.0,1,Very High
SO-612256,38,3,347751.0,3,Very High
SO-612281,78,7,1885536.4,7,Very High
SO-612292,59,5,681862.0,5,Very High
SO-612306,104,11,3023543.6,8,Very High
SO-612330,113,9,916510.6,8,Very High
SO-612333,64,6,235126.6,5,Very High
SO-612340,52,4,717004.0,4,Very High
SO-612400,71,6,3311459.6,5,Very High
SO-612424,116,10,1595733.2,8,Very High
SO-612459,8,1,96288.0,1,Very High
SO-612567,148,12,2199628.4,10,Very High
SO-612590,130,12,3777195.4,9,Very High
SO-612594,109,10,3233113.0,8,Very High
SO-612600,18,3,193619.0,3,Very High
SO-612618,25,3,1348352.0,3,Very High
SO-612769,83,9,754493.2,8,Very High
SO-612771,24,2,309692.0,2,Very High
SO-612814,142,11,5301528.6,10,Very High
SO-612896,111,12,1756603.2,10,Very High
SO-612904,24,3,333238.4,2,Very High
SO-612907,126,11,3361716.0,11,Very High
SO-612957,24,4,180221.0,4,Very High
SO-612972,108,8,3530090.6,7,Very High
SO-613007,59,9,399740.2,9,Very High
SO-613015,62,6,2105418.2,5,Very High
SO-613081,23,3,1422592.0,3,Very High
SO-613087,18,1,216648.0,1,Very High
SO-613112,7,1,11977.0,1,High
SO-613145,152,12,2855173.4,7,Very High
SO-613149,102,11,1603351.0,10,Very High
SO-613183,131,12,2634261.4,12,Very High
SO-613215,71,7,1441320.0,6,Very High
SO-613237,106,10,2680079.4,9,Very High
SO-613260,153,10,4751532.0,9,Very High
SO-613301,1,1,9263.0,1,Medium
SO-613325,55,6,1853907.6,6,Very High
SO-613383,103,10,1026050.0,8,Very High
SO-613422,42,4,274058.8,4,Very High
SO-613456,90,7,852403.6,7,Very High
SO-613532,19,1,1123584.0,1,Very High
SO-613559,2,1,43264.0,1,High
SO-613574,60,6,978806.6,5,Very High
SO-613581,97,7,4491630.0,7,Very High
SO-613587,125,12,3921339.8,8,Very High
SO-613606,122,11,4044780.4,10,Very High
SO-613632,17,1,29087.0,1,High
SO-613688,53,6,3204905.0,5,Very High
SO-613710,26,4,1127962.0,4,Very High
SO-613733,115,10,2519843.8,10,Very High
SO-613776,30,3,567522.6,3,Very High
SO-613778,116,12,1634396.6,9,Very High
SO-613794,88,7,873567.4,6,Very High
SO-613850,51,6,2251316.2,5,Very High
SO-613982,50,4,826021.0,4,Very High
SO-614095,54,6,1088392.0,6,Very High
SO-614174,47,4,2221953.0,4,Very High
SO-614224,128,11,1859567.0,10,Very High
SO-614236,73,6,1268456.0,5,Very High
SO-614311,76,6,929984.0,5,Very High
SO-614357,84,7,900532.4,7,Very High
SO-614420,23,2,618077.6,2,Very High
SO-614477,86,8,961635.0,6,Very High
SO-614587,57,5,384065.0,5,Very High
SO-614601,24,4,1463394.0,4,Very High
SO-614612,71,6,981819.2,5,Very High
SO-614653,143,12,3083657.8,9,Very High
SO-614841,68,5,1287195.0,4,Very High
SO-614869,29,5,522886.0,5,Very High
SO-614892,81,7,1861860.2,6,Very High
SO-614928,86,9,1469540.4,8,Very High
SO-614979,59,7,668383.4,6,Very High
SO-615043,12,1,423936.0,1,Very High
SO-615047,50,7,653067.0,5,Very High
SO-615077,31,4,91473.6,4,Very High
SO-615166,40,5,477799.0,5,Very High
SO-615175,83,6,2082708.0,6,Very High
SO-615186,97,9,6361508.0,7,Very High
SO-615207,117,11,3461492.8,8,Very High
SO-615290,14,1,232064.0,1,Very High
SO-615437,119,12,4575458.4,10,Very High
SO-615466,6,2,94814.0,2,Very High
SO-615491,32,5,191926.4,4,Very High
SO-615592,25,2,18172.0,2,High
SO-615614,131,10,2696703.2,9,Very High
SO-615663,147,11,5663883.0,10,Very High
SO-615693,16,1,229376.0,1,Very High
SO-615697,120,10,6088870.8,8,Very High
SO-615746,104,7,5168905.0,6,Very High
SO-615756,28,2,420161.0,2,Very High
SO-615796,55,4,553986.0,4,Very High
SO-615811,116,12,4188137.6,8,Very High
SO-615831,89,7,1950040.0,6,Very High
SO-615872,58,5,1622090.0,5,Very High
SO-615943,57,6,1494144.0,6,Very High
SO-615990,23,2,107203.0,1,Very High
SO-616011,162,12,5973471.4,10,Very High
SO-616054,67,7,1113750.6,7,Very High
SO-616103,90,9,1134027.0,9,Very High
SO-616186,22,2,269934.4,2,Very High
SO-616255,72,9,1885407.6,8,Very High
SO-616327,113,10,1015487.0,8,Very High
SO-616357,159,12,6105278.2,10,Very High
SO-616430,127,10,1420701.6,9,Very High
SO-616461,1,1,44672.0,1,High
SO-616471,7,1,18585.0,1,High
SO-616489,98,9,2496695.2,7,Very High
SO-616496,90,8,1203616.0,8,Very High
SO-616502,51,3,1350506.0,3,Very High
SO-616530,96,11,2929471.6,10,Very High
SO-616634,42,4,165518.6,3,Very High
SO-616650,131,12,1227249.0,12,Very High
SO-616679,112,9,6562757.0,8,Very High
SO-616715,134,10,2991310.4,8,Very High
SO-616910,17,1,367744.0,1,Very High
SO-616923,72,8,827864.6,7,Very High
SO-616924,28,4,89581.6,4,Very High
SO-616949,72,9,1369969.0,8,Very High
SO-616950,63,6,1967469.0,6,Very High
SO-616952,87,10,1537261.6,8,Very High
SO-617013,138,11,4372061.8,9,Very High
SO-617121,117,10,1975649.2,10,Very High
SO-617137,84,8,1127398.0,7,Very High
SO-617138,15,1,670080.0,1,Very High
SO-617219,32,3,349611.6,3,Very High
SO-617257,108,11,3287685.6,9,Very High
SO-617341,156,10,1200189.2,9,Very High
SO-617346,8,1,357376.0,1,Very High
SO-617370,20,2,1712534.4,2,Very High
SO-617390,47,5,1182516.0,4,Very High
SO-617442,106,11,1220589.0,7,Very High
SO-617518,133,11,761116.2,8,Very High
SO-617580,5,1,3422.0,1,Low
SO-617615,76,7,1121871.6,5,Very High
SO-617656,50,6,162775.2,5,Very High
SO-617693,97,9,4069941.6,9,Very High
SO-617740,80,8,2052486.0,7,Very High
SO-617778,94,11,1097033.0,10,Very High
SO-617800,25,2,378560.0,2,Very High
SO-617862,82,7,2429160.4,6,Very High
SO-617954,81,8,1504942.2,6,Very High
SO-617956,20,1,62720.0,1,Very High
SO-618059,20,1,2137600.0,1,Very High
SO-618078,60,5,2108608.0,5,Very High
SO-618089,5,1,7375.0,1,Medium
SO-618151,63,7,599159.2,7,Very High
SO-618178,165,12,3184629.0,7,Very High
SO-618188,80,6,1116216.0,6,Very High
SO-618308,30,2,1268608.0,2,Very High
SO-618366,2,1,26368.0,1,High
SO-618379,96,10,1882184.8,8,Very High
SO-618417,38,3,370048.0,3,Very High
SO-618549,72,4,868477.0,4,Very High
SO-618603,42,5,949985.4,4,Very High
SO-618616,19,1,967936.0,1,Very High
SO-618629,27,4,24532.2,3,High
SO-618670,7,1,219520.0,1,Very High
SO-618692,74,7,2748388.0,7,Very High
SO-618723,143,11,7651178.6,7,Very High
SO-618732,137,12,6695301.0,10,Very High
SO-618807,75,8,1894952.0,7,Very High
SO-618857,27,3,1189109.4,3,Very High
SO-618893,43,5,1379372.0,5,Very High
SO-618984,54,6,1098972.2,5,Very High
SO-619010,7,1,312704.0,1,Very High
SO-619114,26,4,931608.6,4,Very High
SO-619165,72,7,1054381.0,7,Very High
SO-619266,3,1,177408.0,1,Very High
SO-619305,115,11,1548612.8,10,Very High
SO-619307,105,11,5709083.2,9,Very High
SO-619356,124,12,3573720.8,12,Very High
SO-619384,41,5,206344.0,5,Very High
SO-619419,143,11,3730314.6,7,Very High
SO-619442,80,8,2122389.0,8,Very High
SO-619475,71,7,1986182.4,7,Very High
SO-619496,127,12,5051313.0,11,Very High
SO-619498,85,8,2758278.6,7,Very High
SO-619524,148,12,4758769.6,10,Very High
SO-619526,100,11,2019031.2,11,Very High
SO-619599,87,9,1212341.6,9,Very High
SO-619616,89,9,1470987.8,8,Very High
SO-619642,131,11,1074547.0,9,Very High
SO-619673,128,11,1137486.8,8,Very High
SO-619678,114,12,5306149.6,11,Very High
SO-619732,16,4,55734.0,4,Very High
SO-619777,64,5,1336765.4,5,Very High
SO-619796,20,3,477317.0,2,Very High
SO-619830,65,7,886643.8,5,Very High
SO-619872,63,6,1825011.0,6,Very High
SO-619922,63,6,1172382.0,5,Very High
SO-619947,115,10,2806995.0,8,Very High
SO-619948,3,1,1699.2,1,Low
SO-619957,42,3,1018935.8,3,Very High
SO-619974,25,2,329600.0,1,Very High
SO-620031,147,11,3713676.0,8,Very High
SO-620282,95,7,3265987.2,6,Very High
SO-620325,83,7,1100764.0,5,Very High
SO-620332,27,3,160199.2,3,Very High
SO-620352,57,6,1716864.0,6,Very High
SO-620386,73,10,1324776.0,8,Very High
SO-620399,126,10,1073559.0,9,Very High
SO-620437,39,3,825271.8,3,Very High
SO-620460,62,6,1635527.0,5,Very High
SO-620500,90,10,1635375.4,9,Very High
SO-620534,94,9,2176523.6,9,Very High
SO-620542,1,1,35328.0,1,High
SO-620680,33,3,702128.0,3,Very High
SO-620686,123,12,2226200.6,9,Very High
SO-620703,45,6,4601942.4,5,Very High
SO-620765,55,5,327683.0,4,Very High
SO-620816,68,10,1224920.6,10,Very High
SO-620831,68,5,1205564.0,5,Very High
SO-620842,57,7,394198.6,6,Very High
SO-620869,48,4,716408.0,4,Very High
SO-620908,50,6,971656.4,6,Very High
SO-620936,68,5,2133221.0,5,Very High
SO-620955,76,6,3397888.0,5,Very High
SO-620965,20,2,107165.0,2,Very High
SO-620993,73,10,3633712.6,9,Very High
SO-621040,44,5,2513000.2,4,Very High
SO-621048,115,12,1907885.2,11,Very High
SO-621053,87,9,1172858.2,8,Very High
SO-621064,104,8,2355906.8,8,Very High
SO-621079,46,6,773076.2,6,Very High
SO-621092,84,10,896465.6000000001,7,Very High
SO-621107,53,6,2538714.0,5,Very High
SO-621192,74,6,1216579.2,5,Very High
SO-621333,38,4,1011733.0,4,Very High
SO-621344,16,1,74576.0,1,Very High
SO-621364,124,12,1703958.8,11,Very High
SO-621372,14,2,138731.0,2,Very High
SO-621408,59,8,2134017.0,8,Very High
SO-621482,139,12,4335894.0,11,Very High
SO-621540,114,9,1634733.8,8,Very High
SO-621541,45,5,946868.0,5,Very High
SO-621616,16,2,2138752.0,2,Very High
SO-621630,75,5,4457882.0,5,Very High
SO-621654,67,8,1205889.0,6,Very High
SO-621689,12,2,10584.6,2,High
SO-621709,73,7,726554.0,6,Very High
SO-621763,81,8,1816055.8,8,Very High
SO-621768,120,12,2274610.6,12,Very High
SO-621848,68,7,3375360.0,6,Very High
SO-621853,55,5,1265667.0,5,Very High
SO-621893,86,7,704792.8,5,Very High
SO-621902,85,8,2915291.0,6,Very High
SO-622070,29,2,75520.0,2,Very High
SO-622111,73,8,3323941.2,6,Very High
SO-622122,84,9,1582304.0,7,Very High
SO-622131,74,8,1318504.0,8,Very High
SO-622177,124,11,6037015.0,9,Very High
SO-622211,69,5,513434.2,5,Very High
SO-622285,82,7,783866.4,7,Very High
SO-622307,47,4,470127.0,4,Very High
SO-622336,73,9,2044968.0,7,Very High
SO-622341,64,6,1543320.8,6,Very High
SO-622343,112,11,7187450.0,8,Very High
SO-622383,121,11,4228850.0,8,Very High
SO-622385,51,4,1175680.0,4,Very High
SO-622411,92,10,1853693.0,9,Very High
SO-622421,105,12,368673.8,9,Very High
SO-622426,124,11,1754510.0,9,Very High
SO-622501,85,9,1658500.2,8,Very High
SO-622528,121,12,2177607.2,11,Very High
SO-622591,126,12,3977780.4,11,Very High
SO-622744,130,10,4428240.2,8,Very High
SO-622751,20,2,433664.0,2,Very High
SO-622755,116,10,1897499.4,10,Very High
SO-622769,36,3,661306.0,3,Very High
SO-622771,48,4,916466.0,4,Very High
SO-622834,36,4,1343762.0,3,Very High
SO-622866,72,7,524633.8,7,Very High
SO-622970,8,1,4531.2,1,Low
SO-622988,92,9,3517731.2,7,Very High
SO-623050,103,10,1514663.2,10,Very High
SO-623104,69,7,1037896.4,7,Very High
SO-623142,118,11,2390980.0,11,Very High
SO-623169,44,4,801588.8,4,Very High
SO-623195,32,2,718976.0,2,Very High
SO-623200,74,5,822077.4,5,Very High
SO-623216,120,11,3902727.8,9,Very High
SO-623240,48,5,375952.0,4,Very High
SO-623320,10,1,591360.0,1,Very High
SO-623324,87,9,1253009.4,7,Very High
SO-623328,73,5,774330.2,5,Very High
SO-623340,84,10,1710384.0,7,Very High
SO-623363,67,11,2325111.0,10,Very High
SO-623367,88,8,1859153.0,8,Very High
SO-623395,26,2,952448.0,2,Very High
SO-623426,63,7,732181.6,6,Very High
SO-623435,37,5,266809.8,4,Very High
SO-623470,44,5,390372.0,5,Very High
SO-623496,112,11,3148471.0,9,Very High
SO-623545,86,8,2312974.8,8,Very High
SO-623579,39,4,490512.0,3,Very High
SO-623581,65,6,1833279.0,6,Very High
SO-623591,118,11,3137521.2,9,Very High
SO-623644,63,5,1105769.0,5,Very High
SO-623647,78,7,3823899.8,6,Very High
SO-623692,104,11,2068416.5999999999,10,Very High
SO-623752,66,8,1166570.0,7,Very High
SO-623797,59,7,2626944.0,6,Very High
SO-623813,141,11,1685045.4,9,Very High
SO-623823,48,4,85756.8,2,Very High
SO-623828,137,12,3396219.0,12,Very High
SO-623869,40,5,968811.0,5,Very High
SO-623878,31,3,236804.2,3,Very High
SO-623975,21,2,1069824.0,1,Very High
SO-624026,12,1,6796.8,1,Medium
SO-624096,64,9,1055250.8,8,Very High
SO-624121,118,11,4141095.4,10,Very High
SO-624163,67,6,1178987.4,6,Very High
SO-624194,77,8,470663.8,7,Very High
SO-624208,15,1,286080.0,1,Very High
SO-624245,70,7,1004161.4,7,Very High
SO-624249,99,9,1961144.8,8,Very High
SO-624260,17,2,202697.0,2,Very High
SO-624261,38,2,2374912.0,2,Very High
SO-624288,113,10,5861824.0,6,Very High
SO-624289,68,11,2356079.6,11,Very High
SO-624295,81,8,2330008.0,8,Very High
SO-624303,75,8,2245374.0,8,Very High
SO-624320,117,10,1925223.0,9,Very High
SO-624333,96,7,2459255.4,6,Very High
SO-624404,75,5,2315548.0,5,Very High
SO-624447,117,11,7081630.0,8,Very High
SO-624476,80,9,3095242.2,9,Very High
SO-624499,86,7,1242503.4,7,Very High
SO-624580,91,9,1411833.0,8,Very High
SO-624608,88,11,2190177.0,10,Very High
SO-624611,165,11,9970301.0,10,Very High
SO-624730,89,12,905589.0,11,Very High
SO-624740,81,8,3200714.0,8,Very High
SO-624751,63,4,3868173.0,4,Very High
SO-624764,140,11,2844928.6,10,Very High
SO-624769,74,7,594322.0,7,Very High
SO-624775,72,8,1344434.6,8,Very High
SO-624778,94,11,997811.0,9,Very High
SO-624812,46,6,757461.2,6,Very High
SO-624846,4,2,121222.0,2,Very High
SO-624865,87,11,568736.0,11,Very High
SO-624902,127,9,4941465.8,9,Very High
SO-624912,48,4,398139.8,4,Very High
SO-624944,96,9,1850609.0,8,Very High
SO-625188,97,9,1095091.4,8,Very High
SO-625241,97,11,2052787.4,10,Very High
SO-625312,16,1,173056.0,1,Very High
SO-625329,31,3,366784.0,3,Very High
SO-625352,72,9,309067.0,8,Very High
SO-625497,41,4,3151104.0,3,Very High
SO-625500,2,1,101888.0,1,Very High
SO-625536,140,12,2239932.8,9,Very High
SO-625608,76,7,1469769.0,6,Very High
SO-625668,78,9,1964931.0,7,Very High
SO-625669,111,10,6126165.8,8,Very High
SO-625738,54,5,1653581.8,5,Very High
SO-625751,105,10,3138839.2,8,Very High
SO-625770,71,5,102813.4,5,Very High
SO-625785,88,7,887970.2,7,Very High
SO-625915,88,10,1376360.0,10,Very High
SO-625936,17,1,204612.0,1,Very High
SO-625952,91,6,1286416.6,6,Very High
SO-625982,9,1,97344.0,1,Very High
SO-626094,119,12,4201536.2,9,Very High
SO-626259,88,7,1050532.0,6,Very High
SO-626362,42,4,278282.4,3,Very High
SO-626366,19,2,2744415.0,2,Very High
SO-626408,114,10,1265223.8,8,Very High
SO-626623,57,5,1782395.8,4,Very High
SO-626652,33,2,951552.0,2,Very High
SO-626720,81,8,755046.0,6,Very High
SO-626731,86,6,5279340.2,6,Very High
SO-626852,69,6,1306526.0,4,Very High
SO-626913,133,10,1041809.6,7,Very High
SO-626944,84,9,1801782.2,9,Very High
SO-626986,49,4,731139.0,4,Very High
SO-627015,33,3,1753670.4,3,Very High
SO-627019,26,3,1095472.8,3,Very High
SO-627223,106,11,1906278.4,9,Very High
SO-627273,46,5,2759446.4,4,Very High
SO-627443,85,6,978726.0,6,Very High
SO-627562,94,10,3379019.2,9,Very High
SO-627585,22,4,327948.0,4,Very High
SO-627658,83,6,1565458.8,6,Very High
SO-627758,9,2,108732.0,2,Very High
SO-627833,29,3,275940.0,2,Very High
SO-627843,104,12,4931099.2,11,Very High
SO-627853,112,12,3353731.0,11,Very High
SO-627859,36,3,1023357.0,3,Very High
SO-627884,80,8,3287738.0,7,Very High
SO-627947,116,11,2478734.0,9,Very High
SO-627960,65,7,1183442.0,7,Very High
SO-627999,77,8,3622265.0,8,Very High
SO-628024,106,10,2125185.8,9,Very High
SO-628039,46,4,1235821.0,4,Very High
SO-628083,30,3,112880.0,3,Very High
SO-628085,115,12,594830.6,7,Very High
SO-628115,38,3,706864.0,2,Very High
SO-628171,132,11,2917424.2,9,Very High
SO-628178,45,5,2070315.0,5,Very High
SO-628245,73,8,1598098.0,7,Very High
SO-628270,6,1,5097.6,1,Medium
SO-628365,67,5,2114560.0,4,Very High
SO-628405,41,3,1339491.2,3,Very High
SO-628539,71,7,980623.0,6,Very High
SO-628561,39,3,946716.2,3,Very High
SO-628567,107,9,1610675.4,8,Very High
SO-628657,111,10,2442271.0,8,Very High
SO-628696,56,7,1273341.6,6,Very High
SO-628807,36,3,916975.0,3,Very High
SO-628809,81,8,2208126.4,8,Very High
SO-628871,115,11,1117882.0,9,Very High
SO-628874,146,11,2790996.8,9,Very High
SO-628915,129,10,4063416.0,9,Very High
SO-629020,103,9,1360461.4,6,Very High
SO-629055,46,6,819856.0,6,Very High
SO-629115,88,9,1466055.8,7,Very High
SO-629153,25,3,260184.4,3,Very High
SO-629273,93,9,4165391.4,9,Very High
SO-629293,43,5,625441.0,5,Very High
SO-629332,22,3,550778.4,3,Very High
SO-629357,36,4,628737.2,4,Very High
SO-629707,50,6,1676320.4,6,Very High
SO-629731,156,12,2801407.2,11,Very High
SO-629735,64,6,420761.6,5,Very High
SO-629847,81,8,2705848.4,8,Very High
SO-629856,22,2,223683.2,2,Very High
SO-629890,66,6,1282498.8,5,Very High
SO-629907,65,6,1927021.0,5,Very High
SO-630010,113,11,1502983.4,10,Very High
SO-630162,107,10,2042981.8,9,Very High
SO-630167,74,8,1288372.0,6,Very High
SO-630183,92,11,2273057.0,9,Very High
SO-630216,8,3,9215.8,2,Medium
SO-630262,83,7,1332176.4,6,Very High
SO-630322,125,12,1557262.0,9,Very High
SO-630427,128,12,5671845.0,11,Very High
SO-630497,51,5,1317250.0,5,Very High
SO-630525,104,12,1453050.0,11,Very High
SO-630559,46,4,937189.6,3,Very High
SO-630789,55,5,2221901.8,5,Very High
SO-630819,4,1,236544.0,1,Very High
SO-630850,72,9,1004829.0,8,Very High
SO-630903,62,7,3808052.0,4,Very High
SO-630917,102,10,3104329.0,9,Very High
SO-630926,22,3,182858.6,2,Very High
SO-630933,81,9,1351384.6,7,Very High
SO-630938,114,11,6386541.2,9,Very High
SO-630947,105,9,2285488.8,8,Very High
SO-631034,135,12,3664241.0,10,Very High
SO-631093,52,5,1123875.2,5,Very High
SO-631139,35,3,396631.0,2,Very High
SO-631145,107,9,3992845.0,7,Very High
SO-631206,33,3,726219.6,2,Very High
SO-631247,7,1,219520.0,1,Very High
SO-631356,6,1,10266.0,1,High
SO-631359,97,11,1565202.6,8,Very High
SO-631360,107,10,2405384.0,10,Very High
SO-631408,89,8,729636.0,7,Very High
SO-631424,9,1,15399.0,1,High
SO-631428,141,11,5996169.0,9,Very High
SO-631470,48,5,1119624.0,5,Very High
SO-631570,127,10,2230169.0,10,Very High
SO-631573,120,11,3254108.0,11,Very High
SO-631583,67,10,533924.0,9,Very High
SO-631631,104,12,1860187.0,10,Very High
SO-631668,118,9,1771552.0,8,Very High
SO-631693,78,7,1579191.0,7,Very High
SO-631696,102,8,1851097.0,6,Very High
SO-631722,7,1,100352.0,1,Very High
SO-631745,109,9,2595232.2,6,Very High
SO-631796,69,7,1433761.8,7,Very High
SO-631835,49,4,2001472.0,4,Very High
SO-632086,85,9,2238503.0,9,Very High
SO-632202,98,8,1018426.0,6,Very High
SO-632273,4,1,6844.0,1,Medium
SO-632277,55,5,577240.2,5,Very High
SO-632442,112,10,5283005.4,9,Very High
SO-632448,12,1,376320.0,1,Very High
SO-632488,32,3,666087.0,3,Very High
SO-632555,115,8,2420866.0,8,Very High
SO-632587,106,12,4482890.8,9,Very High
SO-632602,34,3,734631.0,3,Very High
SO-632624,77,10,1839898.2,8,Very High
SO-632641,108,8,831860.4,8,Very High
SO-632651,20,1,706560.0,1,Very High
SO-632652,50,8,1053941.2,7,Very High
SO-632668,75,8,1599440.8,7,Very High
SO-632670,81,10,1131054.4,8,Very High
SO-632674,16,1,173056.0,1,Very High
SO-632701,35,5,540793.2,4,Very High
SO-632713,107,9,2403511.0,9,Very High
SO-632719,58,7,723176.2,7,Very High
SO-632808,28,3,202582.8,3,Very High
SO-633000,60,6,2871488.0,5,Very High
SO-633009,91,8,1443831.0,8,Very High
SO-633050,72,7,2270281.8,7,Very High
SO-633098,52,5,811640.2,5,Very High
SO-633108,73,8,3136993.6,7,Very High
SO-633178,76,7,973869.2,7,Very High
SO-633205,22,2,1456384.0,2,Very High
SO-633299,52,5,882776.0,5,Very High
SO-633368,55,6,4735152.0,6,Very High
SO-633383,113,8,2493532.8,7,Very High
SO-633429,19,3,1291648.0,3,Very High
SO-633445,28,3,2457396.0,3,Very High
SO-633454,145,12,1601765.2,10,Very High
SO-633486,29,3,137527.0,3,Very High
SO-633494,16,2,10761.6,2,High
SO-633565,60,7,647590.4,6,Very High
SO-633645,97,10,1656037.2,10,Very High
SO-633680,80,9,2489607.2,8,Very High
SO-633707,94,10,1182657.6,9,Very High
SO-633773,92,9,1799310.0,8,Very High
SO-633824,48,5,648294.4,4,Very High
SO-633831,116,12,4341282.6,10,Very High
SO-633833,127,10,3354829.6,10,Very High
SO-633850,58,7,1526583.2,7,Very High
SO-633896,43,3,1947648.0,2,Very High
SO-633941,65,6,1416012.4,6,Very High
SO-633951,35,2,1031624.0,2,Very High
SO-634131,43,6,1697229.6,6,Very High
SO-634183,32,2,22089.6,2,High
SO-634213,65,4,356559.6,3,Very High
SO-634267,93,8,1642953.4,8,Very High
SO-634269,106,8,2533543.4,6,Very High
SO-634350,89,7,2097206.8,6,Very High
SO-634484,77,9,1803036.6,8,Very High
SO-634650,102,12,1932337.2,9,Very High
SO-634712,125,12,2164204.4,11,Very High
SO-634740,156,12,4868263.2,11,Very High
SO-634755,136,12,2576674.4,9,Very High
SO-634842,104,12,5229814.2,11,Very High
SO-634880,86,7,571647.8,6,Very High
SO-634929,105,10,2364025.4,10,Very High
SO-634940,64,5,1528986.6,3,Very High
SO-634952,48,4,198773.0,3,Very High
SO-635095,79,7,1695535.2,7,Very High
SO-635122,147,12,1732828.4,9,Very High
SO-635141,100,8,863173.6,7,Very High
SO-635149,11,1,491392.0,1,Very High
SO-635168,57,6,2337484.0,5,Very High
SO-635218,86,7,514192.8,7,Very High
SO-635364,39,4,398431.4,4,Very High
SO-635368,90,7,1367127.0,6,Very High
SO-635462,92,8,1405706.8,8,Very High
SO-635471,3,1,1097.4,1,Low
SO-635503,112,11,2888200.2,10,Very High
SO-635641,152,12,2506093.0,9,Very High
SO-635642,107,12,1518606.8,8,Very High
SO-635671,20,4,542584.0,4,Very High
SO-635795,9,2,5664.0,2,Medium
SO-635800,37,4,255407.4,4,Very High
SO-635816,29,4,262139.0,4,Very High
SO-635831,5,1,8555.0,1,Medium
SO-635935,95,10,1509684.8,9,Very High
SO-635999,6,2,195840.0,2,Very High
SO-636058,58,3,702138.0,3,Very High
SO-636072,53,5,939650.4,5,Very High
SO-636153,40,4,1764160.0,4,Very High
SO-636218,121,11,2817637.6,9,Very High
SO-636237,34,4,835566.0,3,Very High
SO-636395,33,4,506435.0,4,Very High
SO-636432,138,12,5325010.2,10,Very High
SO-636445,51,6,1000366.0,6,Very High
SO-636530,50,3,238173.0,3,Very High
SO-636565,114,10,1769203.0,9,Very High
SO-636587,66,11,2242614.2,11,Very High
SO-636635,77,12,1813255.8,12,Very High
SO-636664,60,9,3966290.0,6,Very High
SO-636707,55,7,931056.0,6,Very High
SO-636714,56,5,1586895.0,5,Very High
SO-636717,43,5,2085663.0,5,Very High
SO-636864,22,2,333957.0,2,Very High
SO-636865,89,9,1053764.2,9,Very High
SO-636884,103,12,2067829.0,9,Very High
SO-636897,71,6,853985.8,6,Very High
SO-637099,7,1,21952.0,1,High
SO-637102,95,8,919000.8,6,Very High
SO-637131,117,9,3487492.4,8,Very High
SO-637214,42,3,938597.8,3,Very High
SO-637217,8,2,254848.0,2,Very High
SO-637228,5,1,108160.0,1,Very High
SO-637235,76,9,445369.2,9,Very High
SO-637282,23,4,524749.0,4,Very High
SO-637299,104,11,1824580.2,11,Very High
SO-637304,35,4,1560448.0,4,Very High
SO-637341,43,5,1014836.0,4,Very High
SO-637467,99,9,2356512.6,8,Very High
SO-637591,4,1,141312.0,1,Very High
SO-637651,31,2,181425.0,2,Very High
SO-637663,39,4,2195802.0,4,Very High
SO-637676,32,5,474406.4,5,Very High
SO-637727,129,11,6181926.0,8,Very High
SO-637739,66,7,1948408.0,6,Very High
SO-637746,79,10,1658707.0,8,Very High
SO-637779,73,7,3116438.8,7,Very High
SO-637877,47,5,336355.0,5,Very High
SO-638006,10,2,165355.0,2,Very High
SO-638069,42,4,471750.0,4,Very High
SO-638078,59,5,827486.0,4,Very High
SO-638095,100,10,1903614.4,9,Very High
SO-638132,105,12,1490837.0,10,Very High
SO-638143,106,11,2507429.6,9,Very High
SO-638299,83,6,1600531.6,6,Very High
SO-638307,55,9,1078172.0,8,Very High
SO-638338,111,11,2532259.2,11,Very High
SO-638384,55,5,1391939.2,4,Very High
SO-638434,83,6,1317980.0,6,Very High
SO-638544,108,8,408135.6,7,Very High
SO-638601,4,1,66304.0,1,Very High
SO-638611,7,1,9499.0,1,Medium
SO-638622,125,11,3145988.4,10,Very High
SO-638710,112,12,6609362.8,10,Very High
SO-638790,13,1,40768.0,1,High
SO-638818,32,3,278438.0,3,Very High
SO-638919,33,2,401920.0,2,Very High
SO-638997,79,7,2185047.6,7,Very High
SO-639006,44,5,448404.2,5,Very High
SO-639093,66,7,752377.4,7,Very High
SO-639103,62,6,1165469.0,5,Very High
SO-639151,75,9,727674.2,9,Very High
SO-639305,24,2,182074.0,2,Very High
SO-639315,81,8,691002.8,8,Very High
SO-639348,21,3,1742349.0,3,Very High
SO-639379,70,4,1344655.0,4,Very High
SO-639402,30,2,954624.0,2,Very High
SO-639414,46,6,661162.2,6,Very High
SO-639458,113,10,4835866.0,8,Very High
SO-639518,56,5,1702594.0,5,Very High
SO-639635,23,2,306688.0,2,Very High
SO-639729,12,1,423936.0,1,Very High
SO-639760,16,2,314221.6,2,Very High
SO-639762,95,11,4270258.0,10,Very High
SO-639791,85,8,626359.6,8,Very High
SO-639892,64,7,1497589.0,7,Very High
SO-639953,119,12,2495457.6,12,Very High
SO-639968,69,6,848914.4,6,Very High
SO-640024,18,2,74013.0,2,Very High
SO-640124,119,8,1711158.2,8,Very High
SO-640152,15,1,764160.0,1,Very High
SO-640183,70,6,1829547.2,6,Very High
SO-640263,136,10,2119257.0,10,Very High
SO-640280,43,6,387175.4,5,Very High
SO-640291,59,5,1318632.4,5,Very High
SO-640341,17,1,9628.8,1,Medium
SO-640431,79,8,2958060.0,7,Very High
SO-640438,78,9,1007607.6,9,Very High
SO-640440,90,9,2370045.6,9,Very High
SO-640473,58,5,2182642.0,5,Very High
SO-640487,84,9,3501098.4,8,Very High
SO-640573,31,3,965288.0,3,Very High
SO-640592,108,12,2054323.2,9,Very High
SO-640638,74,6,1993399.0,6,Very High
SO-640685,43,4,488246.0,4,Very High
SO-640708,135,10,4563653.4,8,Very High
SO-640770,33,3,1511808.0,2,Very High
SO-640776,83,9,4426374.4,8,Very High
SO-640779,115,11,5875455.2,10,Very High
SO-640981,58,6,592015.2,5,Very High
SO-641006,108,8,3377807.2,7,Very High
SO-641032,119,10,1793804.0,9,Very High
SO-641084,33,2,35116.8,2,High
SO-641102,10,2,117961.0,2,Very High
SO-641107,24,2,179423.0,2,Very High
SO-641131,95,6,1284544.2,6,Very High
SO-641234,15,3,140515.2,3,Very High
SO-641289,61,6,427791.6,6,Very High
SO-641313,61,7,326138.0,7,Very High
SO-641315,63,6,825728.0,5,Very High
SO-641339,49,8,2758384.8,7,Very High
SO-641446,112,10,2941973.0,9,Very High
SO-641504,105,10,1183117.8,8,Very High
SO-641506,47,7,1388212.0,6,Very High
SO-641554,93,8,3733962.0,7,Very High
SO-641556,124,11,3787380.4,11,Very High
SO-641613,5,1,156800.0,1,Very High
SO-641634,42,4,293963.0,4,Very High
SO-641720,53,5,908434.4,5,Very High
SO-641913,30,2,272580.0,2,Very High
SO-641961,30,3,417104.8,3,Very High
SO-641976,112,9,1845786.2,9,Very High
SO-641977,80,8,2534200.0,6,Very High
SO-642001,105,9,906397.6,8,Very High
SO-642010,81,9,1127635.8,8,Very High
SO-642061,60,6,562550.6,6,Very High
SO-642091,88,7,2352972.2,7,Very High
SO-642194,80,5,2544177.0,5,Very High
SO-642201,93,8,1032444.6,7,Very High
SO-642316,42,4,570528.2,4,Very High
SO-642551,82,7,557779.0,7,Very High
SO-642612,95,8,1894539.4,7,Very High
SO-642732,22,3,862268.6,3,Very High
SO-642779,24,4,454132.8,3,Very High
SO-642835,152,11,4221953.0,10,Very High
SO-642899,81,8,2579752.8,7,Very High
SO-642971,44,3,2359552.0,3,Very High
SO-643169,16,2,674560.0,2,Very High
SO-643243,73,5,1702351.0,5,Very High
SO-643320,59,5,2673011.2,5,Very High
SO-643365,105,10,1736676.6,9,Very High
SO-643372,19,3,647232.0,3,Very High
SO-643401,19,2,11375.2,2,High
SO-643565,18,2,77821.0,2,Very High
SO-643613,146,12,4031032.6,10,Very High
SO-643632,56,9,448646.4,8,Very High
SO-643702,33,3,1656064.0,3,Very High
SO-643756,81,10,3188753.4,10,Very High
SO-643762,124,11,1406077.0,11,Very High
SO-643764,84,9,2513034.2,9,Very High
SO-643860,148,12,4016945.4000000004,10,Very High
SO-643916,56,4,1317359.0,4,Very High
SO-643928,144,12,3574815.8,9,Very High
SO-643939,4,1,2737.6,1,Low
SO-643992,100,10,3050592.8,9,Very High
SO-644099,51,5,1184357.2,5,Very High
SO-644139,84,9,1408550.2,7,Very High
SO-644254,113,10,4759946.0,8,Very High
SO-644259,43,3,1689472.0,3,Very High
SO-644329,28,3,1618996.0,3,Very High
SO-644397,100,10,2776379.2,9,Very High
SO-644455,67,6,1055130.2,5,Very High
SO-644615,74,6,955051.2,5,Very High
SO-644622,41,6,786644.8,5,Very High
SO-644656,29,4,1342912.0,4,Very High
SO-644730,53,5,684845.0,5,Very High
SO-644749,81,8,976641.6,8,Very High
SO-644824,1,1,12036.0,1,High
SO-644826,116,9,4675703.6,7,Very High
SO-644829,19,1,32509.0,1,High
SO-644834,76,9,337809.4,7,Very High
SO-644885,125,9,1732809.6,8,Very High
SO-644907,1,1,106880.0,1,Very High
SO-645015,6,1,8142.0,1,Medium
SO-645019,54,5,617500.8,5,Very High
SO-645147,63,8,919753.0,6,Very High
SO-645261,72,7,887520.8,7,Very High
SO-645271,94,11,2179123.2,10,Very High
SO-645355,101,9,1539605.2,8,Very High
SO-645361,75,6,2029643.0,5,Very High
SO-645374,62,7,904826.4,6,Very High
SO-645434,57,4,1843793.2,3,Very High
SO-645438,102,10,5553246.4,7,Very High
SO-645526,121,12,1745518.6,11,Very High
SO-645553,79,6,1364824.8,6,Very High
SO-645567,10,1,353280.0,1,Very High
SO-645602,80,8,2784805.2,8,Very High
SO-645605,70,9,2187673.0,9,Very High
SO-645636,71,5,1030281.0,5,Very High
SO-645702,93,11,2624579.8,8,Very High
SO-645708,119,10,1210207.6,10,Very High
SO-645770,38,3,426415.0,3,Very High
SO-645782,24,2,3246720.0,2,Very High
SO-645803,131,11,4666152.0,9,Very High
SO-645806,116,12,3302149.0,11,Very High
SO-645859,49,3,198626.0,3,Very High
SO-645936,88,8,1686944.4,8,Very High
SO-645938,17,3,660101.0,2,Very High
SO-645967,69,6,1855775.2,6,Very High
SO-645968,105,10,3571780.4,9,Very High
SO-646035,104,9,2282988.4,7,Very High
SO-646079,89,11,1403879.0,10,Very High
SO-646188,71,6,1668289.0,5,Very High
SO-646214,147,12,3562530.6,11,Very High
SO-646228,39,3,479418.0,3,Very High
SO-646248,22,2,929536.0,2,Very High
SO-646250,87,9,3157879.0,8,Very High
SO-646427,97,10,248053.0,9,Very High
SO-646454,122,11,5077568.4,9,Very High
SO-646475,33,3,1372976.0,3,Very High
SO-646483,23,2,403712.0,2,Very High
SO-646572,16,1,27376.0,1,High
SO-646695,93,9,3146196.0,5,Very High
SO-646735,40,6,1068623.0,5,Very High
SO-646818,33,2,374008.0,2,Very High
SO-646849,139,12,2738603.4,11,Very High
SO-646855,3,1,134016.0,1,Very High
SO-646865,73,9,1255661.6,8,Very High
SO-646872,45,6,2494420.4,4,Very High
SO-646951,43,3,642719.0,3,Very High
SO-646959,156,11,4450506.8,9,Very High
SO-647115,28,4,1987337.4,4,Very High
SO-647185,66,5,820251.4,4,Very High
SO-647367,84,9,1958920.0,8,Very High
SO-647443,60,7,1783070.4,5,Very High
SO-647466,69,6,109863.8,6,Very High
SO-647516,81,9,2327428.2,9,Very High
SO-647622,42,4,2680159.0,4,Very High
SO-647648,95,9,2985188.4,6,Very High
SO-647649,35,4,332894.2,4,Very High
SO-647720,33,3,449221.0,3,Very High
SO-647737,25,2,932480.0,2,Very High
SO-647757,62,7,1324210.0,7,Very High
SO-647805,129,11,1136946.4,9,Very High
SO-647855,10,1,509440.0,1,Very High
SO-647867,35,4,792311.2,4,Very High
SO-647875,56,8,827525.0,8,Very High
SO-648010,118,9,4151472.0,7,Very High
SO-648087,51,5,114130.2,5,Very High
SO-648172,119,11,1591893.8,10,Very High
SO-648176,57,5,473782.0,5,Very High
SO-648211,104,9,1452453.4,7,Very High
SO-648250,75,7,2401106.0,5,Very High
SO-648407,126,11,2890262.2,11,Very High
SO-648429,99,11,2429944.0,8,Very High
SO-648505,12,2,1282560.0,1,Very High
SO-648523,36,2,1210096.0,2,Very High
SO-648548,20,1,560640.0,1,Very High
SO-648613,148,12,3306337.2,11,Very High
SO-648655,11,2,409392.8,2,Very High
SO-648676,13,1,215488.0,1,Very High
SO-648739,97,11,1651521.6,8,Very High
SO-648775,48,7,735412.4,7,Very High
SO-648794,17,1,183872.0,1,Very High
SO-648814,94,10,2859630.8,9,Very High
SO-648954,62,9,1339086.4,8,Very High
SO-648975,90,7,2005505.8,7,Very High
SO-648979,60,5,2377015.6,5,Very High
SO-649033,10,1,17110.0,1,High
SO-649042,71,7,1644255.6,6,Very High
SO-649081,52,7,980310.0,5,Very High
SO-649109,66,9,834593.2,7,Very High
SO-649119,87,8,2904617.4,6,Very High
SO-649145,97,10,4847519.4,9,Very High
SO-649149,62,7,1842923.8,7,Very High
SO-649158,48,8,606368.4,7,Very High
SO-649209,17,2,866048.0,1,Very High
SO-649280,130,12,1463775.4,11,Very High
SO-649317,54,4,1156569.6,4,Very High
SO-649336,113,10,3491603.0,9,Very High
SO-649369,114,12,1842580.0,10,Very High
SO-649470,98,8,797715.2000000001,7,Very High
SO-649486,52,5,103509.6,5,Very High
SO-649499,23,3,36388.4,3,High
SO-649589,88,6,3204652.0,6,Very High
SO-649672,90,8,976594.0,6,Very High
SO-649711,9,2,434895.0,2,Very High
SO-649721,83,10,2401177.0,10,Very High
SO-649844,35,4,1147112.0,4,Very High
SO-649885,49,6,186280.6,6,Very High
SO-649911,160,10,1935783.6,9,Very High
SO-649928,67,5,1363743.0,5,Very High
SO-649934,67,5,494158.8,4,Very High
SO-649959,58,5,1117603.0,5,Very High
SO-649983,93,10,2037578.0,9,Very High
SO-650000,81,9,1042132.0,8,Very High
SO-650012,60,5,443820.0,4,Very High
SO-650087,13,2,212742.0,2,Very High
SO-650104,106,7,2555559.4,6,Very High
SO-650152,56,6,917054.4,6,Very High
SO-650341,18,1,1923840.0,1,Very High
SO-650377,83,7,3129143.0,7,Very High
SO-650387,36,3,394612.2,3,Very High
SO-650390,36,3,213732.8,3,Very High
SO-650401,92,6,3882112.0,6,Very High
SO-650559,122,11,3051938.2,9,Very High
SO-650681,77,8,2538048.0,6,Very High
SO-650688,62,10,2002311.8,9,Very High
SO-650689,111,10,5291856.0,9,Very High
SO-650939,103,8,2382488.0,7,Very High
SO-651012,48,5,1790093.0,4,Very High
SO-651197,24,3,862792.0,3,Very High
SO-651218,60,6,1558487.6,6,Very High
SO-651244,2,1,21632.0,1,High
SO-651296,23,4,947072.0,4,Very High
SO-651323,37,3,591036.0,3,Very High
SO-651355,21,3,32122.800000000003,3,High
SO-651441,106,11,2976541.2,6,Very High
SO-651450,50,3,567553.2,3,Very High
SO-651477,96,11,2379982.4,9,Very High
SO-651545,106,9,3669640.6,7,Very High
SO-651658,70,7,1396441.6,6,Very High
SO-651675,67,5,281222.6,5,Very High
SO-651815,40,4,229988.2,4,Very High
SO-651866,66,8,323325.4,7,Very High
SO-651882,104,11,763513.2,8,Very High
SO-651964,43,4,2824377.0,3,Very High
SO-652067,37,3,1188608.0,3,Very High
SO-652204,23,4,536926.0,4,Very High
SO-652226,64,5,245004.6,5,Very High
SO-652364,57,7,746176.0,7,Very High
SO-652366,69,7,1219644.6,7,Very High
SO-652367,82,7,665191.2,7,Very High
SO-652453,161,12,4496270.4,10,Very High
SO-652467,91,10,1996557.6,10,Very High
SO-652468,62,8,398538.4,6,Very High
SO-652561,61,4,2858122.4,4,Very High
SO-652658,57,5,2845839.6,5,Very High
SO-652675,126,12,2450514.6,10,Very High
SO-652685,45,5,1070786.8,5,Very High
SO-652697,32,3,2099494.0,3,Very High
SO-652723,19,2,54680.8,2,Very High
SO-652779,8,1,2926.4,1,Low
SO-652804,61,6,228016.0,5,Very High
SO-652810,77,6,1338215.0,6,Very High
SO-652846,70,4,2548370.0,4,Very High
SO-652872,22,2,315392.0,2,Very High
SO-652920,19,2,14325.2,2,High
SO-652978,94,12,2703146.0,11,Very High
SO-653051,101,8,696911.0,7,Very High
SO-653147,20,2,207444.0,2,Very High
SO-653199,13,1,662272.0,1,Very High
SO-653214,120,10,5893710.4,8,Very High
SO-653282,4,2,110656.0,2,Very High
SO-653319,105,10,1650232.0,6,Very High
SO-653321,87,8,296333.4,6,Very High
SO-653348,8,1,74104.0,1,Very High
SO-653408,101,11,835864.4,7,Very High
SO-653449,33,3,1042548.0,3,Very High
SO-653456,52,4,699499.0,4,Very High
SO-653469,62,4,2639269.6,3,Very High
SO-653489,38,4,490279.2,3,Very High
SO-653629,45,3,473784.0,3,Very High
SO-653667,38,3,153848.0,3,Very High
SO-653701,11,1,101893.0,1,Very High
SO-653782,14,2,216172.4,2,Very High
SO-653855,95,9,3447256.0,9,Very High
SO-653906,66,6,2250815.6,6,Very High
SO-653930,111,11,1828381.0,8,Very High
SO-654071,127,10,2110901.2,7,Very High
SO-654127,105,11,5476337.0,9,Very High
SO-654193,67,6,661213.4,5,Very High
SO-654304,31,5,50681.0,5,Very High
SO-654392,52,7,1223345.6,7,Very High
SO-654408,80,8,1556159.6,7,Very High
SO-654455,14,1,232064.0,1,Very High
SO-654498,158,12,2399425.6,9,Very High
SO-654512,20,1,1182720.0,1,Very High
SO-654513,136,11,5611317.2,10,Very High
SO-654604,52,6,453856.8,5,Very High
SO-654633,14,1,23954.0,1,High
SO-654669,43,7,822102.0,6,Very High
SO-654687,84,6,1992776.0,6,Very High
SO-654694,33,4,50614.8,3,Very High
SO-654702,8,1,132608.0,1,Very High
SO-654757,95,8,1147815.0,7,Very High
SO-654759,2,1,21632.0,1,High
SO-654760,83,7,1208213.0,6,Very High
SO-654788,65,9,751266.0,7,Very High
SO-654829,71,7,821744.2000000001,6,Very High
SO-654844,56,4,785819.0,4,Very High
SO-654856,139,11,4182466.8,10,Very High
SO-654962,96,8,3272564.0,6,Very High
SO-655001,7,1,21952.0,1,High
SO-655041,10,1,446720.0,1,Very High
SO-655144,101,11,2350879.0,10,Very High
SO-655240,72,5,318746.2,5,Very High
SO-655262,109,12,3618287.4,9,Very High
SO-655327,108,10,2560905.8,9,Very High
SO-655349,98,8,2757986.0,8,Very High
SO-655373,30,3,461850.0,3,Very High
SO-655414,91,7,2207424.0,4,Very High
SO-655477,10,1,6136.0,1,Medium
SO-655620,125,12,3186272.4,12,Very High
SO-655670,19,3,570010.0,3,Very High
SO-655688,101,8,1446402.2,7,Very High
SO-655768,13,1,662272.0,1,Very High
SO-655783,68,5,552720.0,5,Very High
SO-655805,66,4,832213.4,4,Very High
SO-656001,86,11,2074801.6,8,Very High
SO-656074,54,6,1116618.6,6,Very High
SO-656133,17,2,68929.0,2,Very High
SO-656147,14,1,23954.0,1,High
SO-656153,76,8,1615205.0,8,Very High
SO-656230,11,1,29205.0,1,High
SO-656267,28,3,178888.0,3,Very High
SO-656320,134,11,2294665.4,10,Very High
SO-656340,63,5,1082736.0,4,Very High
SO-656422,73,6,1201047.0,6,Very High
SO-656628,139,10,2916196.2,8,Very High
SO-656674,12,1,158208.0,1,Very High
SO-656699,50,6,2072607.0,6,Very High
SO-656921,105,7,1745610.6,7,Very High
SO-656958,64,10,631491.2,9,Very High
SO-657036,128,9,3700231.6,8,Very High
SO-657124,25,3,677619.0,3,Very High
SO-657127,105,10,868903.6,8,Very High
SO-657193,81,9,1508607.0,7,Very High
SO-657226,129,11,3206229.2,9,Very High
SO-657230,2,1,2714.0,1,Low
SO-657275,120,11,1545177.2,8,Very High
SO-657323,72,10,1485285.5999999999,10,Very High
SO-657334,99,8,2938141.2,7,Very High
SO-657382,37,3,867197.0,3,Very High
SO-657394,101,9,2726502.2,8,Very High
SO-657416,43,3,1101824.0,2,Very High
SO-657503,128,10,3202910.6,10,Very High
SO-657513,93,7,2044538.0,7,Very High
SO-657516,5,1,15680.0,1,High
SO-657554,38,3,283772.2,3,Very High
SO-657639,102,9,4182258.0,8,Very High
SO-657690,81,7,1208980.2,7,Very High
SO-657706,32,2,1211392.0,2,Very High
SO-657790,82,7,1950083.0,6,Very High
SO-657816,16,2,139004.0,2,Very High
SO-657824,22,5,263840.0,5,Very High
SO-657831,29,5,687480.0,4,Very High
SO-657880,56,3,932745.6,3,Very High
SO-657939,161,10,6060195.0,8,Very High
SO-658010,122,9,1512500.8,9,Very High
SO-658085,11,1,6230.4,1,Medium
SO-658117,78,7,2211864.0,6,Very High
SO-658131,26,4,334985.0,4,Very High
SO-658187,10,2,92212.0,2,Very High
SO-658195,126,10,3516636.0,7,Very High
SO-658230,87,7,493008.0,5,Very High
SO-658245,11,2,150144.0,2,Very High
SO-658269,104,8,2738267.0,7,Very High
SO-658278,23,2,56267.6,2,Very High
SO-658487,40,3,952730.0,3,Very High
SO-658602,92,8,1099136.2,7,Very High
SO-658632,108,8,3183317.8,8,Very High
SO-658682,63,6,1750549.5999999999,6,Very High
SO-658687,40,5,1066971.0,4,Very High
SO-658782,110,11,1622367.8,10,Very High
SO-658805,81,8,1963835.0,7,Very High
SO-658879,29,3,817763.0,3,Very High
SO-658885,68,6,1868181.2,6,Very High
SO-658888,45,4,860793.6,4,Very High
SO-658932,26,2,372693.0,2,Very High
SO-658945,3,1,64896.0,1,Very High
SO-658970,66,6,1167518.0,6,Very High
SO-658992,101,9,4155901.0,8,Very High
SO-659100,84,9,2613069.0,7,Very High
SO-659185,59,7,676793.4,7,Very High
SO-659189,75,8,1395968.0,8,Very High
SO-659197,58,6,1085674.8,6,Very High
SO-659324,89,6,2871625.2,5,Very High
SO-659369,4,2,71424.0,2,Very High
SO-659419,99,11,4245364.0,8,Very High
SO-659424,62,5,3432471.0,4,Very High
SO-659440,53,8,973306.0,8,Very High
SO-659461,72,7,1044726.8,7,Very High
SO-659480,34,2,2917760.0,2,Very High
SO-659510,120,10,3616466.0,9,Very High
SO-659520,32,3,456932.8,3,Very High
SO-659585,42,4,651830.8,4,Very High
SO-659751,47,4,1982641.0,4,Very High
SO-659766,92,10,3602822.0,9,Very High
SO-659833,78,9,848158.0,7,Very High
SO-659874,19,2,63343.0,2,Very High
SO-659889,80,7,823071.2,7,Very High
SO-659918,34,4,162533.4,4,Very High
SO-659941,15,1,215040.0,1,Very High
SO-659983,23,2,305088.0,2,Very High
SO-659990,81,7,895680.2,7,Very High
SO-659993,32,3,28969.0,3,High
SO-660021,6,1,354816.0,1,Very High
SO-660056,106,11,1416960.2,10,Very High
SO-660060,65,7,1474063.0,7,Very High
SO-660073,39,5,1642345.0,5,Very High
SO-660082,38,5,2487552.0,5,Very High
SO-660088,144,12,4028204.0,11,Very High
SO-660103,118,8,3140523.0,7,Very High
SO-660170,38,4,1141324.8,4,Very High
SO-660216,17,1,29087.0,1,High
SO-660281,91,8,1306258.8,7,Very High
SO-660345,76,8,824738.8,8,Very High
SO-660378,126,12,3398351.8,8,Very High
SO-660394,157,12,2334627.8,10,Very High
SO-660501,89,8,2308965.2,7,Very High
SO-660513,102,11,1391444.6,9,Very High
SO-660536,36,4,1075180.0,3,Very High
SO-660606,38,2,1420032.0,2,Very High
SO-660644,60,7,1114327.8,6,Very High
SO-660659,14,2,310272.0,2,Very High
SO-660668,13,2,5711.2,2,Medium
SO-660873,151,12,3546052.8,11,Very High
SO-660984,77,7,1887305.0,7,Very High
SO-660990,53,6,483448.8,6,Very High
SO-661017,64,7,779907.2,6,Very High
SO-661030,51,3,3040273.0,3,Very High
SO-661042,97,8,2140368.4,8,Very High
SO-661052,45,6,1858767.4,4,Very High
SO-661053,54,6,167725.2,6,Very High
SO-661257,91,7,550990.6,6,Very High
SO-661265,73,7,1097875.8,7,Very High
SO-661312,127,10,2250092.0,8,Very High
SO-661315,22,2,1922048.0,2,Very High
SO-661351,77,8,651297.8,8,Very High
SO-661361,128,10,974572.6,9,Very High
SO-661366,49,5,805678.0,5,Very High
SO-661419,30,4,217544.2,4,Very High
SO-661444,38,3,1315320.0,3,Very High
SO-661447,82,8,2179111.6,8,Very High
SO-661456,105,9,3499690.0,6,Very High
SO-661465,20,2,210638.0,2,Very High
SO-661477,75,5,994448.0,5,Very High
SO-661514,125,11,2325419.8,11,Very High
SO-661515,89,8,1121193.6,8,Very High
SO-661543,101,11,1432634.0,10,Very High
SO-661579,86,6,1738352.0,6,Very High
SO-661675,47,5,401953.0,5,Very High
SO-661715,65,6,1310559.0,6,Very High
SO-661886,85,9,1322589.6,8,Very High
SO-662018,73,5,2998974.0,4,Very High
SO-662042,71,7,1213082.6,6,Very High
SO-662136,92,7,2035695.0,7,Very High
SO-662163,43,6,741413.4,5,Very High
SO-662210,84,7,1184850.8,7,Very High
SO-662267,46,4,288387.60000000003,4,Very High
SO-662324,48,4,588368.0,4,Very High
SO-662353,19,3,355473.6,3,Very High
SO-662382,122,9,5977854.199999999,6,Very High
SO-662396,109,12,1855610.2,9,Very High
SO-662429,18,2,162486.8,2,Very High
SO-662445,26,2,139804.8,2,Very High
SO-662451,67,9,406422.0,8,Very High
SO-662471,50,6,1480176.0,5,Very High
SO-662480,11,1,182336.0,1,Very High
SO-662518,130,10,2082387.0,9,Very High
SO-662533,45,5,65242.200000000004,4,Very High
SO-662610,133,10,2995915.6,9,Very High
SO-662689,37,4,688222.0,4,Very High
SO-662727,37,3,1061868.8,3,Very High
SO-662738,83,7,4315465.0,5,Very High
SO-662778,12,1,259584.0,1,Very High
SO-662828,3,1,43008.0,1,High
SO-662870,80,8,2175645.0,7,Very High
SO-662875,76,12,379628.2,11,Very High
SO-662887,16,3,774191.0,3,Very High
SO-662905,59,6,1008626.8,6,Very High
SO-662943,101,10,476678.2,8,Very High
SO-662953,67,6,1078623.0,4,Very High
SO-663094,73,7,5812096.0,5,Very High
SO-663136,64,8,761085.6,8,Very High
SO-663187,103,11,2475878.8000000003,10,Very High
SO-663203,23,4,52415.6,4,Very High
SO-663262,79,7,1247711.0,7,Very High
SO-663331,13,1,7363.2,1,Medium
SO-663391,68,6,1262853.6,6,Very High
SO-663448,67,6,2044322.8,6,Very High
SO-663546,18,1,11044.8,1,High
SO-663573,54,5,892963.6,5,Very High
SO-663583,3,2,31327.0,2,High
SO-663612,136,12,1386889.2,10,Very High
SO-663619,142,10,2177292.0,9,Very High
SO-663622,107,10,1367316.2,9,Very High
SO-663655,101,9,2557010.4,9,Very High
SO-663662,5,1,3068.0,1,Low
SO-663671,26,3,80051.2,3,Very High
SO-663708,120,10,4680418.0,10,Very High
SO-663745,27,2,1075840.0,2,Very High
SO-663756,46,3,522864.0,3,Very High
SO-663809,62,6,1937178.4,6,Very High
SO-663818,2,1,56064.0,1,Very High
SO-663829,15,1,162240.0,1,Very High
SO-663852,20,4,654771.0,3,Very High
SO-663955,83,7,2996506.0,7,Very High
SO-663962,139,12,3234059.0,9,Very High
SO-664019,17,1,53312.0,1,Very High
SO-664034,83,8,2256797.0,8,Very High
SO-664083,120,10,3147945.0,7,Very High
SO-664112,83,6,4150903.0,6,Very High
SO-664119,129,11,3965329.2,10,Very High
SO-664123,99,10,944555.2,10,Very High
SO-664128,105,10,1219026.4,9,Very High
SO-664152,10,1,509440.0,1,Very High
SO-664157,31,2,238640.0,2,Very High
SO-664164,126,12,2331452.6,11,Very High
SO-664170,31,4,325040.0,3,Very High
SO-664186,36,3,2801924.0,3,Very High
SO-664306,40,7,987130.0,5,Very High
SO-664359,22,3,34356.0,3,High
SO-664407,22,2,390762.0,2,Very High
SO-664421,28,3,410920.2,3,Very High
SO-664422,156,12,2716207.4,11,Very High
SO-664457,98,11,2291318.6,8,Very High
SO-664462,19,1,272384.0,1,Very High
SO-664490,60,8,2302327.6,7,Very High
SO-664513,60,7,2519216.0,5,Very High
SO-664515,65,5,2974479.8,5,Very High
SO-664519,40,5,1249086.0,5,Very High
SO-664553,36,3,37559.4,2,High
SO-664622,51,4,936977.6,4,Very High
SO-664629,91,9,1577091.0,7,Very High
SO-664636,107,10,1379908.0,7,Very High
SO-664687,66,7,788600.8,7,Very High
SO-664711,36,2,464320.0,2,Very High
SO-664724,41,3,290976.4,3,Very High
SO-664759,10,1,14750.0,1,High
SO-664770,66,6,1519270.4,5,Very High
SO-664836,145,10,2888173.0,9,Very High
SO-664918,7,1,84252.0,1,Very High
SO-664946,155,11,1281965.0,8,Very High
SO-664987,44,4,513753.2,4,Very High
SO-665011,103,9,1032181.2,7,Very High
SO-665046,75,6,1221828.0,5,Very High
SO-665080,89,10,3602049.0,9,Very High
SO-665110,44,4,1261712.0,4,Very High
SO-665145,11,1,1175680.0,1,Very High
SO-665174,43,5,1273317.6,4,Very High
SO-665283,24,4,118372.2,4,Very High
SO-665372,68,6,1050555.8,6,Very High
SO-665407,96,7,2943822.0,6,Very High
SO-665575,89,10,942364.8,8,Very High
SO-665636,133,12,1616840.4,9,Very High
SO-665643,132,11,2404293.6,11,Very High
SO-665710,19,2,227584.0,2,Very High
SO-665871,111,12,1039789.2,11,Very High
SO-665876,22,3,847888.0,3,Very High
SO-665900,77,8,3004675.0,7,Very High
SO-665927,10,2,345344.0,2,Very High
SO-665930,151,12,3159154.4,10,Very High
SO-665937,116,10,4448928.4,10,Very High
SO-666005,89,12,815315.6,11,Very High
SO-666036,50,7,882710.8,7,Very High
SO-666061,109,9,2357550.0,8,Very High
SO-666099,91,10,1162525.4,8,Very High
SO-666100,51,7,1747099.4,6,Very High
SO-666108,28,3,144681.0,3,Very High
SO-666154,134,12,2205504.0,11,Very High
SO-666160,68,6,161009.0,5,Very High
SO-666163,67,6,1342366.0,6,Very High
SO-666199,109,10,2268222.8,10,Very High
SO-666203,12,3,321600.0,3,Very High
SO-666218,75,7,1531727.6,6,Very High
SO-666321,84,9,677392.7999999999,7,Very High
SO-666373,43,3,478946.4,3,Very High
SO-666414,73,9,947439.8,8,Very High
SO-666449,109,9,4495570.8,9,Very High
SO-666462,125,11,3018562.6,10,Very High
SO-666588,55,8,946441.2,7,Very High
SO-666667,78,8,992551.0,8,Very High
SO-666819,10,1,313600.0,1,Very High
SO-666825,119,9,1605348.0,9,Very High
SO-666851,15,1,887040.0,1,Very High
SO-666910,127,11,2124394.0,9,Very High
SO-666916,107,7,2297014.2,7,Very High
SO-667076,34,6,371170.6,5,Very High
SO-667082,88,6,1037047.0,6,Very High
SO-667157,90,10,3866467.0,8,Very High
SO-667196,33,5,988298.4,4,Very High
SO-667214,70,8,1067022.0,7,Very High
SO-667217,62,4,1298826.4,4,Very High
SO-667230,81,6,796287.8,5,Very High
SO-667237,109,7,1892959.0,6,Very High
SO-667240,50,3,2413312.0,3,Very High
SO-667304,98,9,3483287.0,9,Very High
SO-667316,36,6,366231.2,6,Very High
SO-667339,120,9,4840337.2,6,Very High
SO-667355,127,11,3609754.5999999996,9,Very High
SO-667409,49,5,618684.0,4,Very High
SO-667425,77,7,609736.2,6,Very High
SO-667470,97,10,1647594.6,8,Very High
SO-667488,136,12,6565514.8,11,Very High
SO-667525,32,3,1145088.0,3,Very High
SO-667529,95,9,4144715.6,8,Very High
SO-667564,38,7,1616887.0,7,Very High
SO-667571,81,6,2868285.6,6,Very High
SO-667591,84,8,2750827.2,7,Very High
SO-667633,34,3,164116.2,3,Very High
SO-667667,65,6,949857.0,6,Very High
SO-667669,107,11,1593142.0,9,Very High
SO-667760,68,6,1268958.0,6,Very High
SO-667806,143,12,9144403.2,9,Very High
SO-667833,51,4,536364.0,4,Very High
SO-667908,62,6,1637351.0,6,Very High
SO-667916,86,9,3152455.4,9,Very High
SO-667925,15,1,197760.0,1,Very High
SO-668119,72,7,857557.8,7,Very High
SO-668225,102,11,1972307.0,8,Very High
SO-668237,99,11,1088362.8,10,Very High
SO-668271,108,11,2403865.0,10,Very High
SO-668389,120,11,4218622.6,11,Very High
SO-668416,43,3,432015.0,3,Very High
SO-668420,128,11,3044684.8,11,Very High
SO-668446,35,3,635488.0,3,Very High
SO-668472,60,5,1139260.8,5,Very High
SO-668488,32,5,47286.0,5,High
SO-668531,116,10,6480741.0,8,Very High
SO-668570,21,2,154851.0,2,Very High
SO-668621,97,12,1773403.0,8,Very High
SO-668676,76,6,2103767.8,5,Very High
SO-668818,24,5,458930.0,4,Very High
SO-668825,33,5,1103592.4,4,Very High
SO-668901,7,1,116032.0,1,Very High
SO-668951,72,6,979418.2,6,Very High
SO-668963,21,3,30916.0,3,High
SO-669008,73,8,1432247.0,7,Very High
SO-669031,67,6,1697918.0,6,Very High
SO-669098,88,9,2312161.6,9,Very High
SO-669100,34,6,1532828.0,4,Very High
SO-669192,44,4,378878.6,4,Very High
SO-669218,63,6,1971748.0,4,Very High
SO-669299,38,3,396596.0,2,Very High
SO-669370,117,9,1575443.0,9,Very High
SO-669428,107,12,2460660.4,11,Very High
SO-669430,154,12,3439926.0,10,Very High
SO-669476,52,5,622044.0,5,Very High
SO-669488,11,1,14927.0,1,High
SO-669491,63,9,1255303.0,7,Very High
SO-669496,16,1,231424.0,1,Very High
SO-669497,148,11,1356639.8,10,Very High
SO-669505,97,7,1203983.0,7,Very High
SO-669520,147,10,4341199.8,8,Very High
SO-669527,46,3,1140028.0,3,Very High
SO-669572,63,6,376047.0,5,Very High
SO-669593,20,1,11328.0,1,High
SO-669671,50,6,889098.0,6,Very High
SO-669702,121,10,2597502.6,8,Very High
SO-669746,100,10,1385934.8,9,Very High
SO-669762,70,6,5004067.2,4,Very High
SO-669780,53,4,2571934.0,4,Very High
SO-669821,24,2,91564.0,2,Very High
SO-669832,60,7,277572.6,7,Very High
SO-669886,123,9,1814027.0,9,Very High
SO-669924,6,1,8142.0,1,Medium
SO-669984,61,6,1232096.4,5,Very High
SO-670019,104,11,3903658.0,8,Very High
SO-670028,100,8,2992258.0,8,Very High
SO-670050,101,11,1705913.8,10,Very High
SO-670090,35,4,640807.0,4,Very High
SO-670106,16,3,52882.0,2,Very High
SO-670116,95,8,3747052.2,8,Very High
SO-670140,127,11,1584564.4,10,Very High
SO-670217,117,12,4582007.0,11,Very High
SO-670288,41,3,662041.0,3,Very High
SO-670347,104,9,1664278.8,8,Very High
SO-670359,48,5,1200987.0,5,Very High
SO-670437,53,5,955507.6,5,Very High
SO-670453,44,4,1484549.0,4,Very High
SO-670454,89,8,2211963.4,8,Very High
SO-670549,80,7,2408375.6,7,Very High
SO-670583,50,3,1678189.0,3,Very High
SO-670639,11,1,7528.4,1,Medium
SO-670653,48,7,861359.0,5,Very High
SO-670661,35,4,1300489.4,4,Very High
SO-670688,4,1,5900.0,1,Medium
SO-670791,56,5,1388736.0,5,Very High
SO-670833,110,12,1919262.8,10,Very High
SO-670840,14,3,107593.0,3,Very High
SO-670890,106,8,945120.4,7,Very High
SO-670967,83,9,1858371.0,8,Very High
SO-671069,94,12,2990358.6,10,Very High
SO-671076,103,10,3504136.2,7,Very High
SO-671096,97,10,1680210.8,8,Very High
SO-671141,50,6,757484.6,6,Very High
SO-671153,92,8,1222010.6,7,Very High
SO-671434,116,10,1952186.8,7,Very High
SO-671467,87,10,848377.2,10,Very High
SO-671555,66,8,1132442.2,7,Very High
SO-671556,19,2,676924.0,2,Very High
SO-671609,126,12,4718884.2,9,Very High
SO-671612,107,9,1292046.8,8,Very High
SO-671669,33,4,1178880.0,4,Very High
SO-671778,129,11,2711339.0,10,Very High
SO-671803,5,1,82880.0,1,Very High
SO-671822,83,9,1120482.8,8,Very High
SO-671823,46,6,3662958.6,5,Very High
SO-671875,38,4,751068.2,3,Very High
SO-671884,97,8,1792951.0,8,Very High
SO-671983,149,12,1712473.6,8,Very High
SO-672019,23,3,386278.0,3,Very High
SO-672038,100,11,592058.6,10,Very High
SO-672064,43,7,1389156.0,7,Very High
SO-672218,62,5,1449448.4,5,Very High
SO-672356,61,6,1980657.8,6,Very High
SO-672386,151,11,1914867.2,9,Very High
SO-672469,115,9,2951963.2,9,Very High
SO-672485,54,5,1995504.0,5,Very High
SO-672490,93,9,2677236.0,8,Very High
SO-672564,143,11,3316969.6,9,Very High
SO-672567,14,3,123094.4,3,Very High
SO-672630,79,10,1421349.0,7,Very High
SO-672643,29,2,457472.0,2,Very High
SO-672718,36,4,422638.0,4,Very High
SO-672733,37,6,943237.0,6,Very High
SO-672811,67,6,1407758.4,5,Very High
SO-672897,19,1,228684.0,1,Very High
SO-672979,9,2,917991.0,2,Very High
SO-673012,42,3,224512.0,3,Very High
SO-673054,102,11,2693748.2,8,Very High
SO-673146,83,8,872444.8,7,Very High
SO-673150,83,8,3843708.4,8,Very High
SO-673204,41,3,1267235.0,2,Very High
SO-673328,62,5,3156691.2,5,Very High
SO-673467,86,8,2545106.0,7,Very High
SO-673474,60,5,1327125.4,5,Very High
SO-673613,151,11,5008594.2,10,Very High
SO-673661,51,5,1337713.0,3,Very High
SO-673693,90,7,813227.4,7,Very High
SO-673781,137,12,1163641.4,9,Very High
SO-673826,24,3,519040.0,3,Very High
SO-673842,16,1,946176.0,1,Very High
SO-673869,67,7,1213611.6,7,Very High
SO-673871,48,6,2538758.0,4,Very High
SO-673942,133,11,1974000.0,8,Very High
SO-673978,42,5,158024.0,5,Very High
SO-673992,168,12,2915335.0,9,Very High
SO-674023,108,10,3288332.0,9,Very High
SO-674061,114,10,1730665.0,9,Very High
SO-674131,29,2,209155.0,2,Very High
SO-674200,114,11,1473779.0,10,Very High
SO-674238,118,8,3761510.4,8,Very High
SO-674250,17,1,1816960.0,1,Very High
SO-674266,75,6,1076140.0,5,Very High
SO-674284,36,6,333246.2,6,Very High
SO-674285,11,1,159104.0,1,Very High
SO-674383,12,1,611328.0,1,Very High
SO-674398,106,10,2622236.0,10,Very High
SO-674402,100,8,2470930.2,7,Very High
SO-674446,148,12,3257166.0,12,Very High
SO-674456,75,6,1313922.6,6,Very High
SO-674496,106,11,2182150.4,9,Very High
SO-674532,135,11,2001699.0,10,Very High
SO-674574,58,5,2895952.2,5,Very High
SO-674601,122,11,3748578.8,10,Very High
SO-674637,150,11,2337273.6,8,Very High
SO-674647,107,11,5056502.2,9,Very High
SO-674698,39,3,45253.0,3,High
SO-674742,85,6,1284876.0,5,Very High
SO-674775,121,12,1897840.0,10,Very High
SO-674812,54,7,596755.0,7,Very High
SO-674835,57,6,848190.0,6,Very High
SO-674846,107,10,2726802.0,8,Very High
SO-674851,105,11,1706260.2,10,Very High
SO-674878,128,10,1964914.4,10,Very High
SO-674880,28,6,1105702.0,6,Very High
SO-674889,46,4,233491.0,3,Very High
SO-674891,75,10,2335310.0,10,Very High
SO-674933,113,11,5640418.8,10,Very High
SO-674957,68,9,2021689.6,8,Very High
SO-674986,120,12,2784859.0,8,Very High
SO-675009,97,8,1248204.6,8,Very High
SO-675035,130,12,4887364.6,11,Very High
SO-675182,110,10,2404001.8,9,Very High
SO-675210,122,11,2768983.6,9,Very High
SO-675613,105,10,1542418.2,9,Very High
SO-675694,139,12,2596345.0,11,Very High
SO-675774,20,1,560640.0,1,Very High
SO-675809,46,5,555097.6,5,Very High
SO-675881,35,4,178824.0,4,Very High
SO-675886,19,1,59584.0,1,Very High
SO-676025,20,2,1107008.0,2,Very High
SO-676187,49,5,671449.0,5,Very High
SO-676224,141,12,2745027.4,10,Very High
SO-676273,26,3,377618.4,3,Very High
SO-676288,13,1,188032.0,1,Very High
SO-676317,28,4,1434838.0,4,Very High
SO-676323,89,9,2789611.2,9,Very High
SO-676329,70,5,881673.6,5,Very High
SO-676353,72,7,2271436.2,6,Very High
SO-676389,22,2,480725.0,2,Very High
SO-676403,24,4,462516.0,4,Very High
SO-676409,82,7,2917825.0,6,Very High
SO-676459,126,12,1410244.0,8,Very High
SO-676468,62,5,415369.6,4,Very High
SO-676526,58,5,731934.0,5,Very High
SO-676536,108,9,1442946.0,8,Very High
SO-676559,91,9,1143999.4,8,Very High
SO-676615,122,10,2797852.0,8,Very High
SO-676629,19,1,250496.0,1,Very High
SO-676686,91,6,1633642.0,5,Very High
SO-676696,90,8,3495156.6,7,Very High
SO-676811,51,5,769652.0,5,Very High
SO-676819,95,8,2417628.6,7,Very High
SO-676862,72,6,1157655.0,4,Very High
SO-676870,66,10,1718172.6,8,Very High
SO-676956,82,10,407444.4,8,Very High
SO-677013,76,5,491776.0,5,Very High
SO-677021,102,10,2093763.8,9,Very High
SO-677190,35,3,747261.0,2,Very High
SO-677211,85,10,3086539.0,9,Very High
SO-677442,108,11,1944593.0,8,Very High
SO-677478,124,11,7242225.4,10,Very High
SO-677502,94,9,3706442.0,8,Very High
SO-677510,112,10,2033145.0,10,Very High
SO-677541,48,8,661033.0,7,Very High
SO-677593,115,11,2905680.8,8,Very High
SO-677673,143,11,4105861.0,9,Very High
SO-677767,64,7,1585475.2,6,Very High
SO-677825,58,6,1391986.6,5,Very High
SO-677837,34,2,1109248.0,2,Very High
SO-677911,67,7,2554198.8,7,Very High
SO-678122,54,5,690496.0,4,Very High
SO-678140,54,5,1777477.4000000001,5,Very High
SO-678222,144,11,2214459.8,8,Very High
SO-678280,121,12,1430624.8,8,Very High
SO-678344,32,3,972525.8,2,Very High
SO-678376,133,12,1965725.6,11,Very High
SO-678382,94,9,2000825.4,8,Very High
SO-678422,56,7,3294111.0,6,Very High
SO-678437,68,4,507688.0,4,Very High
SO-678446,87,9,1523981.0,8,Very High
SO-678466,12,1,144432.0,1,Very High
SO-678477,100,12,2575180.2,11,Very High
SO-678796,146,10,2520806.0,8,Very High
SO-678867,60,4,1378015.0,4,Very High
SO-678981,139,12,3886231.6,11,Very High
SO-678999,115,10,2514546.0,9,Very High
SO-679030,76,5,4213959.2,5,Very High
SO-679072,103,10,3294577.2,9,Very High
SO-679136,7,1,101248.0,1,Very High
SO-679142,45,4,3457932.0,4,Very High
SO-679286,130,12,4243875.4,10,Very High
SO-679314,23,4,263567.6,4,Very High
SO-679406,53,7,1732917.0,7,Very High
SO-679465,115,12,6879455.0,11,Very High
SO-679478,91,6,3169255.0,6,Very High
SO-679519,70,7,2199753.0,6,Very High
SO-679599,60,6,1427510.0,5,Very High
SO-679699,44,5,365630.6,5,Very High
SO-679837,72,7,2248265.0,7,Very High
SO-679927,89,10,3031823.0,9,Very High
SO-679949,102,8,390160.8,5,Very High
SO-680016,40,5,2424713.2,5,Very High
SO-680028,122,12,4537552.6,10,Very High
SO-680037,50,6,2683044.0,5,Very High
SO-680040,93,7,2066495.0,7,Very High
SO-680047,56,5,229409.4,5,Very High
SO-680049,78,7,761641.0,7,Very High
SO-680082,86,7,386667.0,7,Very High
SO-680084,17,2,426368.0,2,Very High
SO-680095,20,2,506791.0,2,Very High
SO-680100,58,7,515127.8,7,Very High
SO-680132,139,12,2129879.8,10,Very High
SO-680161,59,7,755228.2,6,Very High
SO-680219,47,4,592284.4,4,Very High
SO-680268,76,7,1429800.2,7,Very High
SO-680277,29,4,736666.0,4,Very High
SO-680285,78,7,511285.6,7,Very High
SO-680316,13,1,22243.0,1,High
SO-680358,91,6,1624131.0,6,Very High
SO-680458,87,6,4010082.0,5,Very High
SO-680465,67,5,3091411.0,5,Very High
SO-680469,47,3,86661.6,3,Very High
SO-680544,59,6,740047.2,5,Very High
SO-680580,143,12,3142364.2,8,Very High
SO-680648,130,12,1054176.6,9,Very High
SO-680741,36,2,1071552.0,2,Very High
SO-680751,19,5,183075.4,5,Very High
SO-680828,40,4,1547520.0,3,Very High
SO-680861,100,9,2884638.4,9,Very High
SO-680976,117,11,2584251.0,9,Very High
SO-680988,5,1,3068.0,1,Low
SO-680998,24,2,820012.8,2,Very High
SO-681039,85,11,5252780.2,8,Very High
SO-681115,76,8,3941662.8,7,Very High
SO-681236,122,9,1839554.2,7,Very High
SO-681282,102,8,1818708.0,8,Very High
SO-681382,115,10,2420861.0,8,Very High
SO-681428,13,1,186368.0,1,Very High
SO-681468,45,5,754205.6,5,Very High
SO-681482,82,6,3783672.0,5,Very High
SO-681507,23,3,1177408.0,3,Very High
SO-681529,16,2,887724.4,2,Very High
SO-681532,38,4,164811.8,4,Very High
SO-681598,80,7,2620819.6,6,Very High
SO-681757,96,6,3357662.4,6,Very High
SO-681832,51,5,1605854.0,5,Very High
SO-681837,19,3,104285.8,3,Very High
SO-681851,61,5,563648.6,5,Very High
SO-681913,33,3,544826.4,3,Very High
SO-681921,136,11,2770100.0,10,Very High
SO-681980,113,10,4422916.6,8,Very High
SO-682028,67,7,1516899.0,6,Very High
SO-682029,41,3,344862.0,3,Very High
SO-682036,73,7,1638361.0,7,Very High
SO-682043,83,7,2986511.0,7,Very High
SO-682050,112,12,1575440.2,10,Very High
SO-682163,75,9,1814720.2,8,Very High
SO-682233,73,4,1312044.0,4,Very High
SO-682237,99,9,2800338.8,9,Very High
SO-682291,144,12,2588312.2,10,Very High
SO-682341,63,4,4739034.0,4,Very High
SO-682368,50,4,990205.4,4,Very High
SO-682375,23,2,387712.0,2,Very High
SO-682386,111,9,5640815.8,7,Very High
SO-682388,108,12,1948122.2,11,Very High
SO-682389,13,4,210649.0,4,Very High
SO-682458,113,9,5980032.0,8,Very High
SO-682465,109,11,695465.6,10,Very High
SO-682491,94,7,704200.0,6,Very High
SO-682552,15,1,10266.0,1,High
SO-682585,96,9,2758642.6,8,Very High
SO-682635,54,6,2018151.4,6,Very High
SO-682670,106,12,2090749.8,11,Very High
SO-682780,99,10,1197478.2,8,Very High
SO-682785,8,1,105472.0,1,Very High
SO-682792,23,2,62321.6,2,Very High
SO-682814,5,2,28143.0,2,High
SO-682895,8,2,313856.0,2,Very High
SO-682898,59,4,644015.6,4,Very High
SO-682907,39,4,1432283.6,4,Very High
SO-682920,82,8,1042486.0,7,Very High
SO-682946,53,6,398215.2,5,Very High
SO-682960,112,12,2706029.0,11,Very High
SO-683045,27,3,504229.6,3,Very High
SO-683134,14,2,53454.0,2,Very High
SO-683214,90,11,517626.6,8,Very High
SO-683218,48,8,329748.2,7,Very High
SO-683227,7,1,18585.0,1,High
SO-683329,95,9,4585206.4,8,Very High
SO-683354,132,11,3319520.4,10,Very High
SO-683376,15,1,764160.0,1,Very High
SO-683382,124,8,1026005.0,7,Very High
SO-683452,84,8,6512662.4,5,Very High
SO-683490,44,4,332319.8,4,Very High
SO-683497,87,9,1196248.4,8,Very High
SO-683552,35,4,979605.0,4,Very High
SO-683587,27,2,859776.0,2,Very High
SO-683596,83,8,1330790.0,8,Very High
SO-683611,129,12,4700647.4,10,Very High
SO-683623,80,10,966478.8,8,Very High
SO-683644,69,7,678790.6,7,Very High
SO-683753,114,11,3303252.6,11,Very High
SO-683763,111,11,4711056.6,9,Very High
SO-683791,18,2,35105.0,2,High
SO-683793,67,6,1411884.2,6,Very High
SO-683854,53,4,932382.8,4,Very High
SO-683867,126,9,2647336.4,8,Very High
SO-683892,55,7,1339573.0,6,Very High
SO-683959,59,4,2396463.6,4,Very High
SO-683988,14,1,392448.0,1,Very High
SO-684033,20,3,215300.0,3,Very High
SO-684039,58,5,1098824.0,5,Very High
SO-684071,69,6,905791.2,6,Very High
SO-684204,95,7,1540839.4,7,Very High
SO-684276,89,8,2618180.0,7,Very High
SO-684323,65,8,762454.6,7,Very High
SO-684333,99,9,5966287.0,7,Very High
SO-684343,46,3,950272.0,3,Very High
SO-684430,59,5,3437222.0,5,Very High
SO-684472,8,2,19948.8,2,High
SO-684519,84,6,1605342.2,6,Very High
SO-684524,103,9,2441191.0,8,Very High
SO-684534,31,3,259646.8,3,Very High
SO-684622,90,6,1535637.0,5,Very High
SO-684716,98,7,3575625.8,7,Very High
SO-684814,26,3,268858.0,3,Very High
SO-684844,47,3,1663872.0,3,Very High
SO-684849,49,6,1081217.2,5,Very High
SO-684861,145,10,3081035.2,8,Very High
SO-684882,94,10,324616.2,9,Very High
SO-684903,29,3,431730.8,3,Very High
SO-684922,48,3,340087.6,3,Very High
SO-684931,101,10,1817883.0,9,Very High
SO-684949,89,9,879070.0,6,Very High
SO-685109,19,3,69032.8,3,Very High
SO-685141,20,2,121190.4,2,Very High
SO-685155,104,12,2209839.0,10,Very High
SO-685165,117,12,2432747.0,11,Very High
SO-685222,78,9,3103105.2,9,Very High
SO-685236,70,7,3663616.0,7,Very High
SO-685314,10,1,8496.0,1,Medium
SO-685392,64,7,1218994.6,7,Very High
SO-685464,122,12,3609489.6,10,Very High
SO-685480,2,1,21632.0,1,High
SO-685568,40,4,220877.0,4,Very High
SO-685576,47,6,1391616.0,4,Very High
SO-685594,113,12,2009585.8,9,Very High
SO-685639,123,10,2029271.4,9,Very High
SO-685695,91,6,2683118.0,5,Very High
SO-685724,37,3,1096758.4,3,Very High
SO-685790,46,9,787131.0,8,Very High
SO-685791,14,2,65254.0,1,Very High
SO-685819,4,2,2419.0,2,Low
SO-685834,132,12,1998023.2,10,Very High
SO-685863,18,2,894080.0,2,Very High
SO-685879,46,6,265500.0,4,Very High
SO-685898,67,8,523469.2,8,Very High
SO-685938,112,9,1722215.2,8,Very High
SO-685986,112,12,3003687.0,11,Very High
SO-686031,85,8,3751396.6,8,Very High
SO-686049,108,10,942490.8,8,Very High
SO-686072,43,4,2152112.0,4,Very High
SO-686121,8,2,96043.0,2,Very High
SO-686212,125,12,3464431.0,9,Very High
SO-686277,81,6,557914.0,6,Very High
SO-686279,66,5,2356998.4,5,Very High
SO-686336,57,4,2610416.0,4,Very High
SO-686348,107,11,2565774.0,9,Very High
SO-686357,107,10,2403329.8,10,Very High
SO-686443,13,1,22243.0,1,High
SO-686446,18,2,144078.0,2,Very High
SO-686544,48,5,886460.0,4,Very High
SO-686629,52,6,964962.8,6,Very High
SO-686655,38,4,1372288.0,4,Very High
SO-686672,41,4,684047.0,4,Very High
SO-686752,13,2,513408.0,2,Very High
SO-686756,125,11,3947850.8,10,Very High
SO-686777,54,5,1218479.2,5,Very High
SO-686901,51,4,1868621.0,4,Very High
SO-686994,28,2,935552.0,2,Very High
SO-687020,142,12,1818800.6,12,Very High
SO-687027,56,5,1408229.6,5,Very High
SO-687142,93,8,2587533.6,7,Very High
SO-687149,21,3,1094400.0,2,Very High
SO-687177,126,12,1658394.8,11,Very High
SO-687181,132,12,3313329.0,9,Very High
SO-687213,15,2,49678.0,2,High
SO-687233,91,9,2608529.4,9,Very High
SO-687234,82,8,5692758.0,7,Very High
SO-687370,80,11,2102918.4,6,Very High
SO-687406,75,6,442940.0,4,Very High
SO-687560,69,7,1456329.2,5,Very High
SO-687663,106,7,1218144.0,7,Very High
SO-687699,72,8,2018965.4,5,Very High
SO-687727,49,4,999907.8,4,Very High
SO-687824,121,12,3002820.4,11,Very High
SO-687890,23,2,437504.0,2,Very High
SO-687902,37,3,382747.0,3,Very High
SO-687924,159,12,5295767.6,9,Very High
SO-687937,75,10,2147429.0,8,Very High
SO-687939,75,9,1113565.4,7,Very High
SO-687988,14,1,494592.0,1,Very High
SO-688040,128,12,1953912.0,8,Very High
SO-688094,33,5,258873.0,4,Very High
SO-688245,79,6,994609.0,6,Very High
SO-688257,38,3,1956020.0,3,Very High
SO-688267,133,12,3455998.8,9,Very High
SO-688326,101,9,3055645.2,9,Very High
SO-688417,94,10,1191321.8,10,Very High
SO-688458,128,11,2062162.6,10,Very High
SO-688550,93,8,3203712.0,6,Very High
SO-688576,75,7,794364.6,6,Very High
SO-688593,121,10,5970221.0,8,Very High
SO-688623,58,6,784155.4,6,Very High
SO-688647,16,1,305152.0,1,Very High
SO-688702,97,7,1871213.2,7,Very High
SO-688741,76,7,4056718.0,7,Very High
SO-688766,97,9,4243789.0,9,Very High
SO-688785,28,4,62870.4,2,Very High
SO-688798,98,9,1933383.2,6,Very High
SO-688911,6,1,79104.0,1,Very High
SO-688960,107,11,2629011.6,10,Very High
SO-689086,29,4,325415.8,4,Very High
SO-689095,41,3,680000.0,3,Very High
SO-689200,70,7,3052667.2,6,Very High
SO-689203,23,4,63165.4,4,Very High
SO-689225,66,6,1315163.0,6,Very High
SO-689267,55,5,127065.6,5,Very High
SO-689271,94,12,2565562.2,11,Very High
SO-689302,129,12,3628011.8,8,Very High
SO-689331,90,7,1404118.8,7,Very High
SO-689435,56,3,451352.2,3,Very High
SO-689568,82,7,1003562.2,7,Very High
SO-689592,76,9,2425200.0,8,Very High
SO-689663,85,10,2235086.8,9,Very High
SO-689666,119,12,997928.2,10,Very High
SO-689699,79,8,597085.4,8,Very High
SO-689714,78,8,2030225.2,8,Very High
SO-689774,66,7,543143.0,7,Very High
SO-689800,25,6,78830.2,5,Very High
SO-689879,30,3,223162.0,3,Very High
SO-689885,20,1,16992.0,1,High
SO-690044,55,3,1137540.0,3,Very High
SO-690067,130,12,2541624.0,9,Very High
SO-690181,76,6,4430272.0,5,Very High
SO-690249,107,9,3198599.0,8,Very High
SO-690290,54,4,4536832.0,4,Very High
SO-690298,5,1,8555.0,1,Medium
SO-690347,69,8,2827273.6,7,Very High
SO-690348,38,4,3443947.0,3,Very High
SO-690399,154,12,4845954.4,8,Very High
SO-690418,48,4,1189308.0,4,Very High
SO-690433,55,4,2682992.0,3,Very High
SO-690443,76,7,595320.8,6,Very High
SO-690646,104,10,3597297.8,9,Very High
SO-690701,58,7,689041.2,6,Very High
SO-690740,36,2,730160.0,2,Very High
SO-690828,34,2,86674.0,2,Very High
SO-690834,47,4,843386.6,4,Very High
SO-690839,101,10,3773402.6,10,Very High
SO-690869,71,6,1301920.8,6,Very High
SO-690945,110,11,1323189.0,10,Very High
SO-691032,19,4,226740.0,4,Very High
SO-691098,59,5,766611.0,5,Very High
SO-691109,50,5,1236413.0,5,Very High
SO-691322,88,7,3293091.0,5,Very High
SO-691394,88,9,1367048.6,8,Very High
SO-691472,37,4,1789685.0,4,Very High
SO-691498,127,9,2746013.4,8,Very High
SO-691546,151,11,1676855.4,10,Very High
SO-691549,67,5,1956752.0,4,Very High
SO-691605,47,6,284153.0,6,Very High
SO-691613,82,9,943150.6,7,Very High
SO-691673,62,10,1183092.0,8,Very High
SO-691720,60,5,929336.8,4,Very High
SO-691735,90,10,1225108.4,9,Very High
SO-691778,29,3,284193.0,3,Very High
SO-691786,43,6,741812.2,6,Very High
SO-691797,32,3,222831.0,3,Very High
SO-691852,112,8,2329836.8,8,Very High
SO-691872,46,5,1110234.4,4,Very High
SO-691891,86,6,796028.2,6,Very High
SO-692061,96,10,3321219.6,9,Very High
SO-692164,70,7,922479.0,6,Very High
SO-692180,122,11,1068264.8,8,Very High
SO-692268,72,6,3138312.0,5,Very High
SO-692338,121,9,2281802.6,8,Very High
SO-692365,129,11,1714774.2,10,Very High
SO-692387,85,7,799077.0,5,Very High
SO-692388,62,5,667336.2,5,Very High
SO-692444,28,2,1837657.6,2,Very High
SO-692450,62,6,371260.6,5,Very High
SO-692499,23,3,438806.0,3,Very High
SO-692610,37,4,547412.0,4,Very High
SO-692640,65,6,864881.4,6,Very High
SO-692681,67,9,1030176.3999999999,8,Very High
SO-692700,112,12,3737367.8,11,Very High
SO-692762,132,12,1851843.4,10,Very High
SO-692803,98,10,5142480.4,10,Very High
SO-692829,83,5,2306116.6,5,Very High
SO-692893,69,4,1749121.0,4,Very High
SO-692902,51,5,641951.4,5,Very High
SO-692916,41,3,2757430.0,3,Very High
SO-692935,116,10,6516391.0,10,Very High
SO-693197,63,7,974345.8,5,Very High
SO-693319,54,5,198264.2,5,Very High
SO-693368,13,1,60593.0,1,Very High
SO-693407,32,2,183973.8,2,Very High
SO-693408,121,10,4084994.0,9,Very High
SO-693442,41,5,405920.0,4,Very High
SO-693503,19,2,98413.0,2,Very High
SO-693571,31,4,478191.8,4,Very High
SO-693612,46,4,2265608.0,2,Very High
SO-693653,48,4,2042304.0,4,Very High
SO-693662,79,8,983183.8,7,Very High
SO-693728,26,3,339158.4,3,Very High
SO-693744,96,10,2049776.2,9,Very High
SO-693747,63,5,306389.0,5,Very High
SO-693768,1,1,1357.0,1,Low
SO-693772,55,8,788271.6,8,Very High
SO-693804,18,1,1923840.0,1,Very High
SO-693826,117,11,6432144.2,9,Very High
SO-693864,105,12,2933584.0,11,Very High
SO-693920,45,3,805865.0,3,Very High
SO-693943,77,7,728056.6,6,Very High
SO-693945,23,2,535424.0,2,Very High
SO-693972,87,9,2667011.4,9,Very High
SO-694026,119,8,3999167.0,7,Very High
SO-694050,13,1,40768.0,1,High
SO-694064,86,9,4393885.2,8,Very High
SO-694128,65,8,1217624.6,7,Very High
SO-694290,16,3,458567.2,3,Very High
SO-694347,68,8,2285832.0,8,Very High
SO-694360,87,9,744386.6,8,Very High
SO-694390,44,4,894834.0,4,Very High
SO-694399,85,10,2065089.8,8,Very High
SO-694400,114,10,1145375.0,10,Very High
SO-694482,129,12,1047295.6,10,Very High
SO-694571,50,4,683264.0,4,Very High
SO-694643,46,5,1991826.2,5,Very High
SO-694657,104,9,2309097.8,8,Very High
SO-694747,59,5,297395.0,4,Very High
SO-694753,104,9,1635743.6,8,Very High
SO-694778,72,7,2606683.4,5,Very High
SO-694800,98,10,1304133.4,8,Very High
SO-694856,27,3,818584.0,3,Very High
SO-694870,71,7,2881128.0,6,Very High
SO-694915,77,6,1245186.0,6,Very High
SO-694955,39,4,428294.4,4,Very High
SO-694965,109,11,2658058.0,10,Very High
SO-695234,15,1,324480.0,1,Very High
SO-695332,109,10,1611877.6,8,Very High
SO-695352,61,6,1064019.0,6,Very High
SO-695639,90,9,1591227.4,7,Very High
SO-695640,122,10,2313707.2,9,Very High
SO-695726,97,8,2169351.0,7,Very High
SO-695736,93,11,1569346.0,10,Very High
SO-695738,15,2,222654.0,2,Very High
SO-695834,36,4,481827.8,4,Very High
SO-695926,19,1,32509.0,1,High
SO-696024,61,9,762787.2,7,Very High
SO-696138,11,1,159104.0,1,Very High
SO-696148,108,8,4899577.0,7,Very High
SO-696161,53,6,744052.0,6,Very High
SO-696175,20,2,171424.0,2,Very High
SO-696214,142,11,3419953.0,10,Very High
SO-696240,129,11,2774013.0,10,Very High
SO-696355,14,1,37170.0,1,High
SO-696500,28,3,1029677.0,3,Very High
SO-696552,13,3,69334.0,3,Very High
SO-696559,58,8,732282.0,8,Very High
SO-696682,104,9,1255753.4,8,Very High
SO-696898,74,9,995231.2,8,Very High
SO-696928,38,3,1372992.0,3,Very High
SO-696931,81,7,1440694.0,7,Very High
SO-696970,94,9,1651103.4,9,Very High
SO-696993,22,4,636331.0,4,Very High
SO-696995,134,12,2608876.6,10,Very High
SO-697029,49,3,619713.2,3,Very High
SO-697076,65,5,2520046.0,5,Very High
SO-697120,126,11,1549793.0,9,Very High
SO-697146,155,12,3724624.8,11,Very High
SO-697193,18,2,804096.0,1,Very High
SO-697213,80,6,970338.6,5,Very High
SO-697251,71,6,1309239.8,5,Very High
SO-697383,17,2,1185536.0,2,Very High
SO-697463,72,8,887297.6,6,Very High
SO-697480,30,2,1157120.0,2,Very High
SO-697636,106,10,3306800.6,9,Very High
SO-697711,49,4,1592209.0,4,Very High
SO-697759,33,4,2685197.0,4,Very High
SO-697830,20,3,239811.2,3,Very High
SO-697859,78,9,1943131.2,9,Very High
SO-697930,31,3,849764.0,3,Very High
SO-697984,45,4,2845760.0,3,Very High
SO-697991,54,6,423588.8,5,Very High
SO-698024,93,7,1448945.0,7,Very High
SO-698035,124,10,1758599.4,9,Very High
SO-698168,42,4,540414.0,4,Very High
SO-698194,67,8,533348.8,8,Very High
SO-698289,35,3,206802.0,3,Very High
SO-698346,105,9,2606498.8,8,Very High
SO-698370,125,12,839985.8,9,Very High
SO-698426,78,10,1990830.2000000002,9,Very High
SO-698429,136,11,1221315.0,8,Very High
SO-698508,69,5,2715770.0,4,Very High
SO-698577,57,5,249157.0,4,Very High
SO-698588,92,7,3347136.8,5,Very High
SO-698609,110,11,2596296.2,11,Very High
SO-698713,111,12,2199661.0,11,Very High
SO-698755,86,11,2437852.2,8,Very High
SO-698917,59,8,1940438.4,6,Very High
SO-698973,58,6,853262.2,6,Very High
SO-698981,103,9,3804006.8,8,Very High
SO-699049,106,7,3423108.0,5,Very High
SO-699051,74,8,4940800.6,8,Very High
SO-699055,89,11,1926614.6,9,Very High
SO-699259,132,11,1994732.8,10,Very High
SO-699274,117,12,2003371.4,12,Very High
SO-699400,49,4,986132.8,4,Very High
SO-699419,62,5,540986.8,4,Very High
SO-699443,69,7,2690271.8,6,Very High
SO-699448,82,6,2265856.0,5,Very High
SO-699527,39,3,4446106.0,3,Very High
SO-699541,44,5,742147.0,5,Very High
SO-699606,49,5,666667.0,5,Very High
SO-699736,33,4,162757.6,4,Very High
SO-699786,111,9,5678833.4,9,Very High
SO-699787,68,6,1473602.8,6,Very High
SO-699822,38,4,598527.6,4,Very High
SO-699848,58,4,1579824.0,4,Very High
SO-699885,30,3,46667.4,3,High
SO-699897,89,10,820051.8,9,Very High
SO-699966,51,4,1196144.0,4,Very High
SO-700054,62,8,1647618.0,8,Very High
SO-700089,78,7,1930767.0,6,Very High
SO-700108,80,9,4028199.0,7,Very High
SO-700111,119,8,1912908.0,7,Very High
SO-700176,99,10,2426324.8,10,Very High
SO-700210,60,6,1594416.4,6,Very High
SO-700226,25,2,763648.0,2,Very High
SO-700277,110,8,4427291.0,7,Very High
SO-700279,164,12,3350622.8,11,Very High
SO-700281,20,1,1018880.0,1,Very High
SO-700308,3,1,49728.0,1,High
SO-700353,41,3,247268.0,3,Very High
SO-700362,60,5,194727.2,5,Very High
SO-700384,89,9,3803082.4,7,Very High
SO-700402,56,5,1963849.0,5,Very High
SO-700410,164,12,5202764.6,11,Very High
SO-700413,123,11,1556038.4,9,Very High
SO-700454,75,9,455878.80000000005,8,Very High
SO-700464,36,3,344992.0,3,Very High
SO-700522,38,4,2195508.0,4,Very High
SO-700530,17,2,288896.0,2,Very High
SO-700532,37,4,37665.6,3,High
SO-700566,41,5,1025549.0,5,Very High
SO-700575,118,11,4050096.4,10,Very High
SO-700631,31,4,2048877.8,4,Very High
SO-700641,88,7,3925748.6,7,Very High
SO-700702,59,7,1151982.2,7,Very High
SO-700776,83,9,2121368.0,8,Very High
SO-700783,121,12,1356838.6,9,Very High
SO-700822,53,6,719771.8,6,Very High
SO-700827,129,10,1671636.2,10,Very High
SO-700975,124,10,1856070.0,8,Very High
SO-701000,26,3,929028.0,3,Very High
SO-701043,95,9,1562935.0,8,Very High
SO-701044,81,8,2353846.0,7,Very High
SO-701065,29,3,1642292.0,3,Very High
SO-701076,91,7,4005643.8,6,Very High
SO-701085,81,9,1403931.2,6,Very High
SO-701111,77,6,1391495.2,5,Very High
SO-701182,144,11,3923799.6,9,Very High
SO-701183,58,5,406761.0,5,Very High
SO-701206,4,1,3398.4,1,Low
SO-701238,30,5,675736.0,5,Very High
SO-701274,113,10,3493943.0,10,Very High
SO-701376,63,6,2040354.6,6,Very High
SO-701386,74,5,841570.0,5,Very High
SO-701399,15,1,20355.0,1,High
SO-701499,123,10,3809544.4,9,Very High
SO-701510,63,5,3680402.0,4,Very High
SO-701557,87,8,1770623.8,7,Very High
SO-701638,100,10,2267083.0,8,Very High
SO-701660,46,4,1019476.0,4,Very High
SO-701672,108,11,1143405.2,10,Very High
SO-701688,117,9,818724.4,8,Very High
SO-701689,125,12,1582748.4,9,Very High
SO-701783,113,11,974198.6,10,Very High
SO-701877,5,2,52330.0,2,Very High
SO-701891,38,3,2182303.0,3,Very High
SO-701901,86,9,1580478.4,9,Very High
SO-701943,63,5,2722505.0,5,Very High
SO-701965,37,2,241395.0,2,Very High
SO-702006,118,12,1214189.4,9,Very High
SO-702076,136,12,7385607.4,9,Very High
SO-702109,19,1,314944.0,1,Very High
SO-702177,29,3,744640.0,3,Very High
SO-702258,74,10,1886136.2,9,Very High
SO-702289,1,1,4661.0,1,Low
SO-702363,65,8,1194849.8,8,Very High
SO-702384,53,6,1707716.4,6,Very High
SO-702442,19,2,158787.2,2,Very High
SO-702514,72,9,3924610.4,8,Very High
SO-702532,69,6,1993024.0,5,Very High
SO-702580,68,5,3797863.0,4,Very High
SO-702654,19,4,506164.0,4,Very High
SO-702675,74,6,4848689.6,6,Very High
SO-702686,107,10,1089284.6,7,Very High
SO-702720,99,8,1356856.0,7,Very High
SO-702744,110,9,471884.2,9,Very High
SO-702759,152,12,1225487.6,10,Very High
SO-702798,124,12,4262330.0,10,Very High
SO-702896,117,11,3231085.6,8,Very High
SO-702907,118,10,2331025.0,10,Very High
SO-702913,34,6,1310220.6,6,Very High
SO-702948,91,9,1099376.0,6,Very High
SO-703041,140,12,1529634.4,12,Very High
SO-703107,31,2,71566.0,2,Very High
SO-703258,13,1,60593.0,1,Very High
SO-703352,64,8,772869.6,6,Very High
SO-703385,41,4,1179256.0,4,Very High
SO-703481,71,9,2922864.0,8,Very High
SO-703543,29,5,870003.0,5,Very High
SO-703649,137,11,2085150.0,9,Very High
SO-703711,11,2,249120.0,2,Very High
SO-703739,41,5,292653.0,5,Very High
SO-703760,3,1,105984.0,1,Very High
SO-703826,42,4,1322979.2,4,Very High
SO-703830,94,7,4995538.4,6,Very High
SO-703864,101,8,693002.0,7,Very High
SO-703988,6,1,305664.0,1,Very High
SO-704022,72,9,4574552.2,8,Very High
SO-704062,77,7,1446672.6,7,Very High
SO-704074,85,9,2192486.6,9,Very High
SO-704133,56,5,618059.4,5,Very High
SO-704162,109,9,2674845.6,8,Very High
SO-704167,124,12,4229406.4,8,Very High
SO-704185,56,5,2000292.8,5,Very High
SO-704219,70,8,1344966.0,8,Very High
SO-704242,15,1,215040.0,1,Very High
SO-704262,34,2,45253.0,2,High
SO-704293,130,12,2233961.2,9,Very High
SO-704311,127,10,3589264.4,8,Very High
SO-704344,60,8,1168413.6,8,Very High
SO-704371,112,11,2509818.8,9,Very High
SO-704378,133,11,3855400.0,10,Very High
SO-704423,38,6,1116262.4,6,Very High
SO-704441,86,7,1374597.0,6,Very High
SO-704455,41,6,584534.0,4,Very High
SO-704457,14,2,429056.0,2,Very High
SO-704481,97,11,2154689.4,7,Very High
SO-704527,49,3,1042066.0,3,Very High
SO-704584,105,10,2584293.4,9,Very High
SO-704656,25,2,1032155.0,2,Very High
SO-704682,49,4,541056.2,4,Very High
SO-704738,11,2,187264.0,2,Very High
SO-704745,48,4,1556392.0,4,Very High
SO-704777,45,7,235744.6,6,Very High
SO-704912,76,7,1757727.0,6,Very High
SO-704972,40,4,108369.0,4,Very High
SO-704974,126,12,5057511.2,10,Very High
SO-704977,44,5,86897.8,5,Very High
SO-704993,26,2,1082393.6,2,Very High
SO-705036,65,5,1685357.0,5,Very High
SO-705045,61,11,4100169.4,11,Very High
SO-705059,31,3,1192192.0,2,Very High
SO-705066,72,5,1733035.2,5,Very High
SO-705143,91,10,1193713.8,10,Very High
SO-705209,68,8,1929713.0,6,Very High
SO-705223,140,11,2024270.0,8,Very High
SO-705261,8,2,123977.0,2,Very High
SO-705345,14,1,494592.0,1,Very High
SO-705366,68,5,2774336.0,5,Very High
SO-705367,18,3,300160.6,3,Very High
SO-705384,97,7,1807496.6,6,Very High
SO-705442,16,1,714752.0,1,Very High
SO-705538,62,7,1635717.0,5,Very High
SO-705547,44,5,470452.0,5,Very High
SO-705549,51,6,1488364.0,6,Very High
SO-705580,8,2,135949.0,2,Very High
SO-705598,25,3,501482.0,3,Very High
SO-705656,44,4,1310427.0,4,Very High
SO-705661,94,9,1487533.0,7,Very High
SO-705685,13,1,22243.0,1,High
SO-705698,103,8,2944848.1999999997,8,Very High
SO-705705,21,3,501711.0,3,Very High
SO-705706,147,12,3937036.6,7,Very High
SO-705714,40,3,624690.0,3,Very High
SO-705827,111,10,1411270.0,9,Very High
SO-705922,77,5,693444.2,5,Very High
SO-705965,41,3,322856.0,2,Very High
SO-705981,74,7,1366738.4,4,Very High
SO-706077,68,7,4773904.0,6,Very High
SO-706085,73,8,3050315.1999999997,7,Very High
SO-706109,129,12,2922015.2,11,Very High
SO-706118,136,11,4219904.0,9,Very High
SO-706120,85,9,1170293.4,8,Very High
SO-706141,63,7,1454973.4,7,Very High
SO-706162,67,6,1302645.0,6,Very High
SO-706205,69,7,1497478.8,7,Very High
SO-706213,97,8,1536986.2,6,Very High
SO-706233,110,8,4868837.4,7,Very High
SO-706303,27,3,386817.0,3,Very High
SO-706309,134,12,1258384.4,8,Very High
SO-706369,32,3,1165476.0,3,Very High
SO-706378,109,12,2046301.0,11,Very High
SO-706425,64,7,585311.2,6,Very High
SO-706460,74,7,500956.4,7,Very High
SO-706507,90,6,3375212.8,6,Very High
SO-706523,70,5,4759040.0,5,Very High
SO-706529,81,8,2279732.0,7,Very High
SO-706578,101,10,6042190.4,8,Very High
SO-706596,57,6,686250.0,4,Very High
SO-706700,109,11,3155595.8,8,Very High
SO-706726,93,11,1950832.6,10,Very High
SO-706802,10,1,46610.0,1,High
SO-706831,21,3,89830.4,3,Very High
SO-706843,20,2,867145.4,2,Very High
SO-706883,104,11,2595424.8,9,Very High
SO-706894,41,3,707623.0,2,Very High
SO-706916,60,4,400435.0,4,Very High
SO-706940,78,8,2272024.4,8,Very High
SO-706957,16,1,815104.0,1,Very High
SO-707032,31,2,181425.0,2,Very High
SO-707057,34,4,1150811.0,3,Very High
SO-707100,119,10,722452.6,10,Very High
SO-707122,9,3,55428.0,3,Very High
SO-707192,56,4,1002431.2,4,Very High
SO-707203,86,9,3974564.4,8,Very High
SO-707299,75,6,2090147.8,5,Very High
SO-707349,57,4,2190488.0,4,Very High
SO-707357,12,1,6796.8,1,Medium
SO-707841,154,11,1857852.2,8,Very High
SO-707853,36,4,691276.0,4,Very High
SO-707890,11,1,237952.0,1,Very High
SO-707940,82,9,443882.6,8,Very High
SO-707962,102,12,917831.0,11,Very High
SO-707992,99,12,1526320.8,10,Very High
SO-708042,94,9,2430610.0,9,Very High
SO-708110,52,4,2349443.0,3,Very High
SO-708115,33,2,1058816.0,2,Very High
SO-708125,57,5,1196904.0,4,Very High
SO-708158,68,7,2765998.4,7,Very High
SO-708160,103,10,3907753.0,6,Very High
SO-708163,34,4,1782272.0,4,Very High
SO-708203,87,9,2546219.2,7,Very High
SO-708213,9,1,5097.6,1,Medium
SO-708219,81,8,4008625.4,8,Very High
SO-708320,110,10,1983467.4,9,Very High
SO-708377,11,2,160747.0,2,Very High
SO-708383,87,7,2772790.6,7,Very High
SO-708387,50,6,1313763.0,6,Very High
SO-708416,82,9,1841509.0,8,Very High
SO-708486,103,11,496839.6,8,Very High
SO-708512,49,4,2518528.0,4,Very High
SO-708620,127,11,3844499.8,8,Very High
SO-708645,64,6,1099960.4,6,Very High
SO-708651,2,1,24072.0,1,High
SO-708678,30,3,575632.0,3,Very High
SO-708702,14,2,567296.0,2,Very High
SO-708704,89,7,1526975.5999999999,6,Very High
SO-708838,35,2,225524.0,2,Very High
SO-708871,54,7,1503182.2,7,Very High
SO-708873,82,7,1157687.0,6,Very High
SO-708910,105,11,4468422.2,11,Very High
SO-708994,15,3,357522.8,3,Very High
SO-709008,29,3,166297.0,3,Very High
SO-709045,61,7,1180506.6,6,Very High
SO-709080,29,3,868480.0,3,Very High
SO-709168,36,5,1136703.0,4,Very High
SO-709192,119,12,2009188.2,10,Very High
SO-709200,17,2,86452.0,2,Very High
SO-709261,122,9,3602978.2,9,Very High
SO-709303,107,11,2004284.4,8,Very High
SO-709325,31,3,140472.0,3,Very High
SO-709353,146,10,1692507.4000000001,9,Very High
SO-709620,5,1,65920.0,1,Very High
SO-709638,114,9,3557398.8,8,Very High
SO-709657,43,5,2057459.8,5,Very High
SO-709691,93,8,1191765.0,6,Very High
SO-709801,76,7,1005153.6,6,Very High
SO-709832,156,11,4297287.0,11,Very High
SO-709935,45,7,265133.6,6,Very High
SO-710024,44,4,334362.0,4,Very High
SO-710114,46,4,691804.0,4,Very High
SO-710136,97,9,1794859.0,8,Very High
SO-710176,78,7,1121244.0,6,Very High
SO-710189,87,8,870555.0,8,Very High
SO-710225,95,11,831725.4,10,Very High
SO-710237,92,10,2433811.6,9,Very High
SO-710277,136,10,1912034.0,8,Very High
SO-710299,83,7,964250.2,6,Very High
SO-710316,77,6,1627336.0,6,Very High
SO-710445,82,7,497238.6,6,Very High
SO-710463,143,12,4379436.6,10,Very High
SO-710512,42,3,1041700.8,3,Very High
SO-710552,102,10,5743029.0,8,Very High
SO-710568,68,7,957203.0,6,Very High
SO-710590,117,10,1675872.8,10,Very High
SO-710606,82,6,726853.4,5,Very High
SO-710641,102,10,2952650.4,10,Very High
SO-710767,103,8,2368253.0,6,Very High
SO-710785,59,6,1179382.8,6,Very High
SO-710846,62,6,2116797.0,6,Very High
SO-710909,61,6,170023.2,5,Very High
SO-710977,24,2,661536.0,2,Very High
SO-711073,65,5,134936.0,5,Very High
SO-711089,50,4,615763.2,4,Very High
SO-711126,112,11,1363513.0,9,Very High
SO-711131,38,4,1990390.4,4,Very High
SO-711177,61,6,264110.0,5,Very High
SO-711260,92,9,772405.8,9,Very High
SO-711311,58,4,3131187.2,4,Very High
SO-711342,47,3,1042048.0,2,Very High
SO-711365,60,6,968498.6,6,Very High
SO-711383,35,4,153963.2,3,Very High
SO-711391,115,10,990751.0,9,Very High
SO-711394,1,1,1357.0,1,Low
SO-711516,129,10,2401141.0,8,Very High
SO-711544,108,11,2750945.0,10,Very High
SO-711628,113,12,1961183.4,11,Very High
SO-711727,78,9,3864467.6,8,Very High
SO-711803,111,8,1186760.0,8,Very High
SO-711870,17,2,194909.6,2,Very High
SO-711894,89,9,1865290.8,7,Very High
SO-711923,17,2,38177.6,2,High
SO-712033,64,8,2464173.8,7,Very High
SO-712212,86,7,1580507.0,6,Very High
SO-712221,103,11,2697351.6,9,Very High
SO-712292,12,1,20532.0,1,High
SO-712396,131,11,4715918.8,8,Very High
SO-712441,64,6,2219844.4,6,Very High
SO-712451,85,11,2100966.0,11,Very High
SO-712466,119,9,2890217.2,7,Very High
SO-712473,72,7,871121.2,7,Very High
SO-712525,23,4,403583.2,4,Very High
SO-712527,18,1,916992.0,1,Very High
SO-712738,19,1,50445.0,1,Very High
SO-712861,105,12,2860731.0,10,Very High
SO-712876,156,12,1264722.0,12,Very High
SO-712882,54,5,2755671.0,5,Very High
SO-713021,41,3,1102720.0,2,Very High
SO-713022,70,10,1554469.4,9,Very High
SO-713066,122,12,1413851.8,10,Very High
SO-713099,45,4,722396.2,4,Very High
SO-713137,35,2,51625.0,1,Very High
SO-713160,74,7,1514617.6,6,Very High
SO-713287,55,4,1380352.6,4,Very High
SO-713302,33,4,893808.0,3,Very High
SO-713349,86,8,807461.8,8,Very High
SO-713381,54,5,4553092.2,4,Very High
SO-713382,65,8,2642962.0,8,Very High
SO-713384,118,12,569080.2,11,Very High
SO-713393,98,6,592611.4,6,Very High
SO-713468,32,2,168126.4,2,Very High
SO-713489,111,9,3761478.0,8,Very High
SO-713571,13,2,26160.6,2,High
SO-713575,129,8,3275036.0,8,Very High
SO-713706,117,12,2314150.4,11,Very High
SO-713731,121,10,8955435.0,8,Very High
SO-713737,51,6,881087.2,6,Very High
SO-713759,3,1,1840.8,1,Low
SO-713822,60,6,1117608.6,5,Very High
SO-713864,13,4,154245.8,4,Very High
SO-713913,117,10,1974613.8,10,Very High
SO-713936,48,3,635631.0,3,Very High
SO-714037,17,2,341290.0,2,Very High
SO-714083,63,4,913281.0,4,Very High
SO-714087,78,8,2776726.0,7,Very High
SO-714128,117,11,4007278.8,10,Very High
SO-714133,21,3,1291528.0,3,Very High
SO-714275,102,10,1738503.0,8,Very High
SO-714336,100,11,1662348.2,10,Very High
SO-714344,42,7,621924.8,6,Very High
SO-714549,138,11,931356.4,10,Very High
SO-714573,132,11,3315138.2,11,Very High
SO-714591,106,11,2466030.6,9,Very High
SO-714612,48,5,1387320.8,4,Very High
SO-714774,110,10,2267138.6,8,Very High
SO-714818,120,12,1620778.2,10,Very High
SO-714850,121,9,1752924.6,8,Very High
SO-714864,61,5,1130917.6,5,Very High
SO-714882,39,4,1186538.0,4,Very High
SO-714898,139,12,3349730.6,11,Very High
SO-714925,104,10,5409128.0,8,Very High
SO-715050,96,9,1072001.0,5,Very High
SO-715092,16,1,23600.0,1,High
SO-715170,101,9,2633808.2,6,Very High
SO-715253,117,10,2562184.8,8,Very High
SO-715331,122,12,4673825.8,10,Very High
SO-715472,45,4,1624155.0,3,Very High
SO-715533,40,5,374629.60000000003,4,Very High
SO-715552,55,6,469627.2,6,Very High
SO-715584,110,9,2693600.2,8,Very High
SO-715634,118,11,3742966.0,9,Very High
SO-715689,31,3,2883584.0,2,Very High
SO-715718,105,7,4707851.0,5,Very High
SO-715802,36,5,1275328.0,5,Very High
SO-715828,35,3,513567.0,3,Very High
SO-715927,54,3,230949.6,3,Very High
SO-715950,35,3,267428.0,2,Very High
SO-716032,63,8,907793.0,7,Very High
SO-716100,25,3,232772.8,3,Very High
SO-716118,99,7,1016462.2,6,Very High
SO-716122,46,5,372212.0,5,Very High
SO-716125,41,5,636208.8,5,Very High
SO-716160,98,9,1530465.0,6,Very High
SO-716167,64,6,2356743.0,6,Very High
SO-716223,85,9,1298602.6,9,Very High
SO-716281,76,6,882633.6,5,Very High
SO-716340,63,5,1864310.4,4,Very High
SO-716351,69,8,871253.0,8,Very High
SO-716376,90,8,4863902.0,7,Very High
SO-716391,53,6,1149015.4,6,Very High
SO-716454,11,2,6796.8,2,Medium
SO-716507,45,4,1083260.8,4,Very High
SO-716518,17,2,722907.0,2,Very High
SO-716534,74,8,1983467.6,8,Very High
SO-716543,29,2,35022.4,2,High
SO-716693,64,8,597172.0,5,Very High
SO-716748,99,8,649794.0,6,Very High
SO-716765,27,3,1657307.0,3,Very High
SO-716835,1,1,16576.0,1,High
SO-716894,37,4,443676.2,4,Very High
SO-716947,136,12,4491790.8,10,Very High
SO-717011,95,10,2032590.0,8,Very High
SO-717079,80,7,1279399.8,7,Very High
SO-717104,22,3,386281.6,3,Very High
SO-717127,106,10,4385973.0,10,Very High
SO-717258,116,12,4878446.4,11,Very High
SO-717275,127,10,1320970.2,10,Very High
SO-717495,9,2,224621.8,2,Very High
SO-717532,50,4,1257404.0,4,Very High
SO-717536,126,10,1170874.0,7,Very High
SO-717591,73,7,1380977.0,7,Very High
SO-717601,92,8,3254102.4,6,Very High
SO-717687,50,7,602083.2,6,Very High
SO-717713,77,6,2753832.6,6,Very High
SO-717736,24,2,490496.0,2,Very High
SO-717787,12,1,611328.0,1,Very High
SO-717803,80,9,478116.0,8,Very High
SO-717807,10,1,190720.0,1,Very High
SO-717825,14,2,562437.2,2,Very High
SO-717872,27,3,664064.0,3,Very High
SO-717911,124,11,2187412.6,9,Very High
SO-717948,37,5,536567.0,5,Very High
SO-717953,21,2,19576.2,2,High
SO-718011,12,1,17700.0,1,High
SO-718024,95,10,4969582.0,9,Very High
SO-718090,99,10,799537.8,8,Very High
SO-718110,34,3,319177.0,3,Very High
SO-718147,96,7,2095521.6,5,Very High
SO-718148,67,5,2033933.0,4,Very High
SO-718199,121,9,1273565.4,8,Very High
SO-718234,74,7,1316982.2,6,Very High
SO-718255,58,5,1067187.0,5,Very High
SO-718272,127,12,2105274.6,10,Very High
SO-718307,77,5,1230777.0,5,Very High
SO-718514,142,12,4975688.4,10,Very High
SO-718535,51,4,1425865.0,4,Very High
SO-718548,81,8,3229712.4,8,Very High
SO-718621,12,3,49651.6,3,High
SO-718625,104,11,3103256.0,11,Very High
SO-718667,97,8,3447826.0,7,Very High
SO-718750,86,9,1066679.2,8,Very High
SO-718822,59,4,327099.6,4,Very High
SO-718903,83,8,340705.0,8,Very High
SO-718960,31,6,491636.8,6,Very High
SO-718982,123,10,5337084.2,10,Very High
SO-718999,80,7,2367315.0,7,Very High
SO-719071,111,9,2166771.0,8,Very High
SO-719080,98,10,1963731.6,7,Very High
SO-719142,106,7,3715660.0,6,Very High
SO-719175,18,2,1179975.2,2,Very High
SO-719198,92,11,1480938.0,9,Very High
SO-719205,92,9,5537404.4,7,Very High
SO-719208,55,7,1409794.8,7,Very High
SO-719240,94,12,1795898.8,9,Very High
SO-719382,27,5,436749.60000000003,3,Very High
SO-719428,14,1,168504.0,1,Very High
SO-719477,46,7,1319467.6,7,Very High
SO-719532,21,2,326976.0,2,Very High
SO-719609,88,9,3415466.0,9,Very High
SO-719630,55,4,182475.2,4,Very High
SO-719634,28,3,112069.4,3,Very High
SO-719674,24,2,773258.4,2,Very High
SO-719782,17,4,413224.0,4,Very High
SO-719789,65,4,1359955.2,4,Very High
SO-719790,29,3,316359.0,3,Very High
SO-719880,149,12,2959797.8,12,Very High
SO-719908,98,10,1704180.0,9,Very High
SO-720022,81,8,1934802.4,8,Very High
SO-720115,130,12,4315433.8,12,Very High
SO-720172,105,9,1771642.8,8,Very High
SO-720283,87,8,1024316.0,6,Very High
SO-720308,62,5,1026110.0,3,Very High
SO-720347,153,12,2716250.6,10,Very High
SO-720402,23,3,46834.2,3,High
SO-720457,109,12,1821180.6,11,Very High
SO-720542,35,2,1199360.0,2,Very High
SO-720584,24,2,365174.4,2,Very High
SO-720623,35,5,58922.6,4,Very High
SO-720640,143,11,762815.0,9,Very High
SO-720701,60,7,1695498.0,7,Very High
SO-720794,146,12,2247157.0,9,Very High
SO-720804,46,4,505600.0,3,Very High
SO-720836,34,4,672461.0,4,Very High
SO-720867,12,3,192141.0,3,Very High
SO-721006,23,2,42185.0,2,High
SO-721028,112,10,2421896.4,10,Very High
SO-721054,143,12,4703532.0,12,Very High
SO-721158,104,10,2688293.8,9,Very High
SO-721191,23,3,306688.0,3,Very High
SO-721219,139,10,1600657.4,9,Very High
SO-721244,24,2,68121.4,2,Very High
SO-721248,43,5,2252824.0,5,Very High
SO-721267,60,7,1058870.2,6,Very High
SO-721360,19,3,71080.4,3,Very High
SO-721478,46,4,504691.0,4,Very High
SO-721485,113,7,4754816.0,5,Very High
SO-721575,81,8,1444406.2,8,Very High
SO-721589,40,4,756260.0,3,Very High
SO-721713,104,11,6134164.8,9,Very High
SO-721780,33,3,380152.0,3,Very High
SO-721802,47,9,985533.2,7,Very High
SO-721854,97,8,1396922.4,8,Very High
SO-721858,102,8,2282378.0,5,Very High
SO-721877,30,3,61362.4,3,Very High
SO-721903,120,11,873638.8,11,Very High
SO-721910,104,9,2150068.0,7,Very High
SO-721987,15,2,187712.0,2,Very High
SO-722115,6,3,12054.0,3,High
SO-722143,83,6,1770493.4,6,Very High
SO-722189,39,4,3371111.8,3,Very High
SO-722206,81,8,2809384.6,7,Very High
SO-722367,31,3,1551024.4,3,Very High
SO-722374,34,2,431104.0,2,Very High
SO-722388,123,11,2036576.8,9,Very High
SO-722437,68,7,833237.8,6,Very High
SO-722459,57,5,2424072.0,5,Very High
SO-722567,60,6,2805412.4,6,Very High
SO-722613,86,8,2242074.0,7,Very High
SO-722745,82,12,2085804.6,11,Very High
SO-722763,52,5,2638661.0,5,Very High
SO-722794,30,4,3334912.0,3,Very High
SO-722800,119,12,5308869.0,7,Very High
SO-722804,57,5,866021.6,4,Very High
SO-722833,3,1,7965.0,1,Medium
SO-722928,82,7,1896667.8,7,Very High
SO-722956,100,9,2472244.8,8,Very High
SO-723023,98,6,4399446.0,6,Very High
SO-723055,104,12,1901520.0,8,Very High
SO-723117,28,4,2031808.0,4,Very High
SO-723139,25,2,598436.0,2,Very High
SO-723176,110,9,2877688.0,8,Very High
SO-723177,106,11,1731559.0,9,Very High
SO-723200,62,4,707309.6,4,Very High
SO-723212,15,1,20355.0,1,High
SO-723263,46,4,707626.2,4,Very High
SO-723486,105,10,974536.4,10,Very High
SO-723738,139,12,3916957.0,8,Very High
SO-723763,64,7,2492321.0,7,Very High
SO-723772,26,5,1419127.0,5,Very High
SO-723777,68,6,3296420.4,5,Very High
SO-723826,53,5,1189133.5999999999,5,Very High
SO-723903,25,4,167044.8,4,Very High
SO-723918,123,11,4064464.0,11,Very High
SO-723937,10,1,280320.0,1,Very High
SO-723987,54,8,879029.2,8,Very High
SO-723995,41,3,269762.0,3,Very High
SO-724035,47,4,79018.6,3,Very High
SO-724047,74,10,1127142.2,10,Very High
SO-724124,44,5,540867.0,5,Very High
SO-724280,34,3,138946.0,3,Very High
SO-724483,6,1,10266.0,1,High
SO-724542,30,2,1162240.0,2,Very High
SO-724589,97,9,925880.2,9,Very High
SO-724619,66,9,1522791.0,8,Very High
SO-724641,45,4,504607.2,4,Very High
SO-724673,78,8,2162581.8,7,Very High
SO-724679,20,3,629291.0,3,Very High
SO-724740,58,5,822413.0,5,Very High
SO-724751,43,3,2339364.8,3,Very High
SO-724764,5,1,71680.0,1,Very High
SO-724875,83,9,2360002.0,9,Very High
SO-724882,24,3,839744.0,3,Very High
SO-724921,70,6,947897.0,4,Very High
SO-724936,62,4,987938.0,4,Very High
SO-724961,20,4,102209.4,4,Very High
SO-725033,83,8,1480436.2,6,Very High
SO-725049,36,3,446328.0,3,Very High
SO-725097,83,10,1258261.4,9,Very High
SO-725179,48,5,770951.6,5,Very High
SO-725185,113,8,6217648.6,7,Very High
SO-725299,83,5,2316161.0,5,Very High
SO-725358,72,8,979564.0,8,Very High
SO-725380,59,4,222005.2,3,Very High
SO-725390,58,6,1057091.0,6,Very High
SO-725519,82,8,905723.6,6,Very High
SO-725586,54,4,736854.2,4,Very High
SO-725600,110,11,2312427.0,10,Very High
SO-725627,89,6,1094217.6,6,Very High
SO-725729,69,8,1129638.6,8,Very High
SO-725751,113,12,1841199.8,10,Very High
SO-725868,64,7,2017294.0,7,Very High
SO-725892,94,10,4009609.8,9,Very High
SO-725938,95,7,817410.4,6,Very High
SO-725941,16,1,815104.0,1,Very High
SO-725989,72,9,1894564.0,6,Very High
SO-726094,52,5,184475.6,4,Very High
SO-726121,139,11,2033007.2,8,Very High
SO-726129,18,6,256875.0,6,Very High
SO-726147,111,11,1806397.8,11,Very High
SO-726156,138,11,5589180.0,8,Very High
SO-726180,15,2,84429.0,2,Very High
SO-726229,37,3,3462400.0,3,Very High
SO-726245,46,4,300045.6,4,Very High
SO-726253,29,3,387158.0,3,Very High
SO-726281,62,7,428754.2,7,Very High
SO-726332,66,4,2371328.0,3,Very High
SO-726355,71,7,1118102.4,6,Very High
SO-726385,57,5,1540617.0,5,Very High
SO-726466,67,7,1321026.0,7,Very High
SO-726516,17,2,1387648.0,2,Very High
SO-726531,28,2,664064.0,2,Very High
SO-726538,55,5,1217384.8,5,Very High
SO-726555,160,12,5600723.2,10,Very High
SO-726652,31,2,189710.4,2,Very High
SO-726680,23,4,226147.0,3,Very High
SO-726691,89,8,1024552.7999999999,8,Very High
SO-726730,116,8,2085517.0,7,Very High
SO-726743,58,7,1603719.0,7,Very High
SO-726860,32,6,1912926.6,5,Very High
SO-726903,144,11,2883026.0,7,Very High
SO-726930,151,11,3579404.0,9,Very High
SO-726962,35,4,266308.8,4,Very High
SO-727027,16,2,162806.4,2,Very High
SO-727119,111,12,4602000.0,8,Very High
SO-727122,46,5,1240385.2,5,Very High
SO-727152,29,5,203658.0,3,Very High
SO-727178,49,5,2127771.0,5,Very High
SO-727202,111,12,1905304.6,11,Very High
SO-727211,95,10,3593606.0,9,Very High
SO-727255,100,9,2111961.0,8,Very High
SO-727509,32,5,257809.0,5,Very High
SO-727554,60,5,1391067.6,4,Very High
SO-727584,59,5,1887244.0,5,Very High
SO-727624,17,1,29087.0,1,High
SO-727657,85,11,1632043.0,8,Very High
SO-727726,89,7,3052328.0,6,Very High
SO-727779,100,10,2275100.6,10,Very High
SO-727811,87,7,614525.0,7,Very High
SO-728013,84,10,2655466.0,9,Very High
SO-728018,19,1,32509.0,1,High
SO-728168,42,4,951580.0,4,Very High
SO-728204,54,8,668444.0,6,Very High
SO-728234,125,12,2209551.8000000003,12,Very High
SO-728292,3,1,94080.0,1,Very High
SO-728345,77,8,1200833.0,8,Very High
SO-728369,7,2,88367.0,2,Very High
SO-728464,18,1,24426.0,1,High
SO-728573,98,8,934591.0,8,Very High
SO-728603,22,2,334805.0,2,Very High
SO-728684,56,6,810445.4,5,Very High
SO-728823,19,1,532608.0,1,Very High
SO-728983,129,12,981066.0,9,Very High
SO-729014,42,4,533972.0,4,Very High
SO-729019,11,1,1175680.0,1,Very High
SO-729039,20,1,331520.0,1,Very High
SO-729050,90,10,986007.8,8,Very High
SO-729063,54,3,334674.0,3,Very High
SO-729141,111,9,2167649.4,9,Very High
SO-729231,91,7,1263998.8,6,Very High
SO-729263,82,10,2518188.0,8,Very High
SO-729369,81,10,1086933.8,10,Very High
SO-729370,8,1,74104.0,1,Very High
SO-729392,27,3,1235328.0,3,Very High
SO-729414,16,1,21712.0,1,High
SO-729528,48,5,1071423.6,5,Very High
SO-729533,70,7,842419.6,7,Very High
SO-729541,22,2,31612.2,2,High
SO-729566,131,11,4074029.0,10,Very High
SO-729594,50,4,1005476.0,4,Very High
SO-729646,92,7,4581381.6,6,Very High
SO-729695,27,2,84547.0,2,Very High
SO-729833,90,9,6248625.6,8,Very High
SO-729890,29,3,328732.0,3,Very High
SO-729903,32,2,34998.8,2,High
SO-729976,48,5,828510.0,5,Very High
SO-730038,56,7,3646514.2,6,Very High
SO-730126,59,6,559987.4,4,Very High
SO-730318,132,12,3143049.4,10,Very High
SO-730397,31,4,61820.2,4,Very High
SO-730432,107,10,3678370.0,10,Very High
SO-730662,15,1,215040.0,1,Very High
SO-730667,20,1,16992.0,1,High
SO-730697,91,7,415337.8,7,Very High
SO-730776,38,4,429679.8,3,Very High
SO-730834,34,3,674560.0,3,Very High
SO-730865,116,11,1733788.4,10,Very High
SO-731016,125,9,6150494.0,7,Very High
SO-731132,19,4,502912.0,4,Very High
SO-731159,20,2,465245.6,2,Very High
SO-731304,102,9,1138296.0,9,Very High
SO-731452,111,12,1589967.8,9,Very High
SO-731566,99,12,1585733.2,11,Very High
SO-731627,27,3,46291.4,3,High
SO-731672,48,3,1745045.0,3,Very High
SO-731676,128,11,2211182.8,10,Very High
SO-731712,55,4,2507415.0,4,Very High
SO-731735,49,6,895041.0,6,Very High
SO-731931,32,3,241384.4,3,Very High
SO-731945,107,10,1990424.6,9,Very High
SO-732115,35,5,538224.0,5,Very High
SO-732181,40,3,463344.0,3,Very High
SO-732265,61,7,1176785.6,7,Very High
SO-732268,118,11,1545116.0,10,Very High
SO-732319,109,11,2172742.4,9,Very High
SO-732427,25,2,89865.6,2,Very High
SO-732460,8,1,224256.0,1,Very High
SO-732483,24,4,492359.2,4,Very High
SO-732496,113,12,1748290.8,10,Very High
SO-732523,83,8,662674.0,7,Very High
SO-732539,67,6,1052807.2,6,Very High
SO-732637,101,10,2749790.8,10,Very High
SO-732826,78,7,2947561.2,7,Very High
SO-732950,18,1,15292.8,1,High
SO-732973,61,10,381312.2,8,Very High
SO-732978,8,1,21240.0,1,High
SO-733045,103,10,4344112.0,7,Very High
SO-733124,45,3,729220.0,3,Very High
SO-733148,42,6,1084086.4,5,Very High
SO-733190,119,11,4169834.2,9,Very High
SO-733276,43,4,1244532.6,4,Very High
SO-733281,54,5,2162834.4,5,Very High
SO-733290,55,5,4158592.0,3,Very High
SO-733299,19,3,347328.0,3,Very High
SO-733320,101,8,520820.60000000003,8,Very High
SO-733410,63,7,516836.0,6,Very High
SO-733465,115,11,2020091.0,11,Very High
SO-733489,41,4,711339.2,4,Very High
SO-733580,51,5,2536589.0,4,Very High
SO-733610,50,5,1334760.4,5,Very High
SO-733620,22,5,203308.8,5,Very High
SO-733676,53,4,1137153.0,4,Very High
SO-733771,55,5,1102599.6,5,Very High
SO-733937,102,10,1006351.6,10,Very High
SO-734045,137,12,5631034.4,10,Very High
SO-734104,34,3,379451.0,3,Very High
SO-734133,63,9,328415.0,5,Very High
SO-734156,64,7,1530956.6,7,Very High
SO-734342,83,8,803792.2,7,Very High
SO-734365,73,7,3595180.0,6,Very High
SO-734395,12,1,16284.0,1,High
SO-734442,149,12,2282472.2,11,Very High
SO-734451,137,11,4347503.0,10,Very High
SO-734554,82,9,433308.0,7,Very High
SO-734587,107,10,2056586.4,8,Very High
SO-734589,40,5,929233.8,4,Very High
SO-734627,104,10,2138216.0,8,Very High
SO-734669,13,3,17157.2,3,High
SO-734707,81,8,642688.0,7,Very High
SO-734716,46,8,2499411.0,8,Very High
SO-734726,103,9,898505.2,8,Very High
SO-734786,80,6,887327.0,4,Very High
SO-734826,59,7,1451331.2,6,Very High
SO-734832,33,5,86267.0,4,Very High
SO-734865,66,9,608632.4,7,Very High
SO-734918,76,7,4609942.0,7,Very High
SO-734954,44,5,614470.4,4,Very High
SO-735006,135,9,3471272.2,8,Very High
SO-735041,62,9,1201570.8,7,Very High
SO-735071,99,12,1079366.6,10,Very High
SO-735093,77,8,1227626.2,7,Very High
SO-735164,11,1,7528.4,1,Medium
SO-735181,106,12,1528998.8,9,Very High
SO-735254,11,3,352216.8,3,Very High
SO-735284,94,9,2099270.0,8,Very High
SO-735365,100,8,3764707.0,8,Very High
SO-735408,11,1,1175680.0,1,Very High
SO-735467,130,11,2102430.8,11,Very High
SO-735558,24,3,730142.0,3,Very High
SO-735827,98,11,3885148.2,10,Very High
SO-735895,92,9,2116796.0,8,Very High
SO-736045,107,10,3288825.8,9,Very High
SO-736064,23,3,243662.4,3,Very High
SO-736100,127,12,4031742.2,12,Very High
SO-736109,43,5,447139.6,4,Very High
SO-736114,40,6,2592284.0,5,Very High
SO-736116,118,11,1567093.8,10,Very High
SO-736142,114,10,1374251.2,9,Very High
SO-736306,85,8,1473000.0,8,Very High
SO-736331,153,12,3066389.6,11,Very High
SO-736423,52,8,1035176.0,8,Very High
SO-736440,121,12,3145236.8,11,Very High
SO-736496,57,6,1060729.8,5,Very High
SO-736515,94,11,2464170.0,8,Very High
SO-736529,23,2,413873.0,2,Very High
SO-736606,87,8,1114647.2,8,Very High
SO-736622,82,7,1537121.0,6,Very High
SO-736634,2,1,304640.0,1,Very High
SO-736800,48,5,1836532.8,5,Very High
SO-736853,29,2,469081.6,2,Very High
SO-736874,113,12,5674611.0,10,Very High
SO-736921,119,11,1561044.6,10,Very High
SO-736931,63,6,652954.8,6,Very High
SO-737076,93,11,1796647.6,10,Very High
SO-737087,45,4,2570346.0,4,Very High
SO-737186,50,7,876608.0,7,Very High
SO-737202,88,10,650195.4,8,Very High
SO-737206,27,5,100301.0,4,Very High
SO-737277,42,3,2082144.0,3,Very High
SO-737302,109,12,536779.8,10,Very High
SO-737432,44,5,667102.4,4,Very High
SO-737442,136,12,2965414.0,10,Very High
SO-737500,2,1,43264.0,1,High
SO-737558,31,4,1100798.0,4,Very High
SO-737560,96,8,6525621.0,6,Very High
SO-737571,43,5,703822.0,5,Very High
SO-737572,103,10,2571640.4,8,Very High
SO-737578,79,9,1650968.4,9,Very High
SO-737591,135,12,1605032.4000000001,10,Very High
SO-737634,107,11,1741423.4,11,Very High
SO-737789,6,1,10266.0,1,High
SO-737799,106,8,2348036.6,8,Very High
SO-737948,60,4,3313703.4,3,Very High
SO-737959,33,3,217190.8,3,Very High
SO-737995,127,11,4094440.0,11,Very High
SO-738006,84,7,1562067.2,7,Very High
SO-738099,23,2,340928.0,2,Very High
SO-738113,58,7,2716404.8,7,Very High
SO-738197,44,5,1614982.8,4,Very High
SO-738343,147,11,2570400.1999999997,7,Very High
SO-738440,104,12,2599750.8,8,Very High
SO-738485,61,4,1359617.0,4,Very High
SO-738521,60,7,722977.0,6,Very High
SO-738524,88,8,2840663.0,7,Very High
SO-738536,87,10,5421238.4,8,Very High
SO-738631,35,5,973869.0,4,Very High
SO-738739,14,2,178727.0,2,Very High
SO-738753,37,3,679724.8,3,Very High
SO-738774,124,10,4452894.0,7,Very High
SO-738862,167,12,1923749.8,12,Very High
SO-738893,128,12,4495399.2,9,Very High
SO-738980,116,11,1464534.0,11,Very High
SO-739025,114,12,764218.0,10,Very High
SO-739030,139,12,8075806.8,10,Very High
SO-739056,44,5,1925533.8,5,Very High
SO-739156,55,5,802609.0,4,Very High
SO-739254,115,11,2620916.2,9,Very High
SO-739302,20,3,394519.0,3,Very High
SO-739436,39,4,513077.0,4,Very High
SO-739447,80,8,566762.8,8,Very High
SO-739472,48,3,1199982.8,3,Very High
SO-739479,119,11,2787631.8,8,Very High
SO-739522,12,1,198912.0,1,Very High
SO-739535,19,1,32509.0,1,High
SO-739542,22,3,230215.8,3,Very High
SO-739546,47,4,296717.8,4,Very High
SO-739562,106,10,3535478.0,10,Very High
SO-739563,55,6,2376977.6,6,Very High
SO-739564,27,2,367723.2,2,Very High
SO-739594,16,1,231424.0,1,Very High
SO-739610,64,8,2202473.2,8,Very High
SO-739664,70,6,1426706.6,6,Very High
SO-739683,108,11,2419327.2,9,Very High
SO-739694,81,8,2446377.0,8,Very High
SO-739719,135,11,3381891.8,8,Very High
SO-739798,44,4,842327.2,4,Very High
SO-740043,38,5,1457877.0,5,Very High
SO-740125,96,10,1979633.4,10,Very High
SO-740135,63,5,2982415.6,5,Very High
SO-740245,38,3,785393.0,3,Very High
SO-740276,57,7,1145720.0,6,Very High
SO-740280,66,5,443074.2,5,Very High
SO-740287,35,2,3607808.0,2,Very High
SO-740302,140,11,5382861.0,9,Very High
SO-740320,80,5,1533207.2,5,Very High
SO-740332,52,5,2052691.6,5,Very High
SO-740468,93,10,2593107.2,8,Very High
SO-740481,33,2,560718.0,2,Very High
SO-740487,73,6,1714924.8,6,Very High
SO-740529,46,3,96653.8,3,Very High
SO-740572,75,7,2450552.0,7,Very High
SO-740573,84,7,2842770.0,7,Very High
SO-740600,105,7,692609.0,6,Very High
SO-740643,152,12,2547307.2,9,Very High
SO-740696,4,1,6844.0,1,Medium
SO-740704,118,10,1352880.6,9,Very High
SO-740768,95,9,3574416.6,8,Very High
SO-740784,76,5,672502.6,5,Very High
SO-740944,58,7,1942128.0,7,Very High
SO-740966,48,5,348942.2,4,Very High
SO-741015,86,8,909794.2,6,Very High
SO-741103,82,11,969454.8,9,Very High
SO-741167,137,12,6215545.0,8,Very High
SO-741194,52,4,1546255.4,4,Very High
SO-741278,120,8,2438563.8,8,Very High
SO-741345,71,7,2635106.6,6,Very High
SO-741474,80,7,3063109.0,6,Very High
SO-741480,80,6,3501875.2,4,Very High
SO-741507,79,8,4302008.8,7,Very High
SO-741519,49,10,2547311.4,8,Very High
SO-741624,30,4,355797.6,4,Very High
SO-741834,79,7,2072439.6,6,Very High
SO-741954,62,5,2389881.0,5,Very High
SO-741973,31,2,18360.800000000003,2,High
SO-742005,39,4,2000565.0,3,Very High
SO-742007,13,2,369152.0,2,Very High
SO-742015,57,10,1652204.8,9,Very High
SO-742044,75,12,1825208.2,10,Very High
SO-742060,145,11,3542434.8,10,Very High
SO-742082,58,9,1805496.4,8,Very High
SO-742150,17,2,132608.0,2,Very High
SO-742172,53,5,1000795.4,5,Very High
SO-742199,23,4,474068.0,4,Very High
SO-742206,73,7,2072328.6,7,Very High
SO-742237,87,7,1022761.0,6,Very High
SO-742289,101,12,2697710.6,9,Very High
SO-742302,120,11,4348395.2,9,Very High
SO-742314,85,10,2390412.8,9,Very High
SO-742315,93,10,5610895.8,8,Very High
SO-742387,25,3,430362.0,3,Very High
SO-742389,65,6,2894607.8,5,Very High
SO-742395,78,7,1139582.0,7,Very High
SO-742567,92,8,3450468.0,7,Very High
SO-742587,36,5,573440.6,5,Very High
SO-742748,116,11,4648578.0,8,Very High
SO-742760,47,3,828499.4,3,Very High
SO-742801,89,8,2845371.4,8,Very High
SO-742809,97,8,4378824.4,7,Very High
SO-742930,71,6,836419.4,6,Very High
SO-742974,87,8,2921410.6,7,Very High
SO-742975,139,11,5217479.0,10,Very High
SO-743002,44,3,389401.6,3,Very High
SO-743003,94,8,1441413.4,8,Very High
SO-743037,55,8,1088231.6,7,Very High
SO-743048,66,6,1356899.0,5,Very High
SO-743156,102,7,1386970.0,7,Very High
SO-743174,49,4,630549.0,4,Very High
SO-743253,78,6,5534848.0,5,Very High
SO-743278,64,7,1855895.8,7,Very High
SO-743320,85,9,2054904.2,8,Very High
SO-743416,11,1,491392.0,1,Very High
SO-743437,111,10,1679366.0,9,Very High
SO-743490,109,12,2703264.2,9,Very High
SO-743558,29,2,43018.4,2,High
SO-743563,70,5,1444484.2,5,Very High
SO-743604,61,5,5049148.0,5,Very High
SO-743632,79,7,1021278.4,5,Very High
SO-743705,124,9,2853998.0,8,Very High
SO-743763,23,2,2951424.0,2,Very High
SO-743779,56,6,791859.8,5,Very High
SO-743802,77,6,476645.0,4,Very High
SO-743808,18,3,234966.0,3,Very High
SO-743826,99,8,3973503.6,8,Very High
SO-743892,40,3,993763.0,3,Very High
SO-743970,47,4,1260557.0,4,Very High
SO-743984,104,11,2577638.4,11,Very High
SO-744000,51,4,488570.0,4,Very High
SO-744019,147,11,1349937.8,10,Very High
SO-744025,20,2,231830.4,2,Very High
SO-744037,55,3,2805120.0,2,Very High
SO-744097,90,11,1498366.6,9,Very High
SO-744106,126,10,4619230.0,9,Very High
SO-744114,66,6,777423.2,4,Very High
SO-744160,48,4,90996.8,3,Very High
SO-744176,25,3,1039488.0,3,Very High
SO-744196,67,6,521284.8,5,Very High
SO-744213,142,12,3367122.8,9,Very High
SO-744228,11,1,388608.0,1,Very High
SO-744237,33,3,237994.2,3,Very High
SO-744303,90,9,1399703.8,9,Very High
SO-744306,28,3,1043431.0,3,Very High
SO-744328,101,8,1875216.0,7,Very High
SO-744330,100,10,1135630.2,8,Very High
SO-744333,119,12,2560361.8,8,Very High
SO-744362,58,8,392962.2,7,Very High
SO-744439,30,3,1521834.0,3,Very High
SO-744446,57,6,376461.6,6,Very High
SO-744455,115,11,2314683.0,8,Very High
SO-744683,13,1,364416.0,1,Very High
SO-744697,115,10,519072.60000000003,8,Very High
SO-744709,67,8,1479654.8,7,Very High
SO-744950,72,5,685671.4,5,Very High
SO-745021,44,6,520556.0,6,Very High
SO-745068,49,6,1387911.0,6,Very High
SO-745164,92,8,2697114.8,8,Very High
SO-745390,46,4,876746.0,4,Very High
SO-745439,120,11,2864776.6,9,Very High
SO-745455,89,8,2454179.8,8,Very High
SO-745486,28,2,32615.2,2,High
SO-745511,99,9,1866032.0,9,Very High
SO-745679,64,5,1957055.2,5,Very High
SO-745699,77,7,2240526.0,7,Very High
SO-745725,102,9,1101036.2,9,Very High
SO-745737,88,10,3883276.0,5,Very High
SO-745741,69,5,3293681.0,4,Very High
SO-745809,83,10,2154655.8,9,Very High
SO-745830,38,3,3051776.0,3,Very High
SO-745891,15,1,887040.0,1,Very High
SO-745904,111,11,2196935.4,9,Very High
SO-745945,17,1,1005312.0,1,Very High
SO-745998,135,12,7306672.6,12,Very High
SO-746017,129,10,4619811.2,10,Very High
SO-746042,29,2,784810.0,2,Very High
SO-746066,42,3,1435120.0,3,Very High
SO-746072,143,12,2198865.2,10,Very High
SO-746161,65,5,1650314.4,4,Very High
SO-746162,24,5,421787.2,5,Very High
SO-746191,39,4,373441.2,3,Very High
SO-746198,35,6,175983.0,4,Very High
SO-746229,103,10,614957.8,8,Very High
SO-746296,48,8,255638.2,7,Very High
SO-746320,172,12,1970221.8,8,Very High
SO-746401,17,2,824367.0,2,Very High
SO-746625,73,7,3432220.0,7,Very High
SO-746713,41,5,329764.6,5,Very High
SO-746723,83,7,3296756.8,7,Very High
SO-746846,41,4,804094.4,4,Very High
SO-746921,37,6,220674.2,5,Very High
SO-746993,84,8,3370645.8,7,Very High
SO-747006,48,5,52144.2,5,Very High
SO-747018,20,2,2898741.0,2,Very High
SO-747095,46,3,428830.0,3,Very High
SO-747125,94,10,1071866.2,9,Very High
SO-747134,47,3,3064241.6,3,Very High
SO-747144,70,8,1902861.0,6,Very High
SO-747194,82,7,2184618.2,7,Very High
SO-747249,48,4,994533.2,4,Very High
SO-747259,91,6,1659579.6,6,Very High
SO-747328,116,11,3269026.4,9,Very High
SO-747397,116,11,3998147.8,10,Very High
SO-747429,37,4,528768.0,3,Very High
SO-747433,86,12,2582622.8,11,Very High
SO-747444,34,4,611597.0,4,Very High
SO-747451,8,1,357376.0,1,Very High
SO-747452,48,7,910696.0,6,Very High
SO-747613,143,11,3206774.0,8,Very High
SO-747632,86,11,1100935.0,8,Very High
SO-747638,1,1,566.4,1,Very Low
SO-747662,101,10,1888204.2,8,Very High
SO-747673,33,5,1022400.0,5,Very High
SO-747689,83,7,1458370.0,7,Very High
SO-747764,29,2,801330.0,2,Very High
SO-747875,57,7,1509998.0,5,Very High
SO-747936,103,10,2186250.2,10,Very High
SO-747940,72,7,392463.8,5,Very High
SO-748089,32,5,472645.0,5,Very High
SO-748104,14,2,33394.0,2,High
SO-748126,152,11,2238983.6,9,Very High
SO-748130,84,8,2727555.2,7,Very High
SO-748185,15,2,45597.0,2,High
SO-748192,68,6,1520498.0,6,Very High
SO-748198,44,4,465187.2,4,Very High
SO-748239,48,5,675474.8,5,Very High
SO-748264,76,6,721370.8,6,Very High
SO-748284,75,6,1300651.6,6,Very High
SO-748311,109,11,1418931.0,11,Very High
SO-748329,35,5,876801.2,5,Very High
SO-748339,15,2,11788.2,2,High
SO-748363,82,7,1481165.6,7,Very High
SO-748438,86,9,4702273.0,9,Very High
SO-748449,25,4,508897.6,3,Very High
SO-748456,20,1,185260.0,1,Very High
SO-748567,114,12,1961401.4,10,Very High
SO-748568,26,2,251456.0,2,Very High
SO-748639,3,1,9408.0,1,Medium
SO-748709,108,9,258256.4,7,Very High
SO-748761,83,10,619050.2,8,Very High
SO-748847,16,1,21712.0,1,High
SO-748978,80,7,2214330.0,7,Very High
SO-749016,37,6,1389936.6,6,Very High
SO-749020,45,6,1407736.4,6,Very High
SO-749184,69,6,454549.6,5,Very High
SO-749248,34,2,101126.0,2,Very High
SO-749273,123,11,5477038.0,9,Very High
SO-749413,2,1,213760.0,1,Very High
SO-749429,18,1,298368.0,1,Very High
SO-749613,62,5,1262474.0,5,Very High
SO-749631,75,10,1284697.6,9,Very High
SO-749636,129,11,2870147.6,10,Very High
SO-749650,112,11,2494648.8,9,Very High
SO-749680,61,8,1930291.2,8,Very High
SO-749692,98,9,2015714.4,8,Very High
SO-749722,35,7,268989.0,7,Very High
SO-749734,28,3,343740.8,3,Very High
SO-749737,42,5,439139.0,4,Very High
SO-749810,38,6,192147.8,5,Very High
SO-749839,97,11,1599108.0,11,Very High
SO-749859,66,7,585353.4,5,Very High
SO-749871,84,6,4919421.0,6,Very High
SO-749974,22,2,141808.0,2,Very High
SO-749993,111,10,2167868.8,7,Very High
SO-750043,36,5,369240.0,4,Very High
SO-750059,84,7,936468.0,6,Very High
SO-750065,12,1,198912.0,1,Very High
SO-750080,104,11,1030048.2,10,Very High
SO-750163,19,1,2030720.0,1,Very High
SO-750187,108,10,2246005.8,9,Very High
SO-750190,43,5,2629372.0,4,Very High
SO-750216,12,1,172032.0,1,Very High
SO-750247,78,10,2957827.4,10,Very High
SO-750265,123,10,3025843.0,6,Very High
SO-750351,18,1,635904.0,1,Very High
SO-750374,103,6,2242047.0,6,Very High
SO-750402,28,4,36931.2,4,High
SO-750490,75,8,1403201.8,8,Very High
SO-750551,105,11,903347.6,9,Very High
SO-750589,1,1,16576.0,1,High
SO-750593,91,9,2596070.4,8,Very High
SO-750596,19,2,274816.0,1,Very High
SO-750603,67,7,1034755.0,6,Very High
SO-750679,26,2,22089.6,1,High
SO-750697,23,2,1102976.0,2,Very High
SO-750702,94,11,2156438.0,9,Very High
SO-750714,33,2,1292088.0,2,Very High
SO-750741,90,10,2241820.6,9,Very High
SO-750780,148,12,2838212.6,12,Very High
SO-750802,90,10,5957338.4,9,Very High
SO-750912,13,1,22243.0,1,High
SO-750972,37,4,322187.2,4,Very High
SO-751050,71,6,3791609.0,6,Very High
SO-751070,63,7,1182011.0,7,Very High
SO-751078,88,11,4832848.4,9,Very High
SO-751096,116,11,436910.4,7,Very High
SO-751201,27,2,192042.0,2,Very High
SO-751251,62,4,421425.0,4,Very High
SO-751294,45,4,84004.2,2,Very High
SO-751298,20,2,196056.8,2,Very High
SO-751354,52,4,3602196.8,4,Very High
SO-751367,21,4,329855.0,4,Very High
SO-751382,52,4,933816.0,4,Very High
SO-751409,69,5,565812.6,5,Very High
SO-751410,25,2,368128.0,2,Very High
SO-751436,42,4,688307.0,4,Very High
SO-751531,103,11,563757.2,8,Very High
SO-751559,10,1,131840.0,1,Very High
SO-751579,61,5,591920.0,5,Very High
SO-751643,157,12,950730.8,10,Very High
SO-751684,62,6,274941.2,4,Very High
SO-751695,74,6,1239053.0,5,Very High
SO-751724,53,6,791875.0,6,Very High
SO-751765,47,6,324806.2,6,Very High
SO-751867,78,9,2242842.8,9,Very High
SO-752136,50,4,210854.0,3,Very High
SO-752179,92,8,1897055.4,7,Very High
SO-752182,66,9,1721231.8,8,Very High
SO-752233,49,5,533803.6,5,Very High
SO-752235,33,2,1463936.0,2,Very High
SO-752370,106,10,1838074.8,9,Very High
SO-752386,53,4,1394910.8,4,Very High
SO-752400,67,5,1778185.6,4,Very High
SO-752502,68,6,320328.2,6,Very High
SO-752638,64,9,2296348.2,9,Very High
SO-752711,59,5,302570.4,5,Very High
SO-752718,54,5,630321.0,4,Very High
SO-752819,14,1,37170.0,1,High
SO-752830,60,9,1145831.4,8,Very High
SO-752922,108,12,3338986.2,9,Very High
SO-752935,69,7,2143166.8,6,Very High
SO-752978,119,10,3258883.6,9,Very High
SO-753040,62,7,1996534.6,6,Very High
SO-753053,39,6,263857.0,4,Very High
SO-753085,59,5,1737602.0,5,Very High
SO-753110,12,1,336384.0,1,Very High
SO-753113,37,4,1583767.0,4,Very High
SO-753166,19,2,14655.6,2,High
SO-753232,60,4,2469019.0,4,Very High
SO-753235,104,9,1284702.0,7,Very High
SO-753294,23,2,995840.0,2,Very High
SO-753351,17,3,483013.0,3,Very High
SO-753405,128,12,1594494.0,8,Very High
SO-753406,7,1,64841.0,1,Very High
SO-753500,96,10,3381208.2,10,Very High
SO-753531,97,9,1539151.0,8,Very High
SO-753552,42,3,63047.4,3,Very High
SO-753669,83,8,2330195.8,8,Very High
SO-753670,82,8,1511255.0,6,Very High
SO-753735,75,6,773994.2,6,Very High
SO-753751,48,6,318785.6,5,Very High
SO-753777,4,1,3398.4,1,Low
SO-753783,8,1,1218560.0,1,Very High
SO-753788,37,4,1639960.0,3,Very High
SO-753836,82,8,1259041.6,7,Very High
SO-753883,69,8,946680.2000000001,7,Very High
SO-753914,13,2,688640.0,2,Very High
SO-753952,88,9,3296179.4,7,Very High
SO-754105,122,9,2326124.6,7,Very High
SO-754175,119,11,2540317.0,8,Very High
SO-754239,44,6,310037.0,5,Very High
SO-754243,117,11,1445236.0,11,Very High
SO-754299,13,2,580736.0,1,Very High
SO-754360,33,3,949678.0,3,Very High
SO-754362,80,8,1803563.4,7,Very High
SO-754366,85,9,563872.6,6,Very High
SO-754369,124,12,5446222.8,10,Very High
SO-754383,65,6,1118225.0,6,Very High
SO-754407,19,1,967936.0,1,Very High
SO-754439,75,7,1852505.6,7,Very High
SO-754465,34,2,365568.0,2,Very High
SO-754470,62,6,253557.0,5,Very High
SO-754483,97,9,1184095.4,7,Very High
SO-754499,22,3,658624.0,3,Very High
SO-754590,65,6,2028867.8,6,Very High
SO-754639,69,7,2493372.0,6,Very High
SO-754650,48,4,3399538.4,4,Very High
SO-754813,23,3,1566720.0,3,Very High
SO-754919,71,9,747115.6,8,Very High
SO-754972,126,10,6610140.8,9,Very High
SO-755003,40,4,1337863.0,4,Very High
SO-755043,67,5,2646272.0,5,Very High
SO-755082,62,5,2458752.0,5,Very High
SO-755179,87,10,2625910.6,8,Very High
SO-755241,93,11,1192681.0,10,Very High
SO-755246,45,3,457222.6,3,Very High
SO-755447,88,7,1857175.4,7,Very High
SO-755559,26,2,2135552.0,2,Very High
SO-755586,43,3,341642.2,3,Very High
SO-755589,134,10,4855713.8,8,Very High
SO-755628,51,5,585755.8,5,Very High
SO-755669,18,4,55854.6,4,Very High
SO-755673,130,12,3013545.0,11,Very High
SO-755738,37,3,925504.0,3,Very High
SO-755754,98,11,1757241.4,10,Very High
SO-755758,136,11,3332758.6,8,Very High
SO-755792,105,8,2399724.2,7,Very High
SO-755862,55,4,2157780.4,4,Very High
SO-755896,48,9,1487088.0,8,Very High
SO-755993,142,11,1131034.6,11,Very High
SO-756014,71,8,1686930.0,8,Very High
SO-756065,70,7,2478192.6,6,Very High
SO-756071,88,8,3351573.2,8,Very High
SO-756118,32,4,1032519.0,4,Very High
SO-756121,56,7,489676.8,5,Very High
SO-756175,115,11,3266397.0,10,Very High
SO-756199,68,7,2982284.0,7,Very High
SO-756235,35,3,2154629.0,3,Very High
SO-756248,40,3,126176.0,3,Very High
SO-756270,88,5,2060880.0,5,Very High
SO-756428,95,10,1632366.4,9,Very High
SO-756449,56,6,2120996.0,6,Very High
SO-756450,128,11,2759585.8,11,Very High
SO-756461,50,4,1311426.0,4,Very High
SO-756477,67,6,1493705.6,6,Very High
SO-756522,2,1,56064.0,1,Very High
SO-756548,116,9,2347314.2,8,Very High
SO-756732,37,4,110023.2,3,Very High
SO-756796,41,6,2002517.0,6,Very High
SO-756805,29,3,1387612.4,3,Very High
SO-756811,56,6,857126.2,6,Very High
SO-756860,57,8,1002551.6,8,Very High
SO-756913,23,3,594368.0,3,Very High
SO-756981,38,5,2424197.2,5,Very High
SO-757146,5,1,140160.0,1,Very High
SO-757148,51,4,2234403.2,4,Very High
SO-757266,69,5,1742870.0,5,Very High
SO-757297,39,4,444907.4,4,Very High
SO-757325,113,11,4126201.2,9,Very High
SO-757332,65,6,1460655.0,6,Very High
SO-757392,58,7,1373744.0,5,Very High
SO-757407,35,5,1341918.0,5,Very High
SO-757411,108,8,3243567.0,6,Very High
SO-757413,51,4,913212.0,4,Very High
SO-757419,61,4,2355712.0,4,Very High
SO-757502,39,3,286199.4,3,Very High
SO-757643,145,12,4476867.2,11,Very High
SO-757699,107,12,2495490.2,10,Very High
SO-757708,58,7,415146.19999999995,7,Very High
SO-757834,66,4,3944827.0,4,Very High
SO-757868,99,9,2535867.0,8,Very High
SO-757962,57,7,346963.0,5,Very High
SO-757978,107,9,1821907.6,6,Very High
SO-757990,74,6,2483712.0,4,Very High
SO-758045,117,11,1537159.4,9,Very High
SO-758058,27,2,144373.0,2,Very High
SO-758080,71,7,2202382.4,7,Very High
SO-758082,90,6,3070576.0,6,Very High
SO-758084,42,3,825141.0,3,Very High
SO-758159,76,10,3150453.0,8,Very High
SO-758175,88,7,724259.6,6,Very High
SO-758197,39,4,239128.0,4,Very High
SO-758214,177,12,2326896.6,9,Very High
SO-758283,49,7,823343.0,6,Very High
SO-758353,6,1,4106.4,1,Low
SO-758415,77,6,2129312.0,4,Very High
SO-758455,56,7,2982439.0,7,Very High
SO-758603,17,1,204612.0,1,Very High
SO-758796,19,2,531536.0,2,Very High
SO-758801,61,6,2083794.0,5,Very High
SO-758833,117,9,3264001.0,8,Very High
SO-758861,37,3,853099.2,3,Very High
SO-758867,55,4,512431.2,4,Very High
SO-758895,23,3,528832.0,3,Very High
SO-758896,37,2,2878720.0,2,Very High
SO-759152,72,8,2170103.8,8,Very High
SO-759156,72,9,1317294.0,8,Very High
SO-759158,117,11,1496184.4,10,Very High
SO-759222,49,5,1537559.0,4,Very High
SO-759289,117,12,5666462.6,9,Very High
SO-759451,139,11,2330997.2,8,Very High
SO-759492,111,9,2785546.0,9,Very High
SO-759499,43,6,557888.6,6,Very High
SO-759570,27,3,257225.4,3,Very High
SO-759623,72,6,1304615.0,5,Very High
SO-759666,15,1,25665.0,1,High
SO-759672,29,4,2258864.8,4,Very High
SO-759674,45,5,684703.0,5,Very High
SO-759681,85,8,521052.0,8,Very High
SO-759683,30,4,398045.0,4,Very High
SO-759754,83,8,1107170.6,8,Very High
SO-759824,97,10,1618715.4,9,Very High
SO-759930,129,12,4266851.0,10,Very High
SO-759934,35,5,645666.0,4,Very High
SO-760038,103,9,5629116.0,6,Very High
SO-760094,80,8,1752472.0,8,Very High
SO-760131,122,10,1898347.4,8,Very High
SO-760137,118,10,1868022.8,9,Very High
SO-760143,3,1,64896.0,1,Very High
SO-760150,111,10,1276886.8,8,Very High
SO-760197,3,1,27789.0,1,High
SO-760226,50,4,2448020.0,4,Very High
SO-760277,112,12,1004419.2,8,Very High
SO-760283,42,7,1592979.0,7,Very High
SO-760297,62,8,2486950.0,7,Very High
SO-760302,55,7,4369613.2,7,Very High
SO-760315,36,2,877855.0,2,Very High
SO-760322,20,3,896222.0,3,Very High
SO-760367,71,5,533235.0,5,Very High
SO-760466,42,5,445132.0,5,Very High
SO-760575,94,9,2248793.0,7,Very High
SO-760664,55,8,1742137.4,7,Very High
SO-760685,99,11,2810746.0,8,Very High
SO-760834,26,3,159920.0,3,Very High
SO-760859,42,5,525337.8,5,Very High
SO-760906,54,5,766456.0,5,Very High
SO-760947,33,3,3055815.2,3,Very High
SO-760960,36,6,1739128.0,6,Very High
SO-761002,80,9,1419470.6,9,Very High
SO-761039,24,2,236172.8,2,Very High
SO-761081,36,3,1114620.0,3,Very High
SO-761117,41,4,420119.0,4,Very High
SO-761129,35,3,384500.0,3,Very High
SO-761179,124,11,3000249.0,11,Very High
SO-761200,117,10,1897894.0,7,Very High
SO-761544,99,11,2538909.6,9,Very High
SO-761585,63,7,1475486.8,7,Very High
SO-761613,91,10,4205557.2,9,Very High
SO-761638,5,1,108160.0,1,Very High
SO-761703,105,9,2160522.0,7,Very High
SO-761803,18,2,38460.8,2,High
SO-761819,88,11,1773495.0,11,Very High
SO-761821,13,1,40768.0,1,High
SO-762031,22,2,328996.8,2,Very High
SO-762116,19,2,258669.0,2,Very High
SO-762129,102,12,2178214.2,11,Very High
SO-762152,71,7,784250.0,7,Very High
SO-762182,130,11,2681430.6,9,Very High
SO-762214,88,7,3072499.6,7,Very High
SO-762286,56,5,3340056.0,5,Very High
SO-762290,81,7,2246772.0,6,Very High
SO-762328,129,10,1992728.4,8,Very High
SO-762386,72,7,1113788.6,7,Very High
SO-762397,140,11,1884815.6,9,Very High
SO-762407,41,6,2095214.0,6,Very High
SO-762527,59,10,3048177.0,6,Very High
SO-762642,51,5,707557.4,5,Very High
SO-762648,29,4,214638.2,4,Very High
SO-762696,114,10,1410784.0,9,Very High
SO-762971,76,7,384551.0,7,Very High
SO-763013,63,6,945400.0,5,Very High
SO-763081,19,1,1123584.0,1,Very High
SO-763108,75,5,1060063.0,4,Very High
SO-763139,86,9,1875996.0,8,Very High
SO-763150,13,1,580736.0,1,Very High
SO-763191,8,1,25088.0,1,High
SO-763219,103,11,2379419.0,8,Very High
SO-763258,52,3,2844800.0,3,Very High
SO-763319,102,10,3609071.8,8,Very High
SO-763371,42,3,666625.2,3,Very High
SO-763436,87,8,1913642.2,8,Very High
SO-763460,56,6,2417408.0,6,Very High
SO-763464,76,6,3170562.4,4,Very High
SO-763476,55,6,541321.2000000001,4,Very High
SO-763497,112,8,2454848.2,6,Very High
SO-763652,99,12,6138561.8,10,Very High
SO-763689,29,2,30432.2,2,High
SO-763696,86,7,4168206.0,7,Very High
SO-763716,131,12,4057427.2,10,Very High
SO-763834,95,11,3185146.4,11,Very High
SO-763870,66,6,1544992.6,6,Very High
SO-763878,120,12,4471715.8,9,Very High
SO-763892,56,5,672385.2,5,Very High
SO-763899,68,6,1049720.0,5,Very High
SO-763948,91,9,3294592.0,8,Very High
SO-763994,15,3,880233.0,3,Very High
SO-764015,56,5,3029561.0,5,Very High
SO-764085,22,3,61242.0,2,Very High
SO-764105,141,12,2903791.6,9,Very High
SO-764113,8,1,407552.0,1,Very High
SO-764130,125,10,1700373.0,9,Very High
SO-764138,66,7,723967.4,7,Very High
SO-764177,56,4,2701134.0,4,Very High
SO-764295,75,7,3521353.0,7,Very High
SO-764355,108,10,2091753.0,9,Very High
SO-764427,41,3,1136716.0,3,Very High
SO-764428,21,2,108029.0,2,Very High
SO-764440,128,10,7507964.0,8,Very High
SO-764530,9,1,28224.0,1,High
SO-764531,118,10,2073564.8,9,Very High
SO-764575,42,3,237067.2,3,Very High
SO-764601,97,8,2678140.2,8,Very High
SO-764653,123,11,4093683.8,9,Very High
SO-764682,124,10,2281151.4,9,Very High
SO-764732,59,8,3208521.0,8,Very High
SO-764887,32,3,1203200.0,2,Very High
SO-764995,94,11,1020541.2,9,Very High
SO-764996,88,9,3393666.6,8,Very High
SO-765001,45,5,249500.8,5,Very High
SO-765021,64,6,1240347.0,6,Very High
SO-765024,78,11,1774079.6,10,Very High
SO-765039,89,8,3975246.0,6,Very High
SO-765071,27,2,260972.0,2,Very High
SO-765117,51,5,354524.2,4,Very High
SO-765135,15,1,10266.0,1,High
SO-765208,93,10,2093249.2,9,Very High
SO-765254,28,2,24614.8,2,High
SO-765341,34,5,1115904.0,4,Very High
SO-765346,83,7,2679656.0,7,Very High
SO-765375,61,7,1052851.0,7,Very High
SO-765479,11,2,861056.0,2,Very High
SO-765505,72,6,1813070.0,4,Very High
SO-765524,74,8,618236.8,8,Very High
SO-765527,17,1,183872.0,1,Very High
SO-765540,110,12,4660127.6,11,Very High
SO-765553,62,5,426075.4,5,Very High
SO-765575,98,10,1847083.6,10,Very High
SO-765595,115,12,4424024.6,10,Very High
SO-765612,110,11,1649091.8,11,Very High
SO-765622,115,11,3608568.6,10,Very High
SO-765698,77,9,715062.4,9,Very High
SO-765711,44,5,667991.8,5,Very High
SO-765930,121,11,2544913.0,8,Very High
SO-766001,48,4,1166252.0,4,Very High
SO-766027,31,4,684077.0,4,Very High
SO-766043,89,7,838095.2,6,Very High
SO-766087,32,3,519712.4,3,Very High
SO-766128,79,11,1355889.0,10,Very High
SO-766129,66,4,1070198.8,4,Very High
SO-766181,57,7,839140.2,7,Very High
SO-766251,41,4,873638.4,3,Very High
SO-766254,54,8,607488.0,6,Very High
SO-766281,44,4,890592.0,4,Very High
SO-766312,78,8,809396.4,8,Very High
SO-766326,75,9,1459340.0,9,Very High
SO-766365,28,3,78602.8,3,Very High
SO-766416,34,3,644717.6,3,Very High
SO-766432,42,4,952816.0,4,Very High
SO-766446,42,3,2512384.0,3,Very High
SO-766529,91,9,3192900.0,7,Very High
SO-766624,90,11,2610247.8,10,Very High
SO-766735,98,11,652228.4,9,Very High
SO-766761,71,5,1761609.4,5,Very High
SO-766764,6,3,7823.400000000001,3,Medium
SO-766801,100,9,3950913.0,8,Very High
SO-766810,60,5,1981710.0,5,Very High
SO-766828,100,10,971129.2,8,Very High
SO-766906,55,5,388972.2,4,Very High
SO-766911,124,12,7199572.6,9,Very High
SO-766948,95,10,1801618.6,8,Very High
SO-766961,63,8,1834154.8,8,Very High
SO-766989,146,11,2316253.4,9,Very High
SO-767152,62,7,3916419.0,7,Very High
SO-767195,75,6,3723633.2,5,Very High
SO-767209,80,6,280495.0,5,Very High
SO-767222,52,7,712658.0,6,Very High
SO-767309,44,4,1144272.0,4,Very High
SO-767388,7,1,356608.0,1,Very High
SO-767389,13,2,19765.0,2,High
SO-767391,158,12,3780232.2,11,Very High
SO-767397,60,7,560974.4,6,Very High
SO-767441,42,3,982402.0,3,Very High
SO-767493,68,6,658397.0,6,Very High
SO-767494,119,12,571225.4,9,Very High
SO-767682,51,4,4283136.0,4,Very High
SO-767694,54,4,3659904.0,3,Very High
SO-767700,34,4,279735.8,4,Very High
SO-767768,121,9,5630216.4,8,Very High
SO-767837,78,8,1676922.4,6,Very High
SO-767844,60,6,1263304.2,6,Very High
SO-767924,37,4,1266432.0,4,Very High
SO-767972,55,5,546110.0,5,Very High
SO-768040,65,7,539327.6,7,Very High
SO-768092,36,4,411453.8,4,Very High
SO-768103,120,10,1173638.2,8,Very High
SO-768147,47,6,568960.4,6,Very High
SO-768201,28,3,296701.0,3,Very High
SO-768208,13,1,140608.0,1,Very High
SO-768212,3,1,27789.0,1,High
SO-768264,28,4,1259264.0,4,Very High
SO-768267,119,11,2501398.6,9,Very High
SO-768362,115,11,3776962.2,8,Very High
SO-768408,90,11,1578125.8,9,Very High
SO-768553,16,3,91035.0,3,Very High
SO-768577,23,3,975457.0,3,Very High
SO-768586,44,3,671418.0,3,Very High
SO-768663,34,3,378239.0,3,Very High
SO-768666,70,6,2586571.8,5,Very High
SO-768715,13,1,662272.0,1,Very High
SO-768818,53,6,2291211.0,5,Very High
SO-768867,131,12,1336573.0,10,Very High
SO-768906,125,10,1682028.4000000001,8,Very High
SO-768925,17,1,533120.0,1,Very High
SO-768987,42,5,498508.2,5,Very High
SO-768997,67,8,1384777.0,7,Very High
SO-769025,40,5,1092789.0,5,Very High
SO-769112,106,9,1654544.6,7,Very High
SO-769204,55,5,1248058.8,4,Very High
SO-769232,94,10,974351.0,8,Very High
SO-769301,79,9,1716191.0,7,Very High
SO-769307,11,1,344960.0,1,Very High
SO-769425,48,4,894563.0,3,Very High
SO-769627,43,5,802486.0,5,Very High
SO-769672,84,8,3124023.0,8,Very High
SO-769684,76,10,2710355.4,10,Very High
SO-769785,30,4,619478.0,4,Very High
SO-769880,10,1,509440.0,1,Very High
SO-769889,27,2,2999552.0,2,Very High
SO-769964,105,12,1510246.2,12,Very High
SO-770052,101,9,1942368.8,8,Very High
SO-770053,13,2,233920.0,2,Very High
SO-770151,105,12,1545946.0,12,Very High
SO-770166,92,11,2153443.0,9,Very High
SO-770207,123,11,3323739.5999999996,10,Very High
SO-770222,49,5,937586.6,5,Very High
SO-770270,73,5,1280177.0,4,Very High
SO-770346,118,12,3770468.4,10,Very High
SO-770409,83,5,801573.0,4,Very High
SO-770410,67,8,3771324.8,6,Very High
SO-770566,129,11,1822521.4,7,Very High
SO-770585,96,9,1186456.8,8,Very High
SO-770682,10,2,94819.2,2,Very High
SO-770692,113,11,2731747.4,10,Very High
SO-770702,110,10,1847649.8,9,Very High
SO-770705,120,12,2678916.0,10,Very High
SO-770715,16,1,50176.0,1,Very High
SO-770820,67,6,1156398.8,5,Very High
SO-770911,3,1,36108.0,1,High
SO-771038,61,6,758224.0,5,Very High
SO-771127,126,12,4271248.8,10,Very High
SO-771192,113,10,1464727.4,9,Very High
SO-771217,76,6,4284160.0,5,Very High
SO-771242,103,9,2410444.2,8,Very High
SO-771271,69,6,1715141.2,6,Very High
SO-771322,22,2,28402.6,2,High
SO-771375,76,7,3134437.8,7,Very High
SO-771378,128,12,1830635.2,10,Very High
SO-771381,39,3,931956.0,3,Very High
SO-771522,82,9,1564188.0,9,Very High
SO-771541,108,12,1620764.8,9,Very High
SO-771566,54,5,2715922.0,5,Very High
SO-771698,30,3,118090.8,3,Very High
SO-771751,81,5,1687946.4,5,Very High
SO-771816,109,12,2851034.2,12,Very High
SO-771834,108,9,2626133.6,7,Very High
SO-771858,12,2,319792.8,2,Very High
SO-771905,36,3,501056.0,3,Very High
SO-771909,30,4,104082.2,3,Very High
SO-771953,122,12,2329245.6,10,Very High
SO-771970,146,11,2301299.8,11,Very High
SO-771972,33,3,758455.0,3,Very High
SO-772045,25,3,489543.0,3,Very High
SO-772066,42,4,1655749.0,4,Very High
SO-772092,17,1,79237.0,1,Very High
SO-772119,105,12,1329150.6,10,Very High
SO-772126,47,5,3477251.0,4,Very High
SO-772137,39,5,717988.8,4,Very High
SO-772142,16,1,229376.0,1,Very High
SO-772252,80,8,1954726.2,7,Very High
SO-772256,31,3,2498940.2,3,Very High
SO-772309,29,2,324644.0,2,Very High
SO-772335,20,4,721805.0,4,Very High
SO-772338,43,5,922048.0,5,Very High
SO-772339,77,8,3084408.2,6,Very High
SO-772380,87,10,815524.4,10,Very High
SO-772391,88,8,2059993.0,8,Very High
SO-772453,57,5,3344392.0,4,Very High
SO-772524,47,5,130862.0,5,Very High
SO-772567,79,5,726026.4,5,Very High
SO-772740,41,3,244380.4,3,Very High
SO-772838,151,11,1345889.2,8,Very High
SO-772841,74,5,1792950.4,5,Very High
SO-772857,48,3,1392128.0,2,Very High
SO-772868,106,12,3191337.2,9,Very High
SO-773060,53,6,973379.0,6,Very High
SO-773110,78,7,956674.6,7,Very High
SO-773115,76,7,3433173.0,6,Very High
SO-773167,128,12,942395.6,10,Very High
SO-773177,98,11,2588223.0,10,Very High
SO-773191,110,9,2010926.0,7,Very High
SO-773314,105,10,2916030.6,8,Very High
SO-773354,20,1,216320.0,1,Very High
SO-773391,86,6,3104094.8,5,Very High
SO-773410,86,7,1385409.2,7,Very High
SO-773471,76,7,4258199.0,7,Very High
SO-773474,35,2,2745472.0,2,Very High
SO-773510,74,7,1791449.8,6,Very High
SO-773519,65,7,753930.3999999999,6,Very High
SO-773548,17,2,105999.4,2,Very High
SO-773563,110,12,2510298.8,9,Very High
SO-773583,52,5,471931.0,5,Very High
SO-773623,89,8,3349794.6,7,Very High
SO-773682,118,10,1132537.6,7,Very High
SO-773717,6,2,460672.0,2,Very High
SO-773767,83,8,1465118.0,7,Very High
SO-773775,7,1,4295.2,1,Low
SO-773779,44,3,595984.0,3,Very High
SO-773816,31,2,1012864.0,2,Very High
SO-773831,66,6,2301588.4,5,Very High
SO-773848,66,4,1021573.0,4,Very High
SO-773926,141,12,3000719.0,10,Very High
SO-773945,117,9,1819865.4,8,Very High
SO-773977,96,9,4351793.0,8,Very High
SO-773995,109,8,4108502.4,8,Very High
SO-774025,85,7,1026793.6000000001,7,Very High
SO-774069,100,11,4378257.399999999,10,Very High
SO-774081,76,8,796601.0,7,Very High
SO-774116,87,8,5049947.0,6,Very High
SO-774125,80,9,2498932.0,8,Very High
SO-774133,118,11,1798016.0,8,Very High
SO-774168,15,1,22125.0,1,High
SO-774274,105,11,1758135.0,9,Very High
SO-774309,100,9,1536011.4,9,Very High
SO-774387,41,4,3185006.6,4,Very High
SO-774420,140,12,2408216.2,10,Very High
SO-774421,46,3,1456797.0,3,Very High
SO-774475,22,3,136085.0,3,Very High
SO-774511,110,11,2137912.2,10,Very High
SO-774555,117,12,3964717.4,8,Very High
SO-774562,122,11,2669819.8,9,Very High
SO-774584,133,11,5040923.0,11,Very High
SO-774646,19,2,982284.0,2,Very High
SO-774654,17,2,46578.0,2,High
SO-774691,168,11,2842292.4,10,Very High
SO-774748,16,1,714752.0,1,Very High
SO-774769,9,1,402048.0,1,Very High
SO-774774,51,6,3356489.0,6,Very High
SO-774789,64,7,556105.8,6,Very High
SO-774824,52,6,4705664.0,5,Very High
SO-774875,99,11,3160222.2,9,Very High
SO-774880,105,9,4683033.4,7,Very High
SO-774906,96,6,815791.0,5,Very High
SO-774937,67,9,2444802.4,8,Very High
SO-774962,54,4,1255154.8,4,Very High
SO-774977,82,7,2877746.2,7,Very High
SO-774992,49,4,1271796.0,4,Very High
SO-775004,92,10,1233113.8,8,Very High
SO-775020,62,5,1929577.6,5,Very High
SO-775058,90,8,3332135.4,7,Very High
SO-775134,119,11,3925325.6,11,Very High
SO-775154,67,5,1613755.2,5,Very High
SO-775186,31,2,392632.0,2,Very High
SO-775187,79,7,1396243.2,7,Very High
SO-775304,13,2,8472.4,2,Medium
SO-775342,88,8,4053526.0,7,Very High
SO-775351,56,4,845560.0,4,Very High
SO-775411,122,10,1706510.6,9,Very High
SO-775472,18,1,804096.0,1,Very High
SO-775535,130,12,3248698.2,9,Very High
SO-775568,15,2,24567.6,2,High
SO-775577,82,8,646218.6,7,Very High
SO-775608,16,1,74576.0,1,Very High
SO-775714,52,6,685761.4,6,Very High
SO-775754,41,4,1411205.0,4,Very High
SO-775839,51,3,1191503.0,3,Very High
SO-775869,6,2,8059.4,2,Medium
SO-775870,42,4,3311916.0,4,Very High
SO-775930,82,9,2871328.0,7,Very High
SO-775976,119,11,1795909.0,9,Very High
SO-775978,19,1,16142.4,1,High
SO-776085,121,11,2932055.0,10,Very High
SO-776113,5,1,1829.0,1,Low
SO-776130,106,12,1080917.8,12,Very High
SO-776150,88,10,1442230.0,9,Very High
SO-776245,128,12,1544836.8,12,Very High
SO-776279,76,7,2034546.0,6,Very High
SO-776282,114,11,3488362.4,10,Very High
SO-776333,57,5,1078869.0,5,Very High
SO-776443,67,5,1530842.8,5,Very High
SO-776608,2,1,1227.2,1,Low
SO-776646,148,11,4965767.0,11,Very High
SO-776679,44,4,328433.0,4,Very High
SO-776820,50,5,552901.2,5,Very High
SO-776878,78,8,1886312.0,7,Very High
SO-776902,86,7,914165.2,6,Very High
SO-776913,111,11,1513815.0,11,Very High
SO-776922,49,4,1083848.8,4,Very High
SO-776929,26,5,627834.4,4,Very High
SO-776969,18,3,423807.6,3,Very High
SO-777002,77,5,5455396.8,4,Very High
SO-777070,69,5,1282101.4,5,Very High
SO-777072,37,2,1437952.0,2,Very High
SO-777225,135,12,3357544.8,10,Very High
SO-777242,119,12,2642516.8,8,Very High
SO-777269,39,3,982133.0,3,Very High
SO-777383,86,10,1991420.4,10,Very High
SO-777391,62,6,390822.0,6,Very High
SO-777478,25,2,360192.0,2,Very High
SO-777683,73,10,745403.2,8,Very High
SO-777702,44,6,633845.2,6,Very High
SO-777712,48,7,1333889.2,7,Very High
SO-777719,80,6,1422635.0,6,Very High
SO-777761,21,2,282804.0,2,Very High
SO-777825,63,5,1176604.8,4,Very High
SO-777864,114,8,5621929.0,6,Very High
SO-777877,24,4,183573.0,4,Very High
SO-777918,11,1,18821.0,1,High
SO-777951,72,6,105444.8,5,Very High
SO-778067,64,6,3790979.0,5,Very High
SO-778165,150,12,3317340.4,10,Very High
SO-778208,56,7,1092545.0,7,Very High
SO-778232,112,12,2077046.2,11,Very High
SO-778284,104,9,2641824.0,7,Very High
SO-778404,136,12,2440409.0,10,Very High
SO-778427,81,8,231154.8,6,Very High
SO-778452,26,3,316737.0,3,Very High
SO-778515,14,1,494592.0,1,Very High
SO-778587,83,5,1208782.6,5,Very High
SO-778653,12,1,7363.2,1,Medium
SO-778671,38,3,93644.8,3,Very High
SO-778758,42,5,350313.8,4,Very High
SO-778871,134,12,4624374.0,10,Very High
SO-778901,64,7,2399582.0,7,Very High
SO-778903,92,9,797309.8,9,Very High
SO-778911,1,1,3136.0,1,Low
SO-779113,12,2,125021.0,2,Very High
SO-779203,42,6,435598.6,6,Very High
SO-779251,120,10,1991114.6,9,Very High
SO-779254,50,4,668706.8,4,Very High
SO-779303,30,3,547156.8,3,Very High
SO-779374,14,1,232064.0,1,Very High
SO-779391,56,6,2319616.0,6,Very High
SO-779423,128,12,4813686.8,7,Very High
SO-779501,68,9,2283881.0,8,Very High
SO-779566,93,6,1798815.0,6,Very High
SO-779587,77,10,885108.2,9,Very High
SO-779652,11,2,21180.0,2,High
SO-779895,15,1,248640.0,1,Very High
SO-780028,33,5,776090.0,5,Very High
SO-780093,34,3,147570.8,3,Very High
SO-780097,11,1,145024.0,1,Very High
SO-780135,41,3,1440768.0,3,Very High
SO-780173,108,12,6414244.0,10,Very High
SO-780207,69,8,1329423.6,7,Very High
SO-780236,100,10,1700845.0,9,Very High
SO-780303,112,10,3935290.8,9,Very High
SO-780348,85,9,605498.8,7,Very High
SO-780425,43,8,1538056.0,8,Very High
SO-780494,50,5,490472.0,5,Very High
SO-780516,91,11,1451676.2,9,Very High
SO-780533,69,5,966589.0,4,Very High
SO-780541,104,9,1985099.4,7,Very High
SO-780578,28,2,508556.8,2,Very High
SO-780579,13,1,171392.0,1,Very High
SO-780696,100,9,2639181.2,6,Very High
SO-780717,121,11,1980657.6,8,Very High
SO-780744,31,2,64369.0,2,Very High
SO-780833,27,2,2325888.0,2,Very High
SO-780885,78,9,1346562.0,7,Very High
SO-780889,120,11,440873.4,10,Very High
SO-780906,9,1,28224.0,1,High
SO-780908,56,7,223006.0,7,Very High
SO-780952,29,3,246144.0,3,Very High
SO-781004,128,12,3270644.6,10,Very High
SO-781018,132,12,4886698.4,9,Very High
SO-781027,26,2,59374.4,2,Very High
SO-781029,109,9,2366976.4,9,Very High
SO-781039,22,4,1402401.2,4,Very High
SO-781077,4,1,6844.0,1,Medium
SO-781109,76,5,497973.6,5,Very High
SO-781112,52,4,190452.0,3,Very High
SO-781113,82,8,1393763.6,8,Very High
SO-781127,67,7,4053616.0,5,Very High
SO-781147,154,12,3757891.0,12,Very High
SO-781214,34,4,318612.80000000005,4,Very High
SO-781246,73,6,738689.2000000001,6,Very High
SO-781442,128,11,1337520.2,10,Very High
SO-781573,58,3,62115.2,3,Very High
SO-781607,52,5,3479576.8,5,Very High
SO-781633,81,7,988623.0,7,Very High
SO-781644,102,9,1214251.4,8,Very High
SO-781731,49,5,1061498.6,4,Very High
SO-781751,96,9,5187980.0,7,Very High
SO-781769,137,11,2720297.4,11,Very High
SO-781772,105,10,1589003.2,8,Very High
SO-781818,20,2,83453.0,2,Very High
SO-781820,81,12,2572170.2,8,Very High
SO-781849,19,2,369280.0,2,Very High
SO-781960,30,2,405120.0,2,Very High
SO-781998,6,1,8850.0,1,Medium
SO-782001,78,8,1073386.6,8,Very High
SO-782018,34,4,129583.0,4,Very High
SO-782032,83,9,2237644.4,8,Very High
SO-782061,45,4,1197253.6,4,Very High
SO-782104,23,2,915712.0,2,Very High
SO-782168,106,10,1786995.0,8,Very High
SO-782181,20,2,1013277.0,2,Very High
SO-782207,123,10,1241707.2,10,Very High
SO-782224,121,12,1037359.6,11,Very High
SO-782225,85,9,1651092.4,9,Very High
SO-782230,35,4,699295.0,3,Very High
SO-782260,5,2,32037.0,2,High
SO-782341,13,2,198418.8,2,Very High
SO-782414,28,4,453901.0,3,Very High
SO-782568,79,7,3074047.0,6,Very High
SO-782625,33,4,471992.0,4,Very High
SO-782627,72,8,2875474.2,7,Very High
SO-782659,24,4,563968.0,3,Very High
SO-782688,73,6,2348676.0,6,Very High
SO-782700,29,2,2484224.0,2,Very High
SO-782740,12,1,37632.0,1,High
SO-782790,112,11,3923096.0,10,Very High
SO-782820,45,3,221143.8,3,Very High
SO-782828,133,12,3585894.0,10,Very High
SO-782935,110,10,1720457.4,9,Very High
SO-782991,21,2,287808.0,2,Very High
SO-783027,50,4,2460345.0,4,Very High
SO-783074,80,8,3079666.0,8,Very High
SO-783192,138,12,2652232.6,8,Very High
SO-783230,123,10,1471279.2,8,Very High
SO-783250,71,6,784650.8,5,Very High
SO-783253,8,2,514048.0,2,Very High
SO-783262,24,2,377216.0,2,Very High
SO-783284,86,9,3671744.0,8,Very High
SO-783288,36,2,308563.2,2,Very High
SO-783325,35,6,609511.2,6,Very High
SO-783623,6,2,330240.0,2,Very High
SO-783701,10,1,3658.0,1,Low
SO-783733,91,9,3343738.4,9,Very High
SO-783754,12,1,158208.0,1,Very High
SO-783777,66,4,1328283.2,4,Very High
SO-783805,21,3,1088073.0,3,Very High
SO-783820,90,8,3782258.6,8,Very High
SO-783979,114,10,4118948.4,9,Very High
SO-783980,137,12,1769120.2,9,Very High
SO-784064,7,1,4295.2,1,Low
SO-784104,81,9,1356798.2,8,Very High
SO-784118,88,10,1307790.8,7,Very High
SO-784185,48,5,1977891.0,5,Very High
SO-784247,52,6,3531307.0,6,Very High
SO-784319,128,10,5217166.0,7,Very High
SO-784453,18,2,139520.0,2,Very High
SO-784468,72,4,3244672.0,4,Very High
SO-784550,132,11,4124728.6,9,Very High
SO-784656,97,10,1950524.4,9,Very High
SO-784711,6,2,296293.6,2,Very High
SO-784806,119,10,1171083.6,9,Very High
SO-784845,97,12,3332617.0,10,Very High
SO-784867,53,7,819178.8,7,Very High
SO-784947,64,6,406975.2,6,Very High
SO-784967,149,11,3018847.8,7,Very High
SO-785088,78,7,1057374.0,6,Very High
SO-785115,42,3,1129733.0,3,Very High
SO-785166,115,12,761493.6,12,Very High
SO-785188,53,5,383954.6,5,Very High
SO-785249,96,9,2269776.0,9,Very High
SO-785355,83,8,4763734.4,7,Very High
SO-785463,31,3,164280.8,3,Very High
SO-785472,81,8,1116715.4,6,Very High
SO-785480,94,11,1719664.2,10,Very High
SO-785501,139,12,3434224.2,11,Very High
SO-785507,44,5,633825.0,5,Very High
SO-785509,71,7,657894.4,5,Very High
SO-785523,41,4,1106044.0,4,Very High
SO-785547,74,7,2892078.0,6,Very High
SO-785558,55,5,2151752.6,5,Very High
SO-785580,130,11,4162624.0,10,Very High
SO-785677,84,8,1484743.0,7,Very High
SO-785736,123,10,1379011.2,9,Very High
SO-785782,20,2,1392000.6,2,Very High
SO-785783,98,8,2501816.4,8,Very High
SO-785809,28,2,188210.0,2,Very High
SO-785827,6,1,168192.0,1,Very High
SO-785840,104,9,1239410.2,8,Very High
SO-785911,130,11,2366925.0,7,Very High
SO-785931,1,1,28032.0,1,High
SO-786016,146,12,9896112.0,8,Very High
SO-786026,89,8,3040104.6,8,Very High
SO-786055,87,12,4142981.4,11,Very High
SO-786056,92,11,2618906.2,9,Very High
SO-786089,109,12,1840921.2,8,Very High
SO-786108,121,8,847138.2,7,Very High
SO-786175,63,6,1475575.6,5,Very High
SO-786297,30,2,970130.0,2,Very High
SO-786381,92,6,1803379.0,6,Very High
SO-786555,130,12,1933550.4,11,Very High
SO-786563,56,5,1480786.4,5,Very High
SO-786615,28,2,1228992.0,2,Very High
SO-786729,68,9,1112753.6,8,Very High
SO-786731,25,2,172681.2,2,Very High
SO-786749,50,7,912622.6,6,Very High
SO-786841,53,8,1663403.0,7,Very High
SO-786890,100,10,805586.8,6,Very High
SO-786896,87,10,1338107.0,8,Very High
SO-787015,3,1,57216.0,1,Very High
SO-787084,36,3,661888.0,3,Very High
SO-787146,31,2,418371.2,2,Very High
SO-787188,117,8,2766384.0,6,Very High
SO-787205,64,9,933968.4,9,Very High
SO-787260,127,11,1879647.4,10,Very High
SO-787268,68,6,4355784.6,5,Very High
SO-787289,2,1,56064.0,1,Very High
SO-787332,102,9,1566718.8,8,Very High
SO-787366,121,11,3632396.0,11,Very High
SO-787433,106,10,3449043.2,8,Very High
SO-787519,46,7,1112203.0,7,Very High
SO-787528,107,12,1515290.4,12,Very High
SO-787607,26,3,830848.0,3,Very High
SO-787608,69,6,2973321.6,6,Very High
SO-787618,22,2,351156.0,2,Very High
SO-787654,36,5,1745968.0,3,Very High
SO-787665,11,1,1675520.0,1,Very High
SO-787713,55,5,1043046.4,5,Very High
SO-787729,38,3,665876.0,3,Very High
SO-787748,93,8,6320448.0,7,Very High
SO-787759,35,4,696478.0,3,Very High
SO-787836,82,8,1404527.4,7,Very High
SO-787868,30,4,495652.8,4,Very High
SO-787869,66,5,849348.0,5,Very High
SO-787916,10,1,8496.0,1,Medium
SO-787993,8,4,81781.0,4,Very High
SO-788076,20,2,2131584.0,2,Very High
SO-788174,43,4,414019.4,4,Very High
SO-788180,50,6,454698.4,6,Very High
SO-788200,24,4,379769.0,3,Very High
SO-788217,19,1,967936.0,1,Very High
SO-788335,117,10,2220598.0,9,Very High
SO-788382,59,4,1236233.8,4,Very High
SO-788423,100,9,1787628.0,7,Very High
SO-788441,4,1,2454.4,1,Low
SO-788467,101,9,7078546.8,6,Very High
SO-788516,94,10,3029313.8,9,Very High
SO-788547,17,1,45135.0,1,High
SO-788564,52,5,1907225.0,5,Very High
SO-788600,72,7,1222084.0,7,Very High
SO-788752,10,1,144640.0,1,Very High
SO-788814,3,1,1699.2,1,Low
SO-788840,136,11,1694998.0,8,Very High
SO-788848,20,1,12272.0,1,High
SO-788864,36,3,2608284.6,3,Very High
SO-788869,85,6,4500672.0,5,Very High
SO-788968,33,2,52911.2,2,Very High
SO-789041,80,9,2611012.4,8,Very High
SO-789047,18,1,26550.0,1,High
SO-789061,6,2,104625.6,2,Very High
SO-789106,97,10,919797.0,8,Very High
SO-789158,80,7,1123227.8,6,Very High
SO-789314,109,8,2925942.0,8,Very High
SO-789374,34,3,172834.6,3,Very High
SO-789376,64,6,1215771.8,4,Very High
SO-789385,88,9,944399.2,8,Very High
SO-789439,124,9,3977433.2,8,Very High
SO-789451,11,1,560384.0,1,Very High
SO-789599,89,8,1877705.6,7,Very High
SO-789632,70,7,740821.8,7,Very High
SO-789636,56,7,2106210.6,7,Very High
SO-789677,66,6,4146833.0,6,Very High
SO-789768,121,10,1795633.0,10,Very High
SO-789856,136,11,978057.8,9,Very High
SO-789972,131,11,1512318.4,10,Very High
SO-790026,31,4,208888.8,4,Very High
SO-790157,15,1,286080.0,1,Very High
SO-790260,19,2,495552.0,2,Very High
SO-790264,107,8,4873627.0,7,Very High
SO-790352,51,5,493550.0,5,Very High
SO-790362,132,11,2881187.8,9,Very High
SO-790423,49,5,932452.0,5,Very High
SO-790431,62,7,961832.6,7,Very High
SO-790433,26,2,448036.0,2,Very High
SO-790455,70,5,383880.0,5,Very High
SO-790482,105,10,1989204.2,7,Very High
SO-790516,116,12,2372240.6,10,Very High
SO-790525,118,9,2419804.6,8,Very High
SO-790599,39,5,1916156.0,5,Very High
SO-790600,38,4,254287.0,3,Very High
SO-790613,84,9,307303.6,7,Very High
SO-790635,87,7,2974481.0,6,Very High
SO-790646,62,7,466757.2,7,Very High
SO-790651,62,6,1073180.8,5,Very High
SO-790652,56,6,522529.4,6,Very High
SO-790668,84,10,1272803.6,8,Very High
SO-790681,1,1,613.6,1,Very Low
SO-790690,54,5,820697.0,4,Very High
SO-790736,155,11,4420986.0,9,Very High
SO-790852,112,10,5719013.6,9,Very High
SO-790964,106,9,1697460.2,8,Very High
SO-790971,100,9,1552367.2,9,Very High
SO-790974,126,10,3890567.4,7,Very High
SO-791001,91,9,2150255.4,9,Very High
SO-791028,143,12,2813423.8,10,Very High
SO-791266,75,11,1142327.2,8,Very High
SO-791268,39,3,431393.0,3,Very High
SO-791280,141,11,4395863.8,9,Very High
SO-791350,3,1,4071.0,1,Low
SO-791354,23,2,233555.2,2,Very High
SO-791373,95,7,1444989.0,5,Very High
SO-791436,58,6,1037879.2,6,Very High
SO-791476,34,5,355635.2,5,Very High
SO-791491,7,2,61652.0,2,Very High
SO-791529,78,9,1075312.0,8,Very High
SO-791594,55,5,708135.2,5,Very High
SO-791622,19,1,848768.0,1,Very High
SO-791701,48,6,567138.2,6,Very High
SO-791740,50,4,2702664.0,4,Very High
SO-791930,48,4,446667.6,4,Very High
SO-791937,6,1,354816.0,1,Very High
SO-791971,51,5,2661756.6,5,Very High
SO-791975,82,6,4357376.4,6,Very High
SO-792112,117,12,1991211.8,9,Very High
SO-792124,78,10,1799311.8,9,Very High
SO-792186,50,3,4897917.0,2,Very High
SO-792201,164,11,2359429.8,11,Very High
SO-792223,64,7,1809150.0,6,Very High
SO-792274,126,12,1402242.2,11,Very High
SO-792275,29,3,465452.0,3,Very High
SO-792343,46,4,2358144.0,4,Very High
SO-792356,74,9,3679680.0,7,Very High
SO-792476,18,6,540911.0,6,Very High
SO-792522,12,2,311424.0,2,Very High
SO-792537,85,11,2218350.6,10,Very High
SO-792548,101,10,3175543.2,9,Very High
SO-792559,123,10,2827816.6,8,Very High
SO-792596,126,12,3433869.0,9,Very High
SO-792654,59,6,1250369.2,5,Very High
SO-792674,20,2,1849408.0,2,Very High
SO-792737,10,2,642743.2,2,Very High
SO-792764,83,6,3352100.8,6,Very High
SO-792787,47,4,1505456.0,4,Very High
SO-792797,104,10,1039254.8,7,Very High
SO-792821,35,4,501868.0,4,Very High
SO-792848,87,6,1538071.4,6,Very High
SO-792853,12,2,239934.0,2,Very High
SO-792858,95,9,2989021.0,9,Very High
SO-793002,123,12,5497597.0,10,Very High
SO-793020,10,1,17110.0,1,High
SO-793032,133,11,2448096.0,9,Very High
SO-793140,68,6,1114949.6,6,Very High
SO-793206,77,9,1472231.0,8,Very High
SO-793308,125,12,2765216.6,11,Very High
SO-793321,131,12,3065790.8,10,Very High
SO-793324,19,2,32509.0,2,High
SO-793403,63,5,2222478.8,5,Very High
SO-793419,10,1,509440.0,1,Very High
SO-793625,136,12,3026836.4,10,Very High
SO-793666,13,1,140608.0,1,Very High
SO-793747,57,6,427211.4,6,Very High
SO-793799,77,8,1821728.0,8,Very High
SO-793813,43,5,590650.0,5,Very High
SO-793872,52,5,110046.8,4,Very High
SO-793950,96,9,3385137.0,7,Very High
SO-793955,100,12,1063348.6,11,Very High
SO-793966,77,11,1900522.4,9,Very High
SO-793977,47,6,1245434.0,6,Very High
SO-794026,1,1,50944.0,1,Very High
SO-794033,58,4,1298021.2,4,Very High
SO-794034,136,10,3757785.8,7,Very High
SO-794064,40,6,1064392.0,4,Very High
SO-794078,73,7,1197561.0,7,Very High
SO-794122,86,6,3513780.0,6,Very High
SO-794134,30,2,290689.2,2,Very High
SO-794144,43,8,567975.4,5,Very High
SO-794325,86,9,914130.2,8,Very High
SO-794385,74,7,3039989.6,5,Very High
SO-794542,6,2,170880.0,2,Very High
SO-794645,2,1,70656.0,1,Very High
SO-794653,37,4,930949.0,3,Very High
SO-794718,108,9,5181055.2,7,Very High
SO-794765,123,12,1734014.0,10,Very High
SO-794807,25,3,55557.0,2,Very High
SO-794817,118,12,5057888.0,10,Very High
SO-794826,6,1,99456.0,1,Very High
SO-794860,57,5,1176164.8,5,Very High
SO-794864,41,3,1099111.0,3,Very High
SO-794886,3,1,57216.0,1,Very High
SO-794899,97,10,2919667.6,9,Very High
SO-794913,60,6,1955286.0,5,Very High
SO-794982,64,5,1897806.8,5,Very High
SO-795107,2,1,2714.0,1,Low
SO-795118,76,7,1880998.0,6,Very High
SO-795127,23,3,142802.4,3,Very High
SO-795135,33,2,2308477.0,2,Very High
SO-795137,123,10,1126171.0,10,Very High
SO-795195,19,3,139696.0,3,Very High
SO-795213,52,3,2384384.0,3,Very High
SO-795236,69,5,2405988.0,5,Very High
SO-795250,55,6,873514.8,5,Very High
SO-795303,24,3,1366863.0,3,Very High
SO-795382,30,2,438687.0,2,Very High
SO-795400,31,3,366332.0,3,Very High
SO-795414,48,5,3513600.0,4,Very High
SO-795418,89,8,1240714.2,7,Very High
SO-795442,44,4,1212839.0,4,Very High
SO-795461,18,1,916992.0,1,Very High
SO-795476,38,3,3748096.0,3,Very High
SO-795506,89,7,1050721.0,6,Very High
SO-795512,79,8,2267717.6,6,Very High
SO-795630,118,10,1122857.0,10,Very High
SO-795638,126,12,1926618.0,10,Very High
SO-795722,66,6,424059.4,6,Very High
SO-795774,51,5,1035874.4,5,Very High
SO-795806,139,12,2362861.4,10,Very High
SO-795815,29,3,2462080.0,3,Very High
SO-795816,69,8,1144583.0,8,Very High
SO-795849,78,7,2362657.4,7,Very High
SO-795895,14,1,11894.4,1,High
SO-795911,120,10,4992761.0,9,Very High
SO-795921,66,5,1492811.6,5,Very High
SO-795926,54,5,1663941.2,5,Very High
SO-795982,92,8,1542461.0,6,Very High
SO-795989,6,1,8850.0,1,Medium
SO-796000,10,2,153088.0,2,Very High
SO-796135,18,1,194688.0,1,Very High
SO-796146,50,5,410134.0,4,Very High
SO-796185,10,2,230784.0,2,Very High
SO-796197,64,7,662284.2,6,Very High
SO-796252,105,10,2307263.8,9,Very High
SO-796269,75,8,651487.4,5,Very High
SO-796332,131,10,2787008.4,8,Very High
SO-796369,21,2,141114.0,2,Very High
SO-796378,120,12,2065442.2,10,Very High
SO-796379,105,11,1474773.4,10,Very High
SO-796384,28,5,42845.8,5,High
SO-796489,5,2,353792.0,2,Very High
SO-796495,38,3,2122496.0,3,Very High
SO-796544,111,11,2254595.2,8,Very High
SO-796547,83,10,1190166.0,8,Very High
SO-796597,16,1,192576.0,1,Very High
SO-796625,15,4,67626.4,4,Very High
SO-796630,67,5,897649.0,5,Very High
SO-796779,80,6,2430469.6,6,Very High
SO-796781,121,10,1888295.6,9,Very High
SO-796852,123,10,2309467.0,7,Very High
SO-796921,116,8,1641124.8,8,Very High
SO-796951,108,10,3080245.4,8,Very High
SO-796982,109,12,2974771.8,9,Very High
SO-797016,155,10,1812703.2,9,Very High
SO-797068,89,6,1668884.0,5,Very High
SO-797085,95,12,2044696.2,10,Very High
SO-797101,36,5,953160.0,5,Very High
SO-797102,92,10,2377542.4,9,Very High
SO-797144,80,8,1588390.0,7,Very High
SO-797165,71,8,511152.0,7,Very High
SO-797267,9,1,108324.0,1,Very High
SO-797279,93,9,1582758.8,9,Very High
SO-797302,70,6,3203508.8,5,Very High
SO-797308,145,11,1599694.2,11,Very High
SO-797310,79,7,2853775.2,7,Very High
SO-797430,32,3,489020.6,3,Very High
SO-797457,132,9,3596735.0,7,Very High
SO-797581,54,4,1164267.0,4,Very High
SO-797613,34,4,83768.2,3,Very High
SO-797621,53,6,907336.8,6,Very High
SO-797675,19,2,414301.6,2,Very High
SO-797693,106,10,4071937.8,9,Very High
SO-797747,102,10,2813173.6,9,Very High
SO-797816,102,8,1788325.8,8,Very High
SO-797842,74,6,4241717.2,6,Very High
SO-797843,35,3,822824.8,3,Very High
SO-797847,7,1,5947.2,1,Medium
SO-797852,85,7,2340294.0,5,Very High
SO-798064,44,3,345606.0,3,Very High
SO-798096,113,12,1723606.0,10,Very High
SO-798179,99,11,1564534.2,11,Very High
SO-798190,135,12,4031832.0,9,Very High
SO-798216,48,4,883648.0,3,Very High
SO-798257,54,5,906016.8,5,Very High
SO-798274,97,9,1442921.0,7,Very High
SO-798277,22,2,676027.2,2,Very High
SO-798317,23,2,806848.0,2,Very High
SO-798324,116,10,1387078.2,9,Very High
SO-798391,42,3,1676160.0,3,Very High
SO-798399,143,12,3521008.6,9,Very High
SO-798423,65,5,2747628.0,4,Very High
SO-798439,102,9,1239368.8,7,Very High
SO-798444,11,1,18821.0,1,High
SO-798455,39,4,850005.0,4,Very High
SO-798461,43,5,278861.0,5,Very High
SO-798568,2,1,3422.0,1,Low
SO-798605,147,12,3310635.0,10,Very High
SO-798668,52,5,300836.0,5,Very High
SO-798683,25,3,187756.0,3,Very High
SO-798710,13,1,171392.0,1,Very High
SO-798771,149,11,1887312.4,9,Very High
SO-798867,91,8,2739803.0,7,Very High
SO-799037,58,4,494230.2,4,Very High
SO-799052,55,3,1682813.0,3,Very High
SO-799079,134,11,1679415.2,10,Very High
SO-799124,133,12,4418054.2,10,Very High
SO-799230,27,2,168362.4,2,Very High
SO-799237,77,10,2869261.0,9,Very High
SO-799254,102,7,1352846.2,7,Very High
SO-799272,93,10,955993.0,7,Very High
SO-799278,79,9,1478792.4,6,Very High
SO-799323,85,7,1088768.0,7,Very High
SO-799328,54,5,380022.6,5,Very High
SO-799346,75,8,1609556.2,8,Very High
SO-799355,37,3,853062.4,3,Very High
SO-799382,108,12,952825.6,12,Very High
SO-799425,20,3,760256.0,3,Very High
SO-799432,13,3,474445.0,3,Very High
SO-799443,114,10,2212656.1999999997,9,Very High
SO-799447,88,9,3373045.6,8,Very High
SO-799452,119,12,4279133.0,8,Very High
SO-799465,28,5,257804.8,5,Very High
SO-799494,130,11,2554266.2,11,Very High
SO-799531,126,12,4926814.4,9,Very High
SO-799579,48,4,619946.0,3,Very High
SO-799594,68,5,921499.0,4,Very High
SO-799666,104,12,2331887.8,8,Very High
SO-799683,10,1,13570.0,1,High
SO-799835,95,10,2065762.0,9,Very High
SO-799962,42,4,544522.0,4,Very High
SO-799966,130,12,1676374.2,9,Very High
SO-800013,61,7,387748.6,7,Very High
SO-800035,8,1,224256.0,1,Very High
SO-800055,116,12,3361470.8,10,Very High
SO-800202,67,5,2253930.0,5,Very High
SO-800228,10,2,148480.0,2,Very High
SO-800261,51,7,643885.0,7,Very High
SO-800278,93,7,2957304.8,7,Very High
SO-800312,47,4,1200789.0,4,Very High
SO-800380,48,4,919922.0,4,Very High
SO-800432,73,8,849142.8,8,Very High
SO-800488,105,10,1275720.0,9,Very High
SO-800566,18,1,30798.0,1,High
SO-800768,81,6,2028716.8,6,Very High
SO-800803,83,8,2101042.2,7,Very High
SO-800813,138,11,8062238.0,9,Very High
SO-800862,16,1,265216.0,1,Very High
SO-800889,49,5,1022686.0,5,Very High
SO-800970,111,9,1626057.4,7,Very High
SO-800989,23,3,751036.0,3,Very High
SO-801010,21,3,345357.0,3,Very High
SO-801037,87,8,1614899.0,8,Very High
SO-801140,1,1,849.6,1,Very Low
SO-801147,79,6,2645047.0,5,Very High
SO-801286,59,9,649003.6,8,Very High
SO-801402,37,3,1540864.0,3,Very High
SO-801451,56,7,1681390.0,6,Very High
SO-801465,69,5,3771579.2,5,Very High
SO-801528,2,1,62720.0,1,Very High
SO-801529,78,8,1862923.4,8,Very High
SO-801626,62,6,1517798.0,6,Very High
SO-801649,79,8,2306837.0,5,Very High
SO-801702,23,2,315928.0,2,Very High
SO-801703,115,11,3821747.2,10,Very High
SO-801708,75,10,2249480.6,7,Very High
SO-801755,27,3,936281.6,3,Very High
SO-801783,111,7,1600439.4,7,Very High
SO-801792,17,3,80178.0,2,Very High
SO-801802,31,2,1022903.8,2,Very High
SO-801857,125,12,3328941.0,11,Very High
SO-801874,34,2,215822.0,2,Very High
SO-801896,30,3,423965.0,3,Very High
SO-801920,124,11,1953144.0,9,Very High
SO-801923,102,11,769035.0,10,Very High
SO-801947,140,12,1548611.0,8,Very High
SO-801948,51,4,1034953.0,3,Very High
SO-801963,84,6,2965673.5999999996,5,Very High
SO-802012,31,3,127062.4,3,Very High
SO-802015,96,9,961960.0,9,Very High
SO-802086,101,9,1806628.2,7,Very High
SO-802101,51,3,2863488.0,3,Very High
SO-802102,120,11,2799217.6,9,Very High
SO-802105,73,5,1559648.8,5,Very High
SO-802197,139,11,5559161.0,8,Very High
SO-802203,77,7,1399277.6,6,Very High
SO-802280,27,2,226836.0,2,Very High
SO-802323,116,8,3152716.8,6,Very High
SO-802393,42,5,1292079.6,5,Very High
SO-802428,90,9,2020501.4,9,Very High
SO-802451,5,1,60180.0,1,Very High
SO-802506,63,8,462685.4,7,Very High
SO-802509,95,12,1249000.4,10,Very High
SO-802530,18,2,116736.0,2,Very High
SO-802565,15,1,670080.0,1,Very High
SO-802674,64,8,2041894.2,8,Very High
SO-802676,37,4,3211968.0,4,Very High
SO-802692,109,9,2703846.0,6,Very High
SO-802798,5,3,187392.0,3,Very High
SO-802808,99,9,1326828.4,7,Very High
SO-802817,71,5,3286745.6,5,Very High
SO-802845,102,7,2010982.2,6,Very High
SO-802894,15,1,324480.0,1,Very High
SO-802965,75,9,904117.4,8,Very High
SO-802968,122,10,2530948.8,8,Very High
SO-803000,117,10,3542449.0,9,Very High
SO-803159,40,4,830542.0,4,Very High
SO-803191,62,5,883630.4,5,Very High
SO-803242,71,9,1169339.2,8,Very High
SO-803326,69,8,1395140.0,7,Very High
SO-803339,77,10,1997371.8,9,Very High
SO-803350,63,6,1142582.0,5,Very High
SO-803374,118,12,2094110.4,10,Very High
SO-803491,45,5,1125465.6,5,Very High
SO-803614,78,10,945188.0,7,Very High
SO-803641,77,7,1306575.6,7,Very High
SO-803707,17,2,165913.6,2,Very High
SO-803734,29,2,13416.6,2,High
SO-803750,52,6,3188785.0,6,Very High
SO-803764,5,1,223360.0,1,Very High
SO-803765,102,10,969280.0,9,Very High
SO-803776,93,10,2304848.0,7,Very High
SO-803786,54,3,1311232.0,3,Very High
SO-803788,28,2,2873600.0,2,Very High
SO-803869,30,2,2901608.4,2,Very High
SO-803904,31,3,274512.4,3,Very High
SO-803989,15,1,69915.0,1,Very High
SO-804191,58,6,3708311.0,6,Very High
SO-804205,39,6,438532.8,6,Very High
SO-804222,45,9,1293293.6,7,Very High
SO-804314,27,4,92555.6,4,Very High
SO-804363,94,11,3289977.4,10,Very High
SO-804390,126,10,6819184.2,6,Very High
SO-804502,82,9,1678902.8,9,Very High
SO-804536,68,7,371139.8,5,Very High
SO-804537,103,6,1337780.0,6,Very High
SO-804621,82,11,608055.0,9,Very High
SO-804628,81,9,1021780.4,7,Very High
SO-804635,84,8,1539443.8,7,Very High
SO-804691,122,8,4100384.0,8,Very High
SO-804817,93,11,2310678.4,9,Very High
SO-804820,8,1,407552.0,1,Very High
SO-804824,24,3,207553.6,3,Very High
SO-804873,112,11,1611068.4,9,Very High
SO-804899,128,11,3976761.0,9,Very High
SO-804993,12,1,423936.0,1,Very High
SO-805033,16,3,294619.6,3,Very High
SO-805106,37,4,498969.6,4,Very High
SO-805114,95,12,1999362.8,11,Very High
SO-805122,11,1,4023.8,1,Low
SO-805134,17,2,27022.0,2,High
SO-805218,55,6,2077512.0,6,Very High
SO-805245,107,8,2212229.2,7,Very High
SO-805304,3,1,177408.0,1,Very High
SO-805435,28,2,807967.0,2,Very High
SO-805463,35,4,621078.2,4,Very High
SO-805495,99,7,1175074.0,7,Very High
SO-805526,61,6,997936.0,6,Very High
SO-805601,45,4,1645615.0,4,Very High
SO-805624,27,2,85373.0,2,Very High
SO-805639,66,6,3395733.0,6,Very High
SO-805643,104,12,1944390.2,11,Very High
SO-805646,73,7,1383502.4,7,Very High
SO-805780,118,12,3891889.4,11,Very High
SO-805858,36,4,350141.6,4,Very High
SO-805891,35,4,1082398.0,4,Very High
SO-805923,70,6,1125667.6,6,Very High
SO-805943,4,1,48144.0,1,High
SO-806001,32,2,990179.0,2,Very High
SO-806082,37,5,402526.6,3,Very High
SO-806101,20,4,1682048.0,4,Very High
SO-806111,15,2,14820.8,2,High
SO-806199,125,11,3380241.8,9,Very High
SO-806200,138,12,3098095.2,10,Very High
SO-806206,64,5,2358206.0,5,Very High
SO-806229,21,2,105006.0,2,Very High
SO-806276,116,10,4972685.0,8,Very High
SO-806300,115,11,2267661.2,11,Very High
SO-806353,54,6,2323265.4,6,Very High
SO-806378,43,4,478879.0,3,Very High
SO-806478,87,8,1246026.0,7,Very High
SO-806599,63,7,907290.4,5,Very High
SO-806682,24,3,325531.0,3,Very High
SO-806739,96,9,1587155.0,7,Very High
SO-806769,3,1,152832.0,1,Very High
SO-806807,4,1,203776.0,1,Very High
SO-806823,104,7,3937796.0,6,Very High
SO-806831,80,9,3028801.6,8,Very High
SO-806881,21,2,246499.0,2,Very High
SO-806934,53,5,72310.4,5,Very High
SO-807073,93,9,4262720.0,8,Very High
SO-807092,31,4,889461.0,4,Very High
SO-807139,10,1,446720.0,1,Very High
SO-807191,59,5,125365.0,5,Very High
SO-807239,124,12,1952698.8,8,Very High
SO-807347,36,4,627265.0,4,Very High
SO-807381,49,4,773458.4,4,Very High
SO-807417,34,4,47318.0,4,High
SO-807509,73,6,475485.0,6,Very High
SO-807517,83,9,1418127.0,8,Very High
SO-807574,106,9,900169.4,7,Very High
SO-807699,130,11,2291859.4,9,Very High
SO-807731,43,3,881529.6,3,Very High
SO-807917,27,3,57073.6,3,Very High
SO-808011,38,5,924312.4,5,Very High
SO-808105,75,8,1878474.0,8,Very High
SO-808178,87,11,1480957.2,10,Very High
SO-808190,28,4,1075699.0,4,Very High
SO-808201,5,2,103104.0,2,Very High
SO-808292,27,3,853632.0,3,Very High
SO-808318,9,1,23895.0,1,High
SO-808366,82,8,1856706.2,7,Very High
SO-808370,56,4,800061.0,4,Very High
SO-808398,102,9,1580762.8,8,Very High
SO-808414,5,1,65920.0,1,Very High
SO-808480,74,7,1511554.8,6,Very High
SO-808535,81,8,1814420.8,7,Very High
SO-808582,100,10,1428625.8,8,Very High
SO-808589,36,3,1576302.4,3,Very High
SO-808678,51,4,96609.6,4,Very High
SO-808707,115,12,1713233.8,11,Very High
SO-808743,38,3,1469568.0,3,Very High
SO-808751,36,4,939407.8,4,Very High
SO-808776,72,8,2336682.0,7,Very High
SO-808818,81,8,1670154.6,7,Very High
SO-808849,92,10,6345962.8,9,Very High
SO-808916,108,10,3050233.0,10,Very High
SO-808918,18,1,343296.0,1,Very High
SO-808927,147,11,3245220.6,9,Very High
SO-808964,98,11,1603260.8,9,Very High
SO-809037,23,2,58277.0,2,Very High
SO-809058,25,3,514624.0,3,Very High
SO-809122,102,8,6658688.0,6,Very High
SO-809143,51,5,911118.4,5,Very High
SO-809165,19,2,1065014.4,2,Very High
SO-809315,54,6,4981816.2,5,Very High
SO-809354,7,2,468480.0,2,Very High
SO-809418,126,11,2541598.8,8,Very High
SO-809484,58,4,649000.0,4,Very High
SO-809533,104,8,2749841.0,8,Very High
SO-809567,7,2,320000.0,2,Very High
SO-809679,98,9,685520.6,8,Very High
SO-809680,39,4,2926557.0,3,Very High
SO-809732,85,7,1661180.8,7,Very High
SO-809742,105,12,3552974.0,10,Very High
SO-809749,20,1,893440.0,1,Very High
SO-809838,67,7,1423712.0,7,Very High
SO-809879,109,9,2387977.0,8,Very High
SO-809902,47,5,983071.0,5,Very High
SO-809940,34,3,1047570.8,3,Very High
SO-809997,40,5,1917976.0,5,Very High
SO-810022,29,4,972848.0,4,Very High
SO-810028,57,6,1990271.4,6,Very High
SO-810053,62,6,1863541.6,5,Very High
SO-810190,14,1,200704.0,1,Very High
SO-810202,45,5,305077.0,5,Very High
SO-810240,58,4,577731.2,4,Very High
SO-810282,134,12,3913920.0,10,Very High
SO-810349,35,4,1539248.0,4,Very High
SO-810463,79,9,1263312.2,8,Very High
SO-810563,69,7,1417370.0,7,Very High
SO-810569,16,1,815104.0,1,Very High
SO-810570,67,6,121410.2,4,Very High
SO-810596,86,12,1223576.6,10,Very High
SO-810624,29,3,1477376.0,1,Very High
SO-810687,16,2,8861.8,2,Medium
SO-810849,36,3,2032256.0,3,Very High
SO-810922,86,7,1429502.0,7,Very High
SO-811004,21,2,47483.2,2,High
SO-811058,82,8,5120619.2,8,Very High
SO-811073,175,12,6225460.2,11,Very High
SO-811074,97,9,3613522.0,9,Very High
SO-811168,21,2,650484.0,2,Very High
SO-811194,2,1,28672.0,1,High
SO-811232,71,6,1095756.8,6,Very High
SO-811259,80,9,3272876.8,7,Very High
SO-811276,144,11,4530216.8,9,Very High
SO-811404,38,5,920452.0,5,Very High
SO-811440,77,8,635832.8,7,Very High
SO-811443,52,4,616770.4,4,Very High
SO-811530,71,6,1454626.4,6,Very High
SO-811613,138,12,565271.8,11,Very High
SO-811696,102,11,3897840.0,9,Very High
SO-811810,146,11,5668793.4,10,Very High
SO-811815,13,1,7976.8,1,Medium
SO-811844,28,2,382976.0,2,Very High
SO-811857,114,9,3195116.2,7,Very High
SO-811952,55,6,1600302.2,6,Very High
SO-811966,70,7,1530745.6,6,Very High
SO-811968,56,5,453537.0,4,Very High
SO-811995,7,1,75712.0,1,Very High
SO-812035,90,6,3674579.2,6,Very High
SO-812039,23,2,21204.6,2,High
SO-812082,134,11,2140629.4,10,Very High
SO-812090,102,10,2212243.6,9,Very High
SO-812194,68,4,297879.0,3,Very High
SO-812248,38,6,784732.0,6,Very High
SO-812266,114,10,5381163.2,9,Very High
SO-812272,70,5,423606.0,4,Very High
SO-812300,116,10,2906945.0,8,Very High
SO-812306,41,4,381623.0,4,Very High
SO-812314,20,3,580681.4,3,Very High
SO-812325,51,5,1158666.0,5,Very High
SO-812393,75,8,1925419.4,7,Very High
SO-812442,34,4,1174721.4,4,Very High
SO-812541,47,4,212728.0,4,Very High
SO-812608,38,4,558059.0,4,Very High
SO-812621,75,8,2207385.8,8,Very High
SO-812625,22,3,13027.2,2,High
SO-812709,114,8,3415569.8,6,Very High
SO-812718,23,4,889709.8,4,Very High
SO-812740,89,9,1615666.0,9,Very High
SO-812780,57,5,759612.0,4,Very High
SO-812799,72,6,1844227.0,6,Very High
SO-812811,82,10,1243466.0,9,Very High
SO-812849,32,3,328610.4,3,Very High
SO-812851,120,12,3619239.8,11,Very High
SO-812863,102,8,2647223.0,8,Very High
SO-812878,5,1,71680.0,1,Very High
SO-812888,5,2,66123.2,2,Very High
SO-812911,99,8,3000749.0,6,Very High
SO-812925,23,2,1171712.0,1,Very High
SO-812947,78,7,3570678.4,5,Very High
SO-812994,86,10,1291687.8,10,Very High
SO-813007,25,2,971520.0,2,Very High
SO-813015,26,2,581191.0,2,Very High
SO-813059,133,11,2855319.5999999996,10,Very High
SO-813113,78,6,1644602.6,6,Very High
SO-813195,53,6,865152.8,5,Very High
SO-813198,131,12,1853544.4,12,Very High
SO-813266,100,8,1300397.8,7,Very High
SO-813332,74,5,4029111.2,5,Very High
SO-813387,12,1,10195.2,1,High
SO-813405,22,3,125418.8,3,Very High
SO-813432,61,7,1217006.8,7,Very High
SO-813437,40,3,1474048.0,3,Very High
SO-813499,72,6,80582.2,5,Very High
SO-813591,41,5,853710.6,4,Very High
SO-813605,10,1,353280.0,1,Very High
SO-813610,42,3,933440.0,3,Very High
SO-813611,140,11,3529359.4,11,Very High
SO-813616,129,9,2864193.0,7,Very High
SO-813741,88,7,712577.2,6,Very High
SO-813775,149,11,2208243.4,10,Very High
SO-813866,115,10,3019076.8,9,Very High
SO-813870,105,8,5432100.6,7,Very High
SO-813899,103,9,3694778.4,9,Very High
SO-813911,40,4,309291.2,3,Very High
SO-813914,80,10,1839211.2,10,Very High
SO-813944,109,10,2108442.2,10,Very High
SO-813957,4,1,57344.0,1,Very High
SO-814092,81,7,4102045.0,7,Very High
SO-814167,94,7,2315699.4,7,Very High
SO-814176,83,12,681830.2,9,Very High
SO-814212,26,2,1022561.6,2,Very High
SO-814220,41,3,3704320.0,3,Very High
SO-814310,43,6,1916986.0,6,Very High
SO-814358,55,7,1718117.0,6,Very High
SO-814428,118,11,3779564.0,8,Very High
SO-814453,117,12,2025284.2,10,Very High
SO-814555,77,7,1347104.0,6,Very High
SO-814568,20,1,185260.0,1,Very High
SO-814629,51,5,393410.8,5,Very High
SO-814660,1,1,1357.0,1,Low
SO-814717,155,12,4032119.0,10,Very High
SO-814724,54,5,1241950.8,5,Very High
SO-814782,97,8,3024138.6,7,Very High
SO-814843,99,11,1370156.4,11,Very High
SO-814897,61,6,423880.8,6,Very High
SO-814906,61,7,3014742.0,7,Very High
SO-815001,53,7,846038.0,7,Very High
SO-815053,121,10,2718390.0,8,Very High
SO-815137,101,8,3313964.0,7,Very High
SO-815162,105,9,2594783.2,9,Very High
SO-815184,128,11,2786909.6,10,Very High
SO-815219,25,4,94624.8,3,Very High
SO-815347,55,5,992124.0,5,Very High
SO-815372,67,9,772617.0,6,Very High
SO-815400,44,5,303773.0,5,Very High
SO-815436,118,11,2851016.0,8,Very High
SO-815512,116,11,2115614.8,10,Very High
SO-815651,96,10,2000909.6,9,Very High
SO-815661,99,7,828237.2,6,Very High
SO-815685,105,9,3506006.2,8,Very High
SO-815708,123,11,5119850.0,10,Very High
SO-815840,42,3,1085078.0,3,Very High
SO-815845,65,8,1265761.0,7,Very High
SO-815847,62,5,1418915.0,5,Very High
SO-815868,16,1,27376.0,1,High
SO-815875,117,11,2263586.6,9,Very High
SO-815961,57,5,1527585.8,5,Very High
SO-815974,64,7,2838784.0,6,Very High
SO-815978,23,3,213248.0,2,Very High
SO-815979,104,12,1107989.6,10,Very High
SO-816160,20,3,967232.0,3,Very High
SO-816200,53,5,1174130.4,5,Very High
SO-816201,72,7,870497.0,6,Very High
SO-816268,42,6,815707.0,5,Very High
SO-816269,127,12,3256091.8,9,Very High
SO-816302,92,8,3922270.8,7,Very High
SO-816315,4,1,43264.0,1,High
SO-816318,64,6,515409.0,6,Very High
SO-816335,10,1,591360.0,1,Very High
SO-816392,61,6,1203260.0,4,Very High
SO-816399,109,11,1431416.4,10,Very High
SO-816457,17,1,45135.0,1,High
SO-816553,57,5,2248988.4,5,Very High
SO-816565,127,12,2314594.6,10,Very High
SO-816675,80,8,1503933.4,8,Very High
SO-816676,133,12,1102983.4,10,Very High
SO-816682,52,3,2558108.8,3,Very High
SO-816701,69,7,940823.0,7,Very High
SO-816724,40,6,1268769.4,6,Very High
SO-816803,38,3,938739.4,3,Very High
SO-816812,23,3,95604.2,3,Very High
SO-816856,107,9,1647326.8,9,Very High
SO-816928,28,2,40828.0,2,High
SO-816935,107,12,2535424.2,12,Very High
SO-816998,117,12,5633603.4,10,Very High
SO-817024,43,5,583407.0,5,Very High
SO-817037,22,2,212416.0,2,Very High
SO-817077,66,6,452206.0,6,Very High
SO-817089,25,2,633571.0,2,Very High
SO-817156,21,2,347721.0,2,Very High
SO-817194,101,12,2827593.4,8,Very High
SO-817314,88,7,2169509.6,7,Very High
SO-817337,58,8,755229.0,8,Very High
SO-817360,147,12,1692884.8,11,Very High
SO-817368,1,1,1357.0,1,Low
SO-817374,62,4,1854200.0,4,Very High
SO-817381,129,12,4980038.0,10,Very High
SO-817393,25,4,150230.0,4,Very High
SO-817551,47,6,455432.4,6,Very High
SO-817640,103,9,1680212.4,9,Very High
SO-817876,98,12,4020268.2,10,Very High
SO-817893,12,1,611328.0,1,Very High
SO-817904,19,2,12460.8,2,High
SO-817910,70,8,642895.6,8,Very High
SO-817921,93,9,2416694.2,6,Very High
SO-817960,62,6,508279.6,6,Very High
SO-818051,52,5,627880.8,5,Very High
SO-818073,136,12,3484388.0,9,Very High
SO-818141,106,10,2862952.4,10,Very High
SO-818182,74,7,3350524.0,6,Very High
SO-818236,55,5,1151299.4,5,Very High
SO-818317,38,7,362524.0,6,Very High
SO-818366,22,2,776137.0,2,Very High
SO-818412,86,8,1987348.2,7,Very High
SO-818455,70,4,3958400.0,4,Very High
SO-818478,60,6,3047831.2,6,Very High
SO-818481,64,6,1545179.0,6,Very High
SO-818499,59,8,1059971.2,8,Very High
SO-818579,100,11,1271102.8,10,Very High
SO-818590,59,7,3164214.2,6,Very High
SO-818622,52,7,1602814.4,7,Very High
SO-818637,9,1,15399.0,1,High
SO-818652,100,7,1055943.4,7,Very High
SO-818687,38,5,468693.0,5,Very High
SO-818697,52,4,2924287.0,3,Very High
SO-818766,72,6,663803.0,6,Very High
SO-818776,140,12,1517224.8,11,Very High
SO-818778,103,11,1417089.0,10,Very High
SO-818795,114,12,1000903.6,9,Very High
SO-818856,39,3,1403358.0,3,Very High
SO-818874,79,9,2932766.0,9,Very High
SO-819110,79,10,2731163.0,7,Very High
SO-819202,97,7,1275809.0,5,Very High
SO-819220,104,11,3389949.8,10,Very High
SO-819300,56,9,692634.0,7,Very High
SO-819355,76,7,2434889.0,7,Very High
SO-819437,101,10,2302616.8,8,Very High
SO-819510,26,3,193089.2,3,Very High
SO-819540,58,9,942350.6,8,Very High
SO-819607,110,10,3183661.8,9,Very High
SO-819630,87,9,3475976.4,9,Very High
SO-819662,17,1,14443.2,1,High
SO-819691,69,6,686590.0,5,Very High
SO-819710,64,5,1993664.0,5,Very High
SO-819804,76,9,2998704.4,9,Very High
SO-819846,52,5,159905.4,4,Very High
SO-819897,85,8,1030136.0,6,Very High
SO-819934,98,10,1800130.2,8,Very High
SO-819949,95,9,296699.4,7,Very High
SO-820013,96,11,1892001.2000000002,9,Very High
SO-820019,33,3,495612.0,3,Very High
SO-820078,13,2,169024.0,2,Very High
SO-820138,51,8,531290.0,8,Very High
SO-820188,70,8,3215392.0,7,Very High
SO-820310,54,6,3768818.8,5,Very High
SO-820314,31,2,2459245.0,2,Very High
SO-820402,31,4,2191187.2,4,Very High
SO-820407,102,11,1126949.2,10,Very High
SO-820509,129,10,2712436.4,8,Very High
SO-820510,11,2,763136.0,2,Very High
SO-820572,13,1,19175.0,1,High
SO-820576,9,1,194688.0,1,Very High
SO-820595,27,2,590317.6,2,Very High
SO-820690,116,9,3074324.0,8,Very High
SO-820728,30,3,337858.6,3,Very High
SO-820735,54,5,779473.0,4,Very High
SO-820827,33,3,636828.8,3,Very High
SO-820946,44,5,148845.2,5,Very High
SO-821017,126,11,3864018.0,9,Very High
SO-821071,82,11,2282171.6,9,Very High
SO-821082,52,5,1159807.0,4,Very High
SO-821109,47,3,48981.8,3,High
SO-821128,108,11,2106521.4,9,Very High
SO-821132,72,6,1431343.8,6,Very High
SO-821283,2,1,118272.0,1,Very High
SO-821347,157,12,2613878.0,12,Very High
SO-821403,8,2,432128.0,2,Very High
SO-821419,26,3,1009408.0,3,Very High
SO-821451,20,2,310580.0,2,Very High
SO-821457,46,4,2303267.2,3,Very High
SO-821548,93,7,1988110.0,6,Very High
SO-821697,105,10,3436376.6,10,Very High
SO-821700,49,6,1069197.0,6,Very High
SO-821702,57,5,2989909.6,5,Very High
SO-821712,34,4,177467.2,3,Very High
SO-821714,14,1,168504.0,1,Very High
SO-821755,58,7,980823.2,6,Very High
SO-821899,17,2,717287.0,2,Very High
SO-822117,116,10,3023986.4,8,Very High
SO-822125,55,8,467661.0,7,Very High
SO-822145,84,9,1630905.2,8,Very High
SO-822214,15,1,162240.0,1,Very High
SO-822352,28,2,950565.6,2,Very High
SO-822368,148,11,3764635.2,9,Very High
SO-822372,122,12,5629055.6,9,Very High
SO-822377,107,11,4354930.0,9,Very High
SO-822514,75,9,634593.0,7,Very High
SO-822618,19,2,1746188.0,2,Very High
SO-822643,36,4,186198.6,4,Very High
SO-822707,81,8,1861228.0,6,Very High
SO-822719,83,10,4268465.2,9,Very High
SO-822724,60,5,253644.0,5,Very High
SO-822859,129,10,2336851.0,9,Very High
SO-822884,7,3,222079.0,3,Very High
SO-822886,35,5,640230.2,5,Very High
SO-822904,41,6,1161733.0,6,Very High
SO-822912,111,10,4845456.0,8,Very High
SO-822916,93,6,2100438.0,5,Very High
SO-823001,67,9,1129632.2,9,Very High
SO-823099,54,7,1046006.0,7,Very High
SO-823109,58,5,517220.8,5,Very High
SO-823131,35,4,1353260.4,4,Very High
SO-823137,10,2,204800.0,2,Very High
SO-823171,72,5,1268151.2,5,Very High
SO-823210,79,8,1058885.0,7,Very High
SO-823246,53,5,377645.8,4,Very High
SO-823278,72,7,1049753.0,7,Very High
SO-823304,10,2,117961.0,2,Very High
SO-823390,120,11,5533710.0,9,Very High
SO-823421,98,10,914225.4,9,Very High
SO-823507,29,2,81809.4,2,Very High
SO-823655,41,5,147138.4,4,Very High
SO-823664,9,1,28224.0,1,High
SO-823673,82,9,1546446.0,8,Very High
SO-823704,28,3,573022.0,3,Very High
SO-823711,147,12,2608623.2,9,Very High
SO-823717,94,7,1865698.6,7,Very High
SO-823759,96,7,1222282.2,6,Very High
SO-823761,42,6,1014484.0,5,Very High
SO-823810,58,5,949868.0,5,Very High
SO-823836,141,12,1864244.2,11,Very High
SO-823850,98,9,2842108.8,9,Very High
SO-823864,39,4,470292.0,4,Very High
SO-823877,12,2,318464.0,2,Very High
SO-823882,112,12,2297091.0,10,Very High
SO-823962,118,10,2979977.0,9,Very High
SO-823975,87,10,2485068.4,8,Very High
SO-823992,43,6,1222727.6,4,Very High
SO-824007,53,5,1006011.0,5,Very High
SO-824021,94,10,2108221.8,9,Very High
SO-824055,90,8,1089791.2,7,Very High
SO-824123,21,2,949598.0,2,Very High
SO-824168,112,11,1979283.0,8,Very High
SO-824353,106,10,2567056.0,9,Very High
SO-824354,96,12,1704069.8,10,Very High
SO-824359,54,7,410439.8,7,Very High
SO-824376,117,11,2923283.0,10,Very High
SO-824443,2,1,28928.0,1,High
SO-824485,148,11,6959971.2,9,Very High
SO-824530,91,8,1117261.4,7,Very High
SO-824572,33,2,942657.0,2,Very High
SO-824574,55,4,3448088.8,4,Very High
SO-824640,12,1,144432.0,1,Very High
SO-824701,39,4,54138.4,3,Very High
SO-824739,36,2,206972.0,2,Very High
SO-824779,107,11,2083129.2,10,Very High
SO-824820,87,12,1384976.0,12,Very High
SO-824838,89,6,3728470.8,5,Very High
SO-824926,57,5,1404719.0,5,Very High
SO-824966,107,10,1001971.6,8,Very High
SO-824975,21,2,1200000.0,2,Very High
SO-825001,21,3,283917.0,3,Very High
SO-825086,10,1,120360.0,1,Very High
SO-825166,60,7,1530141.0,7,Very High
SO-825184,82,7,2557328.4,6,Very High
SO-825228,113,10,1639285.2000000002,9,Very High
SO-825244,34,5,1439353.4,5,Very High
SO-825253,87,10,4435411.0,10,Very High
SO-825288,21,2,200100.0,2,Very High
SO-825299,65,8,4080544.0,7,Very High
SO-825389,70,4,4370885.4,4,Very High
SO-825397,21,3,360194.0,3,Very High
SO-825408,111,9,2345793.0,7,Very High
SO-825442,90,8,623444.8,8,Very High
SO-825482,67,5,2415688.0,4,Very High
SO-825519,42,4,1102476.0,4,Very High
SO-825528,136,11,3984738.2,9,Very High
SO-825537,127,11,2298786.0,10,Very High
SO-825541,19,1,32509.0,1,High
SO-825546,8,1,224256.0,1,Very High
SO-825582,85,7,2422512.0,4,Very High
SO-825632,86,9,1140645.6,7,Very High
SO-825657,30,2,166054.2,2,Very High
SO-825743,51,4,1853289.6,3,Very High
SO-825803,21,2,187136.6,2,Very High
SO-825824,119,12,2219912.8,11,Very High
SO-825834,126,12,2902713.4,12,Very High
SO-825838,121,9,2271461.0,9,Very High
SO-825869,19,4,1130432.0,4,Very High
SO-825898,42,5,170790.2,4,Very High
SO-825946,107,11,1991043.0,9,Very High
SO-825950,88,9,5604643.2,8,Very High
SO-825955,92,12,5567210.0,8,Very High
SO-825994,14,1,200704.0,1,Very High
SO-826059,133,12,4558411.6,9,Very High
SO-826102,114,10,1878818.8,10,Very High
SO-826113,45,5,1328316.0,5,Very High
SO-826222,34,5,645599.0,5,Very High
SO-826239,16,2,1939968.0,2,Very High
SO-826242,23,2,272530.4,2,Very High
SO-826298,134,12,4197497.8,8,Very High
SO-826352,7,1,11977.0,1,High
SO-826357,66,4,1143703.2,3,Very High
SO-826472,9,1,83367.0,1,Very High
SO-826541,103,12,1374032.6,11,Very High
SO-826643,82,9,1407168.0,6,Very High
SO-826692,4,1,2454.4,1,Low
SO-826715,115,10,1872198.6,10,Very High
SO-826750,18,3,552064.0,3,Very High
SO-826786,14,2,69843.0,2,Very High
SO-826796,99,9,2088417.0,7,Very High
SO-826827,98,10,1360247.8,10,Very High
SO-826832,80,8,824459.4,7,Very High
SO-826838,19,4,38581.0,3,High
SO-826859,93,9,1768889.0,8,Very High
SO-826878,110,9,2427061.0,9,Very High
SO-826906,56,3,479179.0,3,Very High
SO-826962,20,1,3046400.0,1,Very High
SO-827085,130,10,4075998.6,9,Very High
SO-827158,38,4,500195.0,4,Very High
SO-827172,94,11,3933018.2,9,Very High
SO-827202,3,1,134016.0,1,Very High
SO-827214,10,2,228672.0,2,Very High
SO-827239,63,8,3844125.0,7,Very High
SO-827260,137,11,3396883.6,9,Very High
SO-827296,7,1,247296.0,1,Very High
SO-827303,125,9,2633276.0,9,Very High
SO-827500,52,4,205908.6,3,Very High
SO-827570,68,8,884135.2,7,Very High
SO-827590,32,4,245939.4,4,Very High
SO-827597,26,2,187974.0,2,Very High
SO-827605,89,10,1018550.2,10,Very High
SO-827632,66,6,2843147.2,6,Very High
SO-827778,53,4,488800.2,4,Very High
SO-827787,75,5,3356292.8,5,Very High
SO-827803,80,6,3550025.0,6,Very High
SO-827900,24,2,832512.0,2,Very High
SO-827925,42,3,187360.4,3,Very High
SO-827980,139,11,2665691.2,11,Very High
SO-828054,75,8,1731384.0,6,Very High
SO-828073,52,9,1112462.0,8,Very High
SO-828127,44,3,1065404.0,3,Very High
SO-828145,10,1,6844.0,1,Medium
SO-828171,123,11,977540.0,8,Very High
SO-828195,93,11,3024290.6,8,Very High
SO-828264,121,9,4415563.8,9,Very High
SO-828282,63,6,710414.8,5,Very High
SO-828287,104,9,682610.2,9,Very High
SO-828299,122,9,4283392.4,7,Very High
SO-828323,35,4,427267.6,4,Very High
SO-828327,33,5,457566.0,4,Very High
SO-828344,116,11,2431925.6,11,Very High
SO-828472,45,5,1161552.0,4,Very High
SO-828548,72,7,2581260.0,7,Very High
SO-828582,112,12,4902235.600000001,11,Very High
SO-828647,138,11,3161689.4,10,Very High
SO-828659,45,4,2449754.0,4,Very High
SO-828774,22,2,485099.0,2,Very High
SO-828794,42,4,3727480.0,4,Very High
SO-828839,128,12,2173715.4,9,Very High
SO-828909,26,2,44486.0,2,High
SO-828910,75,7,2887354.6,6,Very High
SO-828995,20,2,481536.0,2,Very High
SO-829062,175,12,2845479.0,10,Very High
SO-829102,4,1,178688.0,1,Very High
SO-829105,151,12,2964401.4,10,Very High
SO-829167,43,7,949778.8,7,Very High
SO-829219,41,4,938429.8,4,Very High
SO-829349,6,2,44988.0,2,High
SO-829416,60,6,2955972.0,5,Very High
SO-829516,1,1,1711.0,1,Low
SO-829535,107,9,1690384.2,8,Very High
SO-829649,76,7,277476.0,5,Very High
SO-829740,31,3,1228603.2,3,Very High
SO-829806,129,12,2693317.6,9,Very High
SO-829844,38,4,489424.0,4,Very High
SO-829848,115,12,3999548.2,9,Very High
SO-829851,121,10,2867404.4,9,Very High
SO-829853,57,7,2904454.0,6,Very High
SO-829874,78,6,603270.6,5,Very High
SO-829878,117,11,2870813.8,9,Very High
SO-830024,11,2,579072.0,2,Very High
SO-830053,45,5,450772.0,3,Very High
SO-830129,154,12,3427463.0,9,Very High
SO-830193,14,1,713216.0,1,Very High
SO-830202,3,1,320640.0,1,Very High
SO-830231,33,3,465937.0,3,Very High
SO-830243,51,5,439445.0,5,Very High
SO-830490,59,6,4262823.0,5,Very High
SO-830509,30,2,151485.0,2,Very High
SO-830528,92,9,1674549.8,7,Very High
SO-830619,119,9,988688.0,9,Very High
SO-830714,7,2,32627.0,2,High
SO-830856,60,7,1520447.2,7,Very High
SO-830895,29,4,1188071.0,3,Very High
SO-830920,104,11,875369.6,8,Very High
SO-830924,128,8,2623860.4,7,Very High
SO-831039,129,8,5518944.8,8,Very High
SO-831041,91,9,1649761.4,7,Very High
SO-831064,45,4,3177088.0,4,Very High
SO-831068,13,3,366158.0,3,Very High
SO-831132,13,2,91260.0,2,Very High
SO-831180,59,6,1176835.8,6,Very High
SO-831182,120,11,1027730.2,10,Very High
SO-831203,104,11,1603219.6,9,Very High
SO-831207,119,11,2600367.2,8,Very High
SO-831217,40,4,679829.0,4,Very High
SO-831262,70,7,2955751.0,5,Very High
SO-831296,58,7,456766.0,7,Very High
SO-831441,92,7,415950.0,6,Very High
SO-831459,76,8,1065958.0,7,Very High
SO-831552,28,4,988214.4,4,Very High
SO-831591,105,12,1537290.0,10,Very High
SO-831593,1,1,1711.0,1,Low
SO-831640,93,7,2721542.4,7,Very High
SO-831706,33,3,472163.0,3,Very High
SO-831715,100,10,1283532.0,8,Very High
SO-831728,67,7,1550326.0,7,Very High
SO-831740,133,12,3840216.8,10,Very High
SO-831745,102,8,740533.8,6,Very High
SO-831861,71,6,664170.8,6,Very High
SO-831862,32,3,60038.4,3,Very High
SO-831868,41,4,660317.0,4,Very High
SO-831874,92,11,1155517.6,9,Very High
SO-831914,106,10,4013571.0,8,Very High
SO-831942,90,9,679123.4,9,Very High
SO-832084,131,11,958364.2,10,Very High
SO-832090,125,10,2793516.4,7,Very High
SO-832119,50,5,697712.0,5,Very High
SO-832126,81,8,2512901.6,8,Very High
SO-832216,24,3,588871.6,3,Very High
SO-832230,39,4,2520478.0,4,Very High
SO-832245,80,6,1721024.0,5,Very High
SO-832252,120,12,2147823.0,11,Very High
SO-832391,10,1,17110.0,1,High
SO-832417,19,1,175997.0,1,Very High
SO-832481,69,9,974448.2000000001,8,Very High
SO-832517,141,12,3066444.0,10,Very High
SO-832555,34,3,85620.8,2,Very High
SO-832610,4,1,10620.0,1,High
SO-832666,81,7,3674539.0,7,Very High
SO-832669,46,4,1414400.0,4,Very High
SO-832687,146,10,1914120.4,9,Very High
SO-832713,27,5,483571.0,4,Very High
SO-832740,91,10,1840545.4,7,Very High
SO-832763,87,8,658033.0,6,Very High
SO-832865,16,2,170752.0,2,Very High
SO-832867,4,1,57856.0,1,Very High
SO-832868,29,6,1432447.0,5,Very High
SO-832911,35,2,282860.0,2,Very High
SO-832914,92,9,1228678.6,8,Very High
SO-832981,94,12,3122120.2,12,Very High
SO-833068,119,12,3803549.0,9,Very High
SO-833162,59,5,2653606.4,4,Very High
SO-833226,51,5,2788608.0,5,Very High
SO-833250,74,8,2023984.2,7,Very High
SO-833268,67,6,1123022.8,6,Very High
SO-833302,110,9,3508172.0,8,Very High
SO-833318,39,4,362096.0,3,Very High
SO-833336,35,3,268943.6,3,Very High
SO-833347,28,2,17157.199999999997,2,High
SO-833359,68,9,234431.2,8,Very High
SO-833410,71,5,2021654.8,5,Very High
SO-833516,63,5,466605.2,5,Very High
SO-833576,113,11,1781562.2,8,Very High
SO-833596,10,1,14750.0,1,High
SO-833689,111,10,6528011.6,7,Very High
SO-833803,29,3,250258.4,3,Very High
SO-833849,80,6,2742765.0,6,Very High
SO-833854,22,3,28081.0,3,High
SO-833943,45,4,218082.2,4,Very High
SO-833965,105,10,2137380.0,9,Very High
SO-833978,127,11,4132472.0,10,Very High
SO-834029,134,12,2710837.4,11,Very High
SO-834035,84,6,657820.2,6,Very High
SO-834076,28,3,819947.2,3,Very High
SO-834265,110,10,1087555.0,10,Very High
SO-834303,23,6,693786.0,6,Very High
SO-834337,44,4,1100903.0,4,Very High
SO-834391,26,3,78649.8,3,Very High
SO-834434,82,10,997392.2,10,Very High
SO-834440,43,5,1607684.8,5,Very High
SO-834451,116,11,1593808.8,10,Very High
SO-834548,73,7,2081156.2,7,Very High
SO-834553,33,3,515414.4,3,Very High
SO-834559,33,4,388788.2,4,Very High
SO-834588,70,6,3498766.6,6,Very High
SO-834613,75,5,468761.6,4,Very High
SO-834633,79,6,356130.4,5,Very High
SO-834636,103,9,1451311.2,9,Very High
SO-834648,33,2,1029924.8,2,Very High
SO-834769,22,4,349215.0,4,Very High
SO-834805,119,11,3289403.0,10,Very High
SO-834857,113,12,1808728.8,11,Very High
SO-834862,126,12,4306551.2,9,Very High
SO-834963,118,10,2879230.2,6,Very High
SO-834997,72,8,1864557.2,8,Very High
SO-835003,113,11,1602187.8,9,Very High
SO-835065,122,12,2441076.0,11,Very High
SO-835106,60,6,529497.0,6,Very High
SO-835115,13,2,244096.0,2,Very High
SO-835154,104,10,3203935.4,9,Very High
SO-835186,104,9,3515255.6,9,Very High
SO-835287,44,5,508716.0,5,Very High
SO-835315,127,11,2188757.0,9,Very High
SO-835427,153,12,4712284.4,11,Very High
SO-835444,72,7,2620809.0,7,Very High
SO-835470,50,5,1877971.0,5,Very High
SO-835477,58,5,741024.0,5,Very High
SO-835628,120,10,1453754.2,10,Very High
SO-835656,95,9,2575744.0,7,Very High
SO-835669,100,10,1605976.4,10,Very High
SO-835717,71,5,1510016.0,5,Very High
SO-835724,8,2,320000.0,2,Very High
SO-835766,74,5,2307293.0,4,Very High
SO-835846,7,1,356608.0,1,Very High
SO-835897,121,12,5657594.4,9,Very High
SO-835917,86,8,2697759.0,8,Very High
SO-835922,132,11,3428972.6,9,Very High
SO-836036,104,10,1661759.0,8,Very High
SO-836113,52,7,202102.6,6,Very High
SO-836131,61,5,1815556.0,5,Very High
SO-836186,68,7,1008273.0,7,Very High
SO-836202,66,5,3197646.6,5,Very High
SO-836242,88,9,1802558.6,8,Very High
SO-836254,18,2,239940.0,2,Very High
SO-836330,87,10,787994.0,8,Very High
SO-836410,125,11,4033859.2,10,Very High
SO-836436,28,2,508288.0,2,Very High
SO-836443,68,7,1830293.4,6,Very High
SO-836461,6,2,202560.0,2,Very High
SO-836502,24,2,270618.0,2,Very High
SO-836505,20,1,1182720.0,1,Very High
SO-836512,57,6,705980.6,5,Very High
SO-836546,75,5,1726438.4,5,Very High
SO-836562,97,11,2240975.0,6,Very High
SO-836570,171,12,2870732.0,10,Very High
SO-836587,93,8,2144724.0,7,Very High
SO-836796,80,7,841526.4,7,Very High
SO-836853,60,5,1029470.0,5,Very High
SO-836866,48,5,938977.2,5,Very High
SO-836948,61,5,983623.0,5,Very High
SO-836963,80,6,1999026.0,5,Very High
SO-836980,38,3,1020288.0,3,Very High
SO-837109,114,12,1749332.6,11,Very High
SO-837330,16,1,13593.6,1,High
SO-837345,97,7,1381316.0,6,Very High
SO-837458,103,11,5440114.2,11,Very High
SO-837462,37,6,652250.4,6,Very High
SO-837539,1,1,2655.0,1,Low
SO-837554,59,8,1259141.6,7,Very High
SO-837593,83,8,1614305.6,7,Very High
SO-837634,51,5,3392513.2,5,Very High
SO-837648,107,11,1402989.8,10,Very High
SO-837665,113,12,4356038.4,11,Very High
SO-837667,26,2,55886.0,2,Very High
SO-837673,49,5,392516.0,5,Very High
SO-837720,69,7,1710997.8,6,Very High
SO-837771,106,10,2092948.8,9,Very High
SO-837801,76,9,567990.2,9,Very High
SO-837803,88,7,1049369.6,6,Very High
SO-837858,22,2,157697.2,2,Very High
SO-837903,33,4,793594.6000000001,4,Very High
SO-837927,37,7,865370.0,7,Very High
SO-837962,147,12,3540026.0,9,Very High
SO-837979,106,9,2015877.2,9,Very High
SO-838028,86,6,2235441.0,6,Very High
SO-838114,82,10,3816281.8,10,Very High
SO-838179,95,10,1705478.8,9,Very High
SO-838205,54,4,1390307.0,4,Very High
SO-838286,85,6,2024960.0,6,Very High
SO-838472,89,9,2054742.0,8,Very High
SO-838535,136,10,5958030.0,9,Very High
SO-838755,73,7,1614453.0,7,Very High
SO-838872,46,6,815234.0,4,Very High
SO-838926,119,9,2084260.4,7,Very High
SO-838962,61,6,354975.4,5,Very High
SO-838970,131,12,1120054.4,9,Very High
SO-839013,112,12,2150878.8,11,Very High
SO-839080,163,12,3361923.4,9,Very High
SO-839150,121,9,8193622.0,7,Very High
SO-839159,91,8,843351.0,7,Very High
SO-839176,118,11,2778518.0,8,Very High
SO-839263,119,12,3746281.6,10,Very High
SO-839335,106,9,1898098.4,8,Very High
SO-839407,61,7,3867498.4,7,Very High
SO-839494,63,7,1861617.0,6,Very High
SO-839502,15,1,162240.0,1,Very High
SO-839523,131,10,2392217.8,8,Very High
SO-839575,20,3,22549.8,3,High
SO-839700,80,12,2137055.4,10,Very High
SO-839707,8,2,4531.2,1,Low
SO-839745,126,10,1078226.2,8,Very High
SO-839771,122,10,844130.4,9,Very High
SO-839824,35,4,544188.0,4,Very High
SO-839849,20,1,263680.0,1,Very High
SO-839860,64,7,1262455.6,7,Very High
SO-839911,17,1,204612.0,1,Very High
SO-839926,56,5,1471513.6,5,Very High
SO-839931,7,1,133504.0,1,Very High
SO-840026,107,10,1756238.8,9,Very High
SO-840053,98,12,6098922.2,8,Very High
SO-840156,16,2,400524.0,2,Very High
SO-840179,38,3,607488.0,2,Very High
SO-840250,11,1,1675520.0,1,Very High
SO-840263,93,6,2060288.4,6,Very High
SO-840495,98,9,339804.6,7,Very High
SO-840519,13,1,171392.0,1,Very High
SO-840653,15,3,880896.0,2,Very High
SO-840712,18,2,621056.0,2,Very High
SO-840752,18,1,15292.8,1,High
SO-840754,98,8,3245330.6,8,Very High
SO-840758,14,2,220864.0,2,Very High
SO-840822,73,6,2587751.0,5,Very High
SO-840831,52,3,121094.0,3,Very High
SO-840924,44,5,1063808.4,5,Very High
SO-840933,47,5,525086.0,5,Very High
SO-840940,86,9,4247207.0,7,Very High
SO-841024,66,7,1119610.4,7,Very High
SO-841084,96,10,2878481.2,9,Very High
SO-841133,53,5,514782.6,5,Very High
SO-841144,83,10,966696.6,8,Very High
SO-841207,97,10,2808058.4,10,Very High
SO-841292,78,11,1202371.0,9,Very High
SO-841334,24,3,505947.0,3,Very High
SO-841361,39,5,628156.8,5,Very High
SO-841428,137,10,2782717.0,9,Very High
SO-841437,21,3,134551.0,3,Very High
SO-841439,59,6,1283827.0,6,Very High
SO-841610,40,4,1367020.0,4,Very High
SO-841646,71,7,807106.4,6,Very High
SO-841758,123,12,1538702.0,9,Very High
SO-841809,135,12,3499477.1999999997,10,Very High
SO-841826,93,10,1214676.8,9,Very High
SO-841852,96,10,4194938.4,8,Very High
SO-841881,35,3,1179038.0,3,Very High
SO-841938,18,1,15292.8,1,High
SO-841942,49,5,1535750.0,5,Very High
SO-841966,128,11,1638598.0,10,Very High
SO-841975,167,12,5006962.0,10,Very High
SO-841978,52,6,1744239.0,6,Very High
SO-842079,52,3,1259066.0,3,Very High
SO-842096,118,10,5465696.0,7,Very High
SO-842183,108,9,2296668.2,9,Very High
SO-842219,19,1,532608.0,1,Very High
SO-842242,147,12,3289611.4,10,Very High
SO-842279,81,9,2300598.0,7,Very High
SO-842332,9,1,458496.0,1,Very High
SO-842351,35,4,465608.0,4,Very High
SO-842355,98,10,1638153.8,8,Very High
SO-842357,102,8,2157543.2,8,Very High
SO-842388,13,1,120419.0,1,Very High
SO-842407,77,7,2403800.2,7,Very High
SO-842442,100,8,3937600.0,6,Very High
SO-842591,89,9,1229630.6,7,Very High
SO-842600,16,3,60709.8,3,Very High
SO-842616,64,6,2700912.0,5,Very High
SO-842659,108,10,1400076.2,8,Very High
SO-842668,62,6,561730.4,5,Very High
SO-842789,39,4,711250.6,4,Very High
SO-842846,45,4,881199.7999999999,4,Very High
SO-842880,94,10,2630017.0,7,Very High
SO-842891,95,9,2779950.0,9,Very High
SO-842941,25,2,116714.0,2,Very High
SO-843015,102,9,2394728.0,8,Very High
SO-843018,88,11,1036709.2,10,Very High
SO-843022,4,1,5900.0,1,Medium
SO-843050,11,1,209792.0,1,Very High
SO-843151,66,6,1428388.8,5,Very High
SO-843183,116,10,1933877.8,7,Very High
SO-843228,21,2,135068.8,2,Very High
SO-843250,108,11,2399115.0,9,Very High
SO-843299,78,9,2054799.6,7,Very High
SO-843355,90,11,2863211.2,10,Very High
SO-843371,64,7,1441335.6,7,Very High
SO-843395,60,7,705248.4,7,Very High
SO-843401,33,3,458097.0,3,Very High
SO-843508,98,10,1663118.4,10,Very High
SO-843679,113,10,2516124.2,8,Very High
SO-843710,102,8,2259302.4,8,Very High
SO-843807,12,1,1282560.0,1,Very High
SO-843826,120,10,2700683.0,9,Very High
SO-843877,51,4,2051626.0,4,Very High
SO-843951,81,6,2937826.4,6,Very High
SO-843980,110,9,1764978.6,9,Very High
SO-844040,48,4,1280966.0,4,Very High
SO-844061,82,6,648751.0,5,Very High
SO-844099,102,9,1438325.0,8,Very High
SO-844153,77,6,1620409.0,6,Very High
SO-844172,59,6,913489.0,6,Very High
SO-844178,93,8,2118186.8,8,Very High
SO-844196,98,8,1573022.2,5,Very High
SO-844219,89,12,3045633.1999999997,10,Very High
SO-844351,57,4,926812.0,4,Very High
SO-844373,60,5,2598208.0,5,Very High
SO-844406,16,2,305152.0,1,Very High
SO-844430,11,1,6749.6,1,Medium
SO-844523,69,11,4073520.6,10,Very High
SO-844575,97,10,2256079.0,10,Very High
SO-844752,18,1,30798.0,1,High
SO-844889,121,11,3688843.8,10,Very High
SO-844949,18,3,515686.0,3,Very High
SO-845026,8,2,135104.0,2,Very High
SO-845111,16,1,210944.0,1,Very High
SO-845165,94,8,2534079.2,7,Very High
SO-845251,150,12,4628525.0,8,Very High
SO-845312,110,11,2300931.0,9,Very High
SO-845337,90,7,4188760.0,6,Very High
SO-845354,94,9,1610634.2,8,Very High
SO-845466,73,7,3279962.0,6,Very High
SO-845549,5,1,176640.0,1,Very High
SO-845722,84,10,1703459.6,9,Very High
SO-845734,23,2,24437.8,2,High
SO-845735,34,4,1244819.4,4,Very High
SO-845761,83,7,3629659.2,6,Very High
SO-845838,72,8,615582.0,8,Very High
SO-845887,109,10,5502077.4,8,Very High
SO-845941,50,5,2247098.0,5,Very High
SO-846047,20,1,53100.0,1,Very High
SO-846054,110,9,2636372.0,7,Very High
SO-846069,128,11,2760308.0,8,Very High
SO-846081,58,6,2480295.0,4,Very High
SO-846165,94,11,3715877.2,10,Very High
SO-846251,141,11,5350889.2,8,Very High
SO-846382,23,2,550208.0,2,Very High
SO-846441,163,12,3261054.4,9,Very High
SO-846453,114,9,349205.0,7,Very High
SO-846520,67,8,1184873.0,8,Very High
SO-846636,138,12,1858103.2,10,Very High
SO-846691,119,12,1270904.0,9,Very High
SO-846697,30,3,181935.0,3,Very High
SO-846712,153,12,881218.0,11,Very High
SO-846779,122,12,1576024.2,10,Very High
SO-846849,8,1,407552.0,1,Very High
SO-846916,107,10,2575336.8,7,Very High
SO-847010,105,11,3081409.2,11,Very High
SO-847017,119,11,3184906.0,9,Very High
SO-847123,65,7,2964341.0,5,Very High
SO-847127,84,9,704391.0,8,Very High
SO-847149,26,3,1077010.8,3,Very High
SO-847197,19,2,194136.0,2,Very High
SO-847214,14,2,120373.0,2,Very High
SO-847245,138,12,2365249.6,10,Very High
SO-847269,75,6,1499254.0,6,Very High
SO-847295,132,12,870656.6,10,Very High
SO-847343,74,7,2521080.0,6,Very High
SO-847387,111,10,1498062.2,9,Very High
SO-847391,15,1,215040.0,1,Very High
SO-847413,69,4,1752576.0,4,Very High
SO-847460,107,9,6226216.8,9,Very High
SO-847556,18,2,1179975.2,2,Very High
SO-847620,124,11,2274757.0,11,Very High
SO-847768,137,12,2039676.4,10,Very High
SO-847813,34,4,945857.2,4,Very High
SO-847869,43,4,673072.0,4,Very High
SO-847880,50,4,539385.6,4,Very High
SO-847908,19,1,967936.0,1,Very High
SO-847940,72,7,713063.0,7,Very High
SO-848001,36,3,641718.0,3,Very High
SO-848029,88,9,330807.0,8,Very High
SO-848118,94,10,893060.0,8,Very High
SO-848119,135,12,1524070.5999999999,10,Very High
SO-848246,82,7,577456.0,5,Very High
SO-848309,99,11,2926765.6,11,Very High
SO-848334,63,6,1251806.2,6,Very High
SO-848395,72,10,932659.6,8,Very High
SO-848493,94,11,3804724.4,8,Very High
SO-848645,57,4,3671596.0,4,Very High
SO-848674,123,11,5298650.0,8,Very High
SO-848697,23,3,181673.4,3,Very High
SO-848743,61,9,2230048.8,8,Very High
SO-848745,75,8,1299914.2,8,Very High
SO-848775,22,2,192517.0,2,Very High
SO-848783,61,6,1090550.0,5,Very High
SO-848942,97,10,954245.0,9,Very High
SO-848959,89,8,2462535.4,6,Very High
SO-848963,59,5,2722713.6,5,Very High
SO-848964,95,8,3413153.6,7,Very High
SO-848972,89,9,1189714.4,8,Very High
SO-849074,13,1,580736.0,1,Very High
SO-849190,101,9,3788394.0,7,Very High
SO-849258,96,7,2030784.2,7,Very High
SO-849272,74,7,2866394.0,7,Very High
SO-849278,36,4,1012493.0,4,Very High
SO-849311,14,1,302848.0,1,Very High
SO-849422,113,12,1921371.6,11,Very High
SO-849441,55,5,2102426.0,5,Very High
SO-849469,39,4,520147.0,4,Very High
SO-849512,20,1,706560.0,1,Very High
SO-849525,73,8,1236762.6,8,Very High
SO-849554,23,2,44545.0,2,High
SO-849616,47,5,2573651.2,4,Very High
SO-849662,64,6,928501.4,6,Very High
SO-849672,91,8,4857331.0,7,Very High
SO-849727,104,9,1891890.2,7,Very High
SO-849766,38,2,2162026.0,2,Very High
SO-849880,3,1,94080.0,1,Very High
SO-849916,116,10,3514512.0,9,Very High
SO-850144,151,11,4198196.8,10,Very High
SO-850352,4,1,141312.0,1,Very High
SO-850354,121,10,2755181.8,9,Very High
SO-850425,73,8,3212703.2,6,Very High
SO-850439,112,9,7932282.8,7,Very High
SO-850469,109,9,4246147.6,9,Very High
SO-850519,37,3,546841.6,3,Very High
SO-850625,61,7,4769888.4,5,Very High
SO-850681,83,10,149574.8,7,Very High
SO-850700,35,4,893997.6,4,Very High
SO-850760,95,8,1265283.8,8,Very High
SO-850806,54,4,1476753.0,4,Very High
SO-850833,136,10,3471614.8,9,Very High
SO-850839,64,7,2417187.2,6,Very High
SO-850840,28,2,62893.0,2,Very High
SO-850882,82,7,1411628.4,5,Very High
SO-851010,135,11,2450520.2,8,Very High
SO-851014,17,1,6218.6,1,Medium
SO-851041,34,3,94181.0,3,Very High
SO-851056,25,3,113334.0,3,Very High
SO-851061,56,7,715425.6,6,Very High
SO-851332,61,6,395335.2,6,Very High
SO-851405,47,4,436697.6,4,Very High
SO-851419,29,3,1991296.0,2,Very High
SO-851430,6,1,64896.0,1,Very High
SO-851464,22,2,60687.0,2,Very High
SO-851596,123,10,3147112.0,8,Very High
SO-851656,109,9,1575522.4,9,Very High
SO-851682,145,12,2028253.6,9,Very High
SO-851696,126,12,2343211.8,9,Very High
SO-851704,56,6,1452188.8,6,Very High
SO-851760,30,2,222838.4,2,Very High
SO-851773,87,9,1426905.2,8,Very High
SO-851803,18,1,343296.0,1,Very High
SO-851828,23,2,308352.0,2,Very High
SO-851885,89,10,990332.4,9,Very High
SO-851906,90,12,1949951.8,8,Very High
SO-851922,45,8,1861620.4,7,Very High
SO-851926,54,4,594508.0,4,Very High
SO-851957,114,12,2821772.0,10,Very High
SO-852033,14,1,5121.2,1,Medium
SO-852078,107,8,2153766.6,7,Very High
SO-852132,134,11,1130687.6,8,Very High
SO-852165,34,2,69030.0,2,Very High
SO-852239,64,6,2951711.2,6,Very High
SO-852416,82,7,1951435.6,7,Very High
SO-852520,136,12,2840766.8,11,Very High
SO-852616,153,12,4809288.0,10,Very High
SO-852669,61,6,1442764.0,5,Very High
SO-852756,43,4,3341340.0,4,Very High
SO-852793,84,7,2642069.6,6,Very High
SO-852812,30,3,741692.0,3,Very High
SO-852834,87,11,1897806.2,9,Very High
SO-852844,109,7,1565683.0,7,Very High
SO-852911,22,2,20154.4,2,High
SO-852939,7,1,748160.0,1,Very High
SO-852948,13,2,688384.0,2,Very High
SO-853095,87,6,2089519.0,6,Very High
SO-853167,89,7,820439.0,6,Very High
SO-853277,8,1,407552.0,1,Very High
SO-853292,37,4,590148.6,4,Very High
SO-853353,51,5,691504.0,5,Very High
SO-853430,85,7,4943838.0,7,Very High
SO-853482,146,11,2013989.0,10,Very High
SO-853566,117,11,1510635.2,11,Very High
SO-853717,72,6,547601.0,6,Very High
SO-853726,17,2,568526.0,2,Very High
SO-853820,112,12,1503929.0,10,Very High
SO-853842,65,7,3005562.2,7,Very High
SO-853900,82,7,227159.0,5,Very High
SO-853919,52,6,1310187.0,6,Very High
SO-853929,43,4,28449.8,4,High
SO-853940,89,9,2324786.6,7,Very High
SO-853966,92,8,3013621.0,7,Very High
SO-854016,67,6,1488791.4,6,Very High
SO-854023,59,6,1167843.8,6,Very High
SO-854086,94,9,2766484.6,8,Very High
SO-854140,72,6,3278382.6,6,Very High
SO-854159,53,5,1256483.0,5,Very High
SO-854193,58,5,492144.4,5,Very High
SO-854235,56,4,5163150.4,3,Very High
SO-854291,136,12,2584487.6,9,Very High
SO-854404,120,11,1750780.4,10,Very High
SO-854414,105,9,3895876.4,8,Very High
SO-854416,63,6,1273592.0,5,Very High
SO-854426,101,10,1258158.4,8,Very High
SO-854480,18,1,216648.0,1,Very High
SO-854612,57,6,888239.0,6,Very High
SO-854616,82,8,282539.0,8,Very High
SO-854684,105,9,2018244.2,8,Very High
SO-854734,69,5,1605608.0,4,Very High
SO-854813,75,6,3018816.0,6,Very High
SO-854933,88,10,3106403.0,8,Very High
SO-855000,39,4,1729922.6,4,Very High
SO-855176,43,4,235972.6,3,Very High
SO-855197,135,12,2777096.2,10,Very High
SO-855219,53,6,829559.0,4,Very High
SO-855234,15,1,8496.0,1,Medium
SO-855260,55,4,285362.4,4,Very High
SO-855262,25,3,1817116.0,3,Very High
SO-855286,110,9,4306515.0,6,Very High
SO-855325,37,5,1369044.4,5,Very High
SO-855347,61,4,1255836.0,4,Very High
SO-855407,59,5,3028704.0,5,Very High
SO-855427,119,12,1226611.0,10,Very High
SO-855443,75,6,1248511.2,6,Very High
SO-855582,97,10,906701.8,9,Very High
SO-855633,113,10,1493171.6,7,Very High
SO-855817,97,11,3023519.6,8,Very High
SO-855894,113,11,1878818.6,10,Very High
SO-855902,74,7,568098.2,6,Very High
SO-855906,63,5,2213568.0,4,Very High
SO-855985,46,4,58044.2,3,Very High
SO-855990,28,2,26278.6,2,High
SO-856026,77,12,1815558.6,10,Very High
SO-856035,49,5,1972160.0,5,Very High
SO-856041,58,6,2017342.0,5,Very High
SO-856230,78,6,1636730.0,4,Very High
SO-856318,104,9,2440781.0,9,Very High
SO-856329,135,11,3892902.4,8,Very High
SO-856401,114,10,3029352.6,8,Very High
SO-856585,5,1,15680.0,1,High
SO-856672,13,1,7976.8,1,Medium
SO-856675,13,3,239680.0,3,Very High
SO-856730,156,11,3157923.2,9,Very High
SO-856789,113,11,1682235.4,9,Very High
SO-856841,82,9,1696916.4,8,Very High
SO-856879,89,10,2675608.2,8,Very High
SO-856947,77,8,728512.2,7,Very High
SO-856969,35,3,3541605.6,3,Very High
SO-857086,57,6,1398649.2,6,Very High
SO-857095,2,1,6272.0,1,Medium
SO-857105,103,11,2845716.0,8,Very High
SO-857121,68,6,1824032.0,5,Very High
SO-857171,80,8,2034523.4,7,Very High
SO-857229,22,3,903428.0,3,Very High
SO-857302,122,12,4216824.0,10,Very High
SO-857351,77,10,1762948.2,9,Very High
SO-857370,29,2,339383.0,2,Very High
SO-857438,120,12,3971427.0,10,Very High
SO-857483,114,11,2208309.0,10,Very High
SO-857606,38,6,963877.2000000001,5,Very High
SO-857624,46,4,1221093.6,4,Very High
SO-857712,58,4,60085.6,4,Very High
SO-857830,36,4,801930.4,4,Very High
SO-857847,91,9,2126782.4,9,Very High
SO-857909,20,3,424791.8,3,Very High
SO-857939,30,3,251198.4,2,Very High
SO-857989,92,10,1421649.2,9,Very High
SO-858021,49,5,3324480.0,5,Very High
SO-858054,142,12,5200624.4,11,Very High
SO-858127,146,12,2188223.8,10,Very High
SO-858139,33,2,123313.0,2,Very High
SO-858156,108,10,5024999.0,8,Very High
SO-858158,80,8,1979996.8,7,Very High
SO-858168,18,1,11044.8,1,High
SO-858202,57,6,1387370.0,6,Very High
SO-858234,34,3,246144.6,3,Very High
SO-858267,148,11,2434717.6,9,Very High
SO-858336,115,12,3865020.2,10,Very High
SO-858423,75,7,2088767.2,7,Very High
SO-858435,25,4,1121536.0,4,Very High
SO-858480,96,7,5960518.4,4,Very High
SO-858498,86,9,1259537.0,9,Very High
SO-858500,67,8,484053.0,5,Very High
SO-858635,11,2,25946.0,2,High
SO-858666,87,8,1233097.6,7,Very High
SO-858727,92,8,1642877.0,8,Very High
SO-858755,114,7,1031919.4,7,Very High
SO-858804,45,6,1159582.4,5,Very High
SO-858837,9,1,23895.0,1,High
SO-858888,114,10,1982631.2,6,Very High
SO-858964,6,2,87755.2,2,Very High
SO-858993,151,11,2881458.6,10,Very High
SO-858999,40,3,2077333.0,3,Very High
SO-859019,85,7,456649.0,7,Very High
SO-859052,70,7,1190465.2,7,Very High
SO-859149,106,11,2182432.2,10,Very High
SO-859181,10,3,189312.0,3,Very High
SO-859192,32,2,282002.0,2,Very High
SO-859210,44,4,697456.6,4,Very High
SO-859310,16,2,9534.4,2,Medium
SO-859315,92,6,2297480.6,5,Very High
SO-859323,111,8,3740995.6,6,Very High
SO-859398,112,10,2215740.4,9,Very High
SO-859477,44,3,2735792.0,3,Very High
SO-859553,38,5,1486624.0,4,Very High
SO-859692,134,9,4324692.4,7,Very High
SO-859716,47,5,1241208.0,5,Very High
SO-859734,24,2,238220.8,2,Very High
SO-859781,44,4,232665.8,4,Very High
SO-859861,10,1,446720.0,1,Very High
SO-859872,75,9,2656399.0,9,Very High
SO-859936,14,1,8590.4,1,Medium
SO-860005,99,11,714517.0,9,Very High
SO-860070,22,4,653056.0,3,Very High
SO-860229,105,11,1543548.0,7,Very High
SO-860314,60,6,1661248.0,5,Very High
SO-860355,29,2,175822.0,2,Very High
SO-860388,112,10,1781580.6,10,Very High
SO-860505,66,6,1772295.4,6,Very High
SO-860545,74,10,4205295.6,8,Very High
SO-860608,18,1,6584.4,1,Medium
SO-860629,107,11,3368717.6,10,Very High
SO-860685,35,2,3716480.0,2,Very High
SO-860715,32,5,251979.0,5,Very High
SO-860739,24,6,768209.8,6,Very High
SO-860793,39,5,1716928.0,5,Very High
SO-860866,119,11,5745789.4,10,Very High
SO-860914,97,10,5238377.0,10,Very High
SO-860932,2,1,1227.2,1,Low
SO-860940,78,8,3688268.0,7,Very High
SO-860971,43,5,943925.0,5,Very High
SO-861069,69,7,1682246.4,7,Very High
SO-861231,42,3,473925.6,3,Very High
SO-861364,59,5,854682.0,5,Very High
SO-861521,6,1,913920.0,1,Very High
SO-861569,43,5,373034.2,5,Very High
SO-861723,103,12,2899982.0,10,Very High
SO-861753,53,5,614561.8,5,Very High
SO-861939,88,10,1111138.8,8,Very High
SO-862040,72,6,1605616.0,5,Very High
SO-862053,61,7,672023.6,7,Very High
SO-862104,17,1,183872.0,1,Very High
SO-862112,62,6,371854.8,6,Very High
SO-862299,12,2,20296.0,2,High
SO-862312,94,9,3410342.0,9,Very High
SO-862318,7,1,11977.0,1,High
SO-862390,13,1,11044.8,1,High
SO-862501,46,4,738920.0,3,Very High
SO-862635,18,2,876048.0,2,Very High
SO-862636,85,8,2416934.4,7,Very High
SO-862643,125,11,1631778.0,8,Very High
SO-862648,40,3,898664.4,3,Very High
SO-862658,54,4,983342.2000000001,4,Very High
SO-862666,131,10,3678634.4,10,Very High
SO-862668,66,6,486935.2,6,Very High
SO-862683,130,10,2041684.4,9,Very High
SO-862740,88,9,2949100.8000000003,7,Very High
SO-862764,39,5,267322.2,3,Very High
SO-862811,143,12,3139283.2,10,Very High
SO-862833,13,2,8684.8,2,Medium
SO-862846,49,4,1856690.0,3,Very High
SO-862951,150,12,2834435.2,10,Very High
SO-863050,24,2,18124.8,2,High
SO-863075,93,10,1889253.0,10,Very High
SO-863079,75,7,2208295.0,5,Very High
SO-863093,118,12,3031105.2,11,Very High
SO-863126,85,11,1070841.8,9,Very High
SO-863185,70,7,1623090.0,7,Very High
SO-863308,54,6,432740.8,6,Very High
SO-863335,80,7,805019.6,7,Very High
SO-863420,36,3,911424.0,3,Very High
SO-863458,6,1,305664.0,1,Very High
SO-863465,8,1,11800.0,1,High
SO-863547,95,7,2770652.0,6,Very High
SO-863679,17,1,79237.0,1,Very High
SO-863686,54,5,1374439.0,5,Very High
SO-863699,136,12,1052711.6,10,Very High
SO-863731,53,4,666006.0,4,Very High
SO-863852,133,12,5246167.2,11,Very High
SO-863889,45,5,847251.0,5,Very High
SO-863893,107,11,3908403.0,8,Very High
SO-863896,62,5,757658.4,4,Very High
SO-864009,47,7,1365440.6,6,Very High
SO-864016,111,9,1372053.0,9,Very High
SO-864118,109,11,5093943.0,10,Very High
SO-864222,112,11,2285877.8,11,Very High
SO-864302,20,1,1018880.0,1,Very High
SO-864328,70,7,1041282.8,6,Very High
SO-864374,27,4,640099.2,4,Very High
SO-864442,39,3,242695.80000000002,3,Very High
SO-864449,72,7,1406610.6,7,Very High
SO-864497,110,11,2419742.8,11,Very High
SO-864510,12,2,519680.0,2,Very High
SO-864520,10,1,143360.0,1,Very High
SO-864534,66,6,411985.4,5,Very High
SO-864565,55,6,1090448.8,5,Very High
SO-864581,24,2,167744.0,2,Very High
SO-864609,20,1,893440.0,1,Very High
SO-864628,57,8,492868.6,7,Very High
SO-864668,67,9,2953216.0,6,Very High
SO-864745,56,6,664209.2,5,Very High
SO-864755,96,12,3404128.2,11,Very High
SO-864770,127,10,1374183.0,8,Very High
SO-864795,61,6,2017874.4,6,Very High
SO-864820,143,11,2421779.0,11,Very High
SO-864871,93,11,1759709.6,9,Very High
SO-864882,59,5,665070.2,5,Very High
SO-864908,91,9,855052.8,8,Very High
SO-864931,2,1,43264.0,1,High
SO-864944,45,7,876116.4,7,Very High
SO-864998,86,8,1485939.4,8,Very High
SO-865096,25,2,115615.0,2,Very High
SO-865102,29,2,225344.0,2,Very High
SO-865122,106,11,1561684.2,9,Very High
SO-865174,144,12,4344667.6,12,Very High
SO-865403,72,8,498874.2,8,Very High
SO-865460,112,10,3083762.0,9,Very High
SO-865479,53,4,1551643.0,4,Very High
SO-865514,76,5,4335165.6,5,Very High
SO-865531,62,6,1056010.0,6,Very High
SO-865541,78,6,1977806.0,6,Very High
SO-865569,31,3,952192.0,2,Very High
SO-865571,71,7,1728710.0,7,Very High
SO-865575,114,10,3680289.8000000003,9,Very High
SO-865589,16,2,890624.0,2,Very High
SO-865677,115,11,2523031.5999999996,7,Very High
SO-865749,61,6,641458.2,6,Very High
SO-865774,94,6,2412607.4,5,Very High
SO-865793,9,1,961920.0,1,Very High
SO-865812,63,6,632636.6,6,Very High
SO-865856,155,12,4658168.8,9,Very High
SO-865860,42,6,1350863.0,6,Very High
SO-865991,16,2,1072906.4,2,Very High
SO-866002,119,10,2433430.8,9,Very High
SO-866026,44,3,1074122.6,3,Very High
SO-866046,63,6,696423.2,4,Very High
SO-866111,83,9,1173827.2,9,Very High
SO-866119,59,5,1040162.6,5,Very High
SO-866203,120,11,1320193.0,8,Very High
SO-866235,54,4,2193810.0,4,Very High
SO-866282,54,5,1516332.8,5,Very High
SO-866283,75,6,953836.8,5,Very High
SO-866284,4,1,48144.0,1,High
SO-866293,78,6,4025034.6,5,Very High
SO-866370,134,11,3851234.8,8,Very High
SO-866464,67,5,1941753.0,5,Very High
SO-866467,33,5,876208.0,5,Very High
SO-866511,138,12,4196388.0,8,Very High
SO-866530,45,4,1047387.0,4,Very High
SO-866594,103,10,1132905.2,9,Very High
SO-866672,52,5,675546.2,3,Very High
SO-866735,22,4,248425.6,4,Very High
SO-866788,49,8,371880.0,5,Very High
SO-866808,27,4,599489.2,4,Very High
SO-866821,121,11,4485069.0,9,Very High
SO-866916,37,2,356282.0,2,Very High
SO-866936,28,3,105613.0,3,Very High
SO-866975,117,12,2716019.0,8,Very High
SO-866998,17,1,224128.0,1,Very High
SO-867073,149,11,4774446.0,7,Very High
SO-867133,134,11,1946778.6,11,Very High
SO-867134,137,11,3547624.4,10,Very High
SO-867140,161,12,3982843.0,8,Very High
SO-867144,71,6,2141748.6,6,Very High
SO-867177,13,1,188032.0,1,Very High
SO-867260,11,2,88368.8,2,Very High
SO-867318,82,8,1607538.0,8,Very High
SO-867398,30,3,312455.0,3,Very High
SO-867407,119,10,2047387.8,8,Very High
SO-867448,80,9,334459.2,7,Very High
SO-867495,95,9,2236310.2,8,Very High
SO-867542,138,11,2267192.4,11,Very High
SO-867718,52,6,659395.8,5,Very High
SO-867720,49,5,340836.0,5,Very High
SO-867762,34,4,117368.0,4,Very High
SO-867763,84,10,2578252.0,9,Very High
SO-867778,74,7,493417.0,6,Very High
SO-867780,107,10,1261133.2,9,Very High
SO-867889,20,4,517852.8,4,Very High
SO-867895,94,8,440079.2,6,Very High
SO-867897,103,11,2227480.6,9,Very High
SO-867912,138,12,1986489.8,10,Very High
SO-868008,118,11,2399832.0,9,Very High
SO-868012,106,12,3498619.6,11,Very High
SO-868019,48,3,755769.6,3,Very High
SO-868049,81,6,1467791.6,5,Very High
SO-868064,44,3,1801856.0,2,Very High
SO-868110,95,11,945757.4,10,Very High
SO-868121,56,4,1394622.0,4,Very High
SO-868159,35,2,312590.0,2,Very High
SO-868248,97,7,1478196.6,6,Very High
SO-868301,60,5,981236.0,5,Very High
SO-868349,121,11,5062128.6,9,Very High
SO-868417,55,4,2273059.2,4,Very High
SO-868480,32,2,4874240.0,1,Very High
SO-868487,99,7,4924106.0,6,Very High
SO-868585,90,11,3049919.2,11,Very High
SO-868637,48,4,1814643.0,4,Very High
SO-868643,81,8,3548335.0,7,Very High
SO-868661,92,8,2696806.6,7,Very High
SO-868739,47,7,2332284.8,7,Very High
SO-868755,71,7,3818305.0,6,Very High
SO-868760,12,2,996096.0,2,Very High
SO-868899,37,3,929201.4,3,Very High
SO-868903,133,11,1814456.0,10,Very High
SO-868915,134,12,4110390.8,8,Very High
SO-868942,80,7,1084055.2,7,Very High
SO-869027,9,1,149184.0,1,Very High
SO-869057,98,12,2112369.8,10,Very High
SO-869109,82,7,1382632.0,5,Very High
SO-869122,90,11,3351020.0,9,Very High
SO-869196,90,6,706387.0,6,Very High
SO-869249,54,5,915516.8,5,Very High
SO-869251,104,10,1766521.4,10,Very High
SO-869289,85,8,1149656.8,7,Very High
SO-869304,68,6,1100031.2,6,Very High
SO-869311,83,5,2913005.2,5,Very High
SO-869324,147,12,4440369.0,10,Very High
SO-869361,43,5,477817.8,5,Very High
SO-869371,73,8,3655061.0,8,Very High
SO-869381,80,8,723027.6,7,Very High
SO-869521,31,2,2740352.0,2,Very High
SO-869609,57,6,1095690.6,6,Very High
SO-869645,36,3,627253.0,3,Very High
SO-869724,17,1,45135.0,1,High
SO-869754,70,6,896559.0,6,Very High
SO-869771,48,5,2292992.0,5,Very High
SO-869814,65,6,1468704.8,6,Very High
SO-869926,53,4,3161320.0,4,Very High
SO-869993,71,7,1807091.2,7,Very High
SO-870059,58,6,2053204.8,6,Very High
SO-870074,67,8,2556131.0,8,Very High
SO-870101,91,12,1057362.0,11,Very High
SO-870212,4,1,6844.0,1,Medium
SO-870259,141,12,4792865.0,12,Very High
SO-870285,24,2,206368.0,2,Very High
SO-870319,22,2,2077504.0,2,Very High
SO-870333,10,1,313600.0,1,Very High
SO-870386,109,11,2833880.8,10,Very High
SO-870407,113,11,1614091.6,8,Very High
SO-870413,87,10,1877597.0,8,Very High
SO-870484,108,10,2347048.8,8,Very High
SO-870500,48,3,1752192.0,3,Very High
SO-870585,103,12,1984452.2,9,Very High
SO-870677,43,5,1158613.2,5,Very High
SO-870753,96,7,1629846.0,6,Very High
SO-870768,30,4,2606848.0,3,Very High
SO-870790,76,7,1821733.4,5,Very High
SO-870813,30,4,1067668.8,4,Very High
SO-870846,81,6,2211901.0,6,Very High
SO-870894,119,9,2015640.2,9,Very High
SO-870914,99,8,1921406.4,7,Very High
SO-870990,47,6,969316.2,5,Very High
SO-871030,5,1,60180.0,1,Very High
SO-871055,24,2,622528.0,2,Very High
SO-871087,6,1,129792.0,1,Very High
SO-871102,84,9,3098816.0,8,Very High
SO-871247,64,6,657043.6,6,Very High
SO-871317,28,4,978309.0,4,Very High
SO-871341,100,10,1594464.0,10,Very High
SO-871415,101,9,751097.0,7,Very High
SO-871433,9,2,353536.0,2,Very High
SO-871435,65,6,2146190.0,6,Very High
SO-871466,93,9,1259844.0,7,Very High
SO-871488,33,2,1097618.0,2,Very High
SO-871498,63,6,1281338.0,6,Very High
SO-871564,13,1,120419.0,1,Very High
SO-871589,95,8,6511380.0,4,Very High
SO-871690,24,2,585216.0,2,Very High
SO-871696,118,9,3157287.2,9,Very High
SO-871791,142,12,2117570.6,11,Very High
SO-871792,53,5,1997632.0,3,Very High
SO-871828,131,12,5032600.0,9,Very High
SO-871903,29,2,805376.0,2,Very High
SO-871913,82,7,3355844.4,6,Very High
SO-871938,11,2,512576.0,2,Very High
SO-871995,100,10,3044949.2,9,Very High
SO-871996,55,8,1274914.2,8,Very High
SO-871999,33,2,907632.0,2,Very High
SO-872000,95,8,3123394.0,7,Very High
SO-872072,1,1,50944.0,1,Very High
SO-872074,51,7,937557.4,7,Very High
SO-872136,27,3,806460.0,3,Very High
SO-872154,128,12,3685474.0,11,Very High
SO-872215,106,9,2185670.0,9,Very High
SO-872226,63,7,1037800.8,6,Very High
SO-872281,72,10,1242287.6,10,Very High
SO-872323,46,6,499891.8,5,Very High
SO-872401,64,5,546144.2,4,Very High
SO-872406,77,6,852113.2,6,Very High
SO-872517,37,3,1374896.8,3,Very High
SO-872518,80,7,2085391.0,7,Very High
SO-872560,84,8,1854179.2,8,Very High
SO-872601,35,4,66882.4,3,Very High
SO-872605,127,12,1751015.0,10,Very High
SO-872645,7,1,312704.0,1,Very High
SO-872758,28,3,112194.6,3,Very High
SO-872815,1,1,1711.0,1,Low
SO-872831,17,5,315392.0,4,Very High
SO-872878,32,5,1187264.0,5,Very High
SO-872894,121,12,1467250.0,11,Very High
SO-872936,49,7,1271535.4,7,Very High
SO-872973,23,2,17275.2,2,High
SO-872983,43,4,1189576.0,4,Very High
SO-872987,67,5,1421748.0,5,Very High
SO-873112,102,9,1699634.2,7,Very High
SO-873185,96,12,1762578.4,9,Very High
SO-873247,43,6,989723.6,6,Very High
SO-873253,125,12,4238077.2,10,Very High
SO-873317,33,4,651328.0,3,Very High
SO-873336,92,9,3974448.4,8,Very High
SO-873638,78,9,1777229.6,9,Very High
SO-873667,87,9,1101300.8,6,Very High
SO-873701,64,10,3859782.0,10,Very High
SO-873739,30,2,145494.0,2,Very High
SO-873775,48,3,1347127.8,3,Very High
SO-873782,80,7,1023574.0,6,Very High
SO-873794,55,7,233604.4,6,Very High
SO-873795,95,9,5087964.6,8,Very High
SO-873802,33,3,941829.0,3,Very High
SO-873857,56,5,1389564.0,5,Very High
SO-873866,85,11,1751934.4,10,Very High
SO-873873,29,3,446712.0,3,Very High
SO-873877,18,2,24638.4,2,High
SO-873887,25,4,1357275.6,4,Very High
SO-873908,110,11,3455833.0,9,Very High
SO-873977,54,8,1396337.4,7,Very High
SO-874002,80,7,1039519.4,6,Very High
SO-874057,35,3,976786.0,3,Very High
SO-874098,85,9,1681395.0,8,Very High
SO-874134,98,10,3907984.2,7,Very High
SO-874167,137,12,3975600.2,10,Very High
SO-874214,19,3,41359.0,2,High
SO-874296,68,8,757424.6,7,Very High
SO-874377,41,5,357585.8,5,Very High
SO-874453,122,12,2436518.6,11,Very High
SO-874724,83,9,1484253.2,8,Very High
SO-874733,30,5,285670.6,5,Very High
SO-874762,107,11,2389311.0,10,Very High
SO-874763,144,12,2931314.8,9,Very High
SO-874829,96,11,2724781.4,10,Very High
SO-874845,124,11,3524262.8,8,Very High
SO-874884,108,9,2398236.8000000003,9,Very High
SO-874954,133,11,3405417.0,11,Very High
SO-874980,45,6,1377322.4,6,Very High
SO-874983,15,1,529920.0,1,Very High
SO-875008,103,11,1739055.0,9,Very High
SO-875032,110,9,1038206.4,9,Very High
SO-875046,5,1,295680.0,1,Very High
SO-875050,147,12,4581049.8,10,Very High
SO-875082,101,7,3518758.8,7,Very High
SO-875227,27,2,722816.0,2,Very High
SO-875282,91,8,966327.8,6,Very High
SO-875311,45,3,1589568.0,3,Very High
SO-875316,31,3,1023680.0,3,Very High
SO-875330,57,6,2860625.6,4,Very High
SO-875553,141,12,3358684.8,11,Very High
SO-875573,80,7,707675.0,5,Very High
SO-875593,9,2,5593.2,2,Medium
SO-875599,92,11,2985325.4,8,Very High
SO-875606,3,1,9408.0,1,Medium
SO-875612,36,4,1344384.6,4,Very High
SO-875638,26,2,175616.0,2,Very High
SO-875640,46,8,1042875.0,7,Very High
SO-875651,75,7,3623692.8,6,Very High
SO-875687,56,6,965424.2,5,Very High
SO-875719,104,8,3469232.2,8,Very High
SO-875729,46,5,1027192.8,5,Very High
SO-875742,20,3,63255.4,3,Very High
SO-875770,20,1,240720.0,1,Very High
SO-875912,96,9,2481019.4,9,Very High
SO-876069,46,6,827389.4,5,Very High
SO-876089,57,5,2659834.0,5,Very High
SO-876184,113,10,3357426.0,9,Very High
SO-876199,46,4,230705.6,4,Very High
SO-876207,31,2,315668.0,2,Very High
SO-876326,82,10,1836741.0,9,Very High
SO-876332,66,9,1528668.0,8,Very High
SO-876353,101,12,1751670.8,10,Very High
SO-876480,140,12,5059426.6,11,Very High
SO-876520,84,8,921149.4,8,Very High
SO-876573,92,9,1436649.6,8,Very High
SO-876595,53,4,1958528.0,4,Very High
SO-876631,51,6,1031424.0,6,Very High
SO-876681,100,10,3459599.8,10,Very High
SO-876690,108,11,1112019.4,11,Very High
SO-876875,63,5,1489812.4,5,Very High
SO-876881,111,10,2827531.4,9,Very High
SO-876891,36,2,737792.0,2,Very High
SO-876944,95,10,2939472.2,8,Very High
SO-876965,32,4,547006.0,4,Very High
SO-877046,133,11,1287960.4,9,Very High
SO-877049,88,9,1869281.2,8,Very High
SO-877057,38,7,2943215.2,7,Very High
SO-877169,10,2,255424.0,2,Very High
SO-877226,92,7,1788514.0,7,Very High
SO-877250,44,6,507372.6,4,Very High
SO-877277,114,11,1305147.0,9,Very High
SO-877364,12,1,20532.0,1,High
SO-877365,118,10,4779463.8,10,Very High
SO-877380,51,3,941724.8,3,Very High
SO-877457,65,6,2334616.4,6,Very High
SO-877473,28,4,1651072.0,4,Very High
SO-877504,47,5,540978.6,5,Very High
SO-877560,50,3,752900.0,3,Very High
SO-877582,44,7,447758.60000000003,6,Very High
SO-877618,98,10,3370681.8000000003,8,Very High
SO-877628,92,12,1287704.0,10,Very High
SO-877682,88,10,4773067.8,10,Very High
SO-877848,67,7,1957600.2000000002,6,Very High
SO-877969,101,10,1088829.0,10,Very High
SO-877974,74,6,1933511.0,6,Very High
SO-878014,1,1,13184.0,1,High
SO-878140,63,9,628119.0,9,Very High
SO-878188,63,7,823624.6,7,Very High
SO-878191,16,2,92072.8,2,Very High
SO-878326,66,9,1504797.0,9,Very High
SO-878392,52,3,264863.2,3,Very High
SO-878461,74,11,729833.8,10,Very High
SO-878517,38,4,980224.0,4,Very High
SO-878518,103,12,1683421.6,10,Very High
SO-878533,112,12,3803532.8,11,Very High
SO-878600,102,9,3352741.6,9,Very High
SO-878629,13,1,7976.8,1,Medium
SO-878637,120,10,381078.4,9,Very High
SO-878792,86,7,3412508.0,6,Very High
SO-878837,87,10,1135704.4,8,Very High
SO-878859,144,10,4496385.0,10,Very High
SO-878903,29,4,383368.60000000003,4,Very High
SO-878931,19,1,2030720.0,1,Very High
SO-878977,17,2,43447.6,2,High
SO-878988,53,4,2599758.0,4,Very High
SO-879059,48,9,534495.4,7,Very High
SO-879181,151,12,5800917.8,10,Very High
SO-879237,148,12,5658852.0,11,Very High
SO-879248,17,1,367744.0,1,Very High
SO-879329,48,6,957358.0,5,Very High
SO-879405,80,6,1844016.6,6,Very High
SO-879419,137,8,2963370.8,7,Very High
SO-879453,33,4,949760.0,3,Very High
SO-879601,33,3,1214320.4,3,Very High
SO-879626,131,11,2621526.0,8,Very High
SO-879695,50,3,2693120.0,3,Very High
SO-879731,13,3,244741.6,3,Very High
SO-879814,61,6,1300303.0,5,Very High
SO-879896,100,9,2186416.0,7,Very High
SO-880023,36,5,531352.4,5,Very High
SO-880049,7,1,64841.0,1,Very High
SO-880067,43,7,398164.4,6,Very High
SO-880094,23,3,266769.2,3,Very High
SO-880170,20,3,119658.8,3,Very High
SO-880174,115,10,1866379.8,7,Very High
SO-880185,25,2,93060.0,2,Very High
SO-880217,21,3,768800.0,3,Very High
SO-880238,68,8,564295.6,7,Very High
SO-880245,79,6,2078702.6,5,Very High
SO-880246,100,10,3270190.4,7,Very High
SO-880279,6,1,10266.0,1,High
SO-880323,106,9,2253045.6,8,Very High
SO-880364,89,7,1611535.6,7,Very High
SO-880367,61,4,1017792.0,4,Very High
SO-880462,18,3,390555.0,2,Very High
SO-880475,29,4,545184.0,4,Very High
SO-880544,88,7,3035810.0,5,Very High
SO-880562,46,6,740285.2,6,Very High
SO-880838,115,11,3194913.4,9,Very High
SO-880919,19,2,83279.0,2,Very High
SO-880920,135,11,2140393.8,9,Very High
SO-881168,79,9,2720511.6,9,Very High
SO-881187,34,3,534970.0,3,Very High
SO-881197,88,8,3985443.0,7,Very High
SO-881252,19,1,16142.4,1,High
SO-881271,81,10,1011341.2,10,Very High
SO-881320,111,11,1745592.7999999998,10,Very High
SO-881376,44,5,666715.0,4,Very High
SO-881403,30,2,277890.0,1,Very High
SO-881411,58,7,961523.0,4,Very High
SO-881437,60,8,1006455.2,8,Very High
SO-881498,60,10,1755527.6,9,Very High
SO-881631,67,7,648463.2000000001,6,Very High
SO-881657,5,1,13275.0,1,High
SO-881684,10,1,5664.0,1,Medium
SO-881688,10,2,312192.0,2,Very High
SO-881758,138,11,495597.8,9,Very High
SO-881802,87,10,1994301.0,9,Very High
SO-881813,103,9,2422679.6,8,Very High
SO-881882,131,11,4760148.4,9,Very High
SO-881961,41,4,360747.2,4,Very High
SO-881990,84,7,3685654.0,6,Very High
SO-882056,96,9,2463408.0,8,Very High
SO-882057,13,3,821888.0,3,Very High
SO-882152,31,7,331693.8,7,Very High
SO-882238,48,5,1964160.0,5,Very High
SO-882242,20,2,1230464.0,2,Very High
SO-882271,97,8,2276218.0,8,Very High
SO-882277,11,2,122078.0,2,Very High
SO-882355,66,9,1280766.8,8,Very High
SO-882414,30,3,2852916.0,2,Very High
SO-882514,88,8,1800399.6,6,Very High
SO-882523,112,12,2649291.6,11,Very High
SO-882629,97,10,1703564.2,9,Very High
SO-882630,155,11,3778115.4,9,Very High
SO-882632,61,6,1013830.0,6,Very High
SO-882767,10,1,92630.0,1,Very High
SO-882773,58,6,285394.6,5,Very High
SO-882894,122,9,3218313.8000000003,8,Very High
SO-882920,121,11,1035340.6,7,Very High
SO-882952,41,8,547802.4,7,Very High
SO-882987,89,10,2783800.5999999996,7,Very High
SO-883162,49,5,2832434.0,5,Very High
SO-883226,87,10,1675549.8,7,Very High
SO-883246,93,8,2916752.6,7,Very High
SO-883317,1,1,152320.0,1,Very High
SO-883327,51,4,905372.2,4,Very High
SO-883344,12,2,17700.0,1,High
SO-883373,35,4,100148.0,3,Very High
SO-883407,93,10,1597391.6,9,Very High
SO-883415,103,11,1997639.6,9,Very High
SO-883432,111,10,4793571.8,9,Very High
SO-883508,35,5,237908.0,5,Very High
SO-883661,30,4,32460.6,4,High
SO-883676,97,12,2764433.1999999997,10,Very High
SO-883718,65,7,1219523.8,6,Very High
SO-883859,66,8,3392605.8000000003,8,Very High
SO-883884,5,1,46315.0,1,High
SO-883933,88,9,1194793.6,8,Very High
SO-883980,58,4,1144597.6,4,Very High
SO-884003,86,8,2969976.6,7,Very High
SO-884076,38,4,730595.2,4,Very High
SO-884215,8,1,21240.0,1,High
SO-884221,89,7,3976803.8,7,Very High
SO-884235,10,2,130072.0,2,Very High
SO-884248,82,9,2903631.0,8,Very High
SO-884286,31,5,718608.0,5,Very High
SO-884306,56,6,1731140.0,6,Very High
SO-884409,99,10,2573424.0,8,Very High
SO-884433,85,8,2855451.2,6,Very High
SO-884442,53,4,964608.0,4,Very High
SO-884456,53,6,2310229.0,5,Very High
SO-884466,88,8,1158189.6,8,Very High
SO-884565,81,9,2027037.0,7,Very High
SO-884773,20,2,72983.0,2,Very High
SO-884776,16,4,446654.0,4,Very High
SO-884792,40,4,768018.0,4,Very High
SO-884801,136,11,6336837.2,10,Very High
SO-884851,98,11,1343306.4,8,Very High
SO-884866,20,2,127104.0,2,Very High
SO-884879,101,10,3727268.2,10,Very High
SO-884885,99,10,1587729.4,8,Very High
SO-884904,189,12,4274821.0,8,Very High
SO-884950,71,8,3153188.0,7,Very High
SO-885022,89,9,4475235.0,7,Very High
SO-885034,42,3,1402565.0,3,Very High
SO-885037,101,11,2048330.0,10,Very High
SO-885104,68,8,2485414.2,7,Very High
SO-885144,69,5,272285.0,5,Very High
SO-885177,59,7,3221636.8,6,Very High
SO-885178,50,4,87948.4,4,Very High
SO-885221,32,4,15694.0,3,High
SO-885222,82,7,2538988.6,7,Very High
SO-885259,73,9,2232577.6,9,Very High
SO-885322,4,1,6844.0,1,Medium
SO-885411,46,3,1184082.0,3,Very High
SO-885521,110,11,3778739.4000000004,11,Very High
SO-885526,149,12,1744725.6,10,Very High
SO-885567,36,3,283201.0,3,Very High
SO-885568,118,10,5235631.8,7,Very High
SO-885619,114,10,2599875.0,9,Very High
SO-885746,52,4,295867.2,3,Very High
SO-885822,133,12,3728324.6,8,Very High
SO-885835,147,11,3406488.0,8,Very High
SO-885845,32,6,807619.2,6,Very High
SO-885893,90,8,1705383.0,7,Very High
SO-885900,18,3,1270272.0,3,Very High
SO-885913,61,4,2210177.0,4,Very High
SO-885935,148,12,2247372.4,11,Very High
SO-885949,83,9,1150733.0,7,Very High
SO-885997,84,9,741564.0,7,Very High
SO-886051,104,8,1880080.0,7,Very High
SO-886106,19,1,32509.0,1,High
SO-886144,117,10,4435280.0,8,Very High
SO-886160,68,7,1186165.4,7,Very High
SO-886161,83,9,1204623.0,7,Very High
SO-886171,131,12,3973525.4,11,Very High
SO-886223,113,10,1403577.2,8,Very High
SO-886276,61,7,1681621.8,6,Very High
SO-886309,95,9,1285021.0,8,Very High
SO-886332,25,2,744960.0,2,Very High
SO-886372,58,6,1617905.8,6,Very High
SO-886403,23,2,108191.0,2,Very High
SO-886454,123,12,1629158.6,10,Very High
SO-886459,33,3,1456029.0,3,Very High
SO-886471,19,1,967936.0,1,Very High
SO-886533,90,10,635707.0,9,Very High
SO-886572,38,5,168884.8,5,Very High
SO-886577,25,4,256427.2,4,Very High
SO-886633,10,1,120360.0,1,Very High
SO-886689,74,9,2149909.0,8,Very High
SO-886729,119,9,5926978.0,8,Very High
SO-886732,113,9,3099047.6,7,Very High
SO-886838,56,5,280589.4,5,Very High
SO-886952,62,8,1273019.2,7,Very High
SO-886987,53,4,2918363.0,4,Very High
SO-887035,51,4,1370697.0,4,Very High
SO-887318,118,12,2055041.8,11,Very High
SO-887377,40,3,202081.4,3,Very High
SO-887387,48,5,540861.8,5,Very High
SO-887398,142,12,3343959.0,10,Very High
SO-887420,106,11,1600137.8,9,Very High
SO-887435,119,11,1469334.4,9,Very High
SO-887484,144,12,1774615.2,11,Very High
SO-887505,88,9,1269500.0,8,Very High
SO-887585,36,3,307661.4,3,Very High
SO-887670,116,10,1591473.4,9,Very High
SO-887716,89,8,5561559.0,7,Very High
SO-887727,94,7,1116144.5999999999,7,Very High
SO-887823,59,9,1975963.0,8,Very High
SO-887930,3,1,43392.0,1,High
SO-887937,80,9,1070655.2,9,Very High
SO-888032,57,6,1436114.0,5,Very High
SO-888117,58,6,1966896.6,5,Very High
SO-888180,16,2,402688.0,2,Very High
SO-888301,105,10,1863227.2,8,Very High
SO-888306,87,11,1893211.0,10,Very High
SO-888310,27,2,1229056.0,2,Very High
SO-888328,93,7,776268.8,6,Very High
SO-888371,67,7,956050.0,7,Very High
SO-888394,27,3,211524.0,3,Very High
SO-888463,12,1,198912.0,1,Very High
SO-888500,93,6,1484896.4,6,Very High
SO-888512,121,9,4125259.8,6,Very High
SO-888577,86,9,2795480.0,8,Very High
SO-888605,149,12,5408813.4,11,Very High
SO-888618,84,9,1993293.0,7,Very High
SO-888768,72,7,2715034.2,7,Very High
SO-888788,50,7,1302419.4,6,Very High
SO-888797,42,3,966864.0,3,Very High
SO-888867,115,10,3433091.2,10,Very High
SO-888919,13,1,580736.0,1,Very High
SO-889017,64,6,704776.0,5,Very High
SO-889032,62,6,432915.6,6,Very High
SO-889043,47,4,155718.6,4,Very High
SO-889069,36,4,834368.0,3,Very High
SO-889080,61,7,1256374.0,7,Very High
SO-889137,135,9,4757907.0,7,Very High
SO-889140,15,1,529920.0,1,Very High
SO-889162,85,8,1242218.6,7,Very High
SO-889209,78,7,791535.8,7,Very High
SO-889245,34,3,261347.0,3,Very High
SO-889299,124,12,5181639.4,11,Very High
SO-889305,12,1,55932.0,1,Very High
SO-889322,26,3,241653.0,3,Very High
SO-889324,28,3,209805.0,3,Very High
SO-889340,82,8,991082.8,6,Very High
SO-889407,80,7,3497204.0,5,Very High
SO-889434,115,12,1638595.0,11,Very High
SO-889526,35,2,943872.0,2,Very High
SO-889570,98,9,2976620.8,9,Very High
SO-889593,16,1,265216.0,1,Very High
SO-889628,87,8,3641590.4,8,Very High
SO-889675,59,6,314574.4,6,Very High
SO-889731,53,4,1901228.8,4,Very High
SO-889752,78,8,1752186.0,7,Very High
SO-889755,21,3,479616.0,3,Very High
SO-889773,25,2,234687.2,2,Very High
SO-889935,82,5,4805664.0,5,Very High
SO-889983,140,12,1684919.8,9,Very High
SO-890075,74,5,761764.0,5,Very High
SO-890084,124,10,4275800.4,10,Very High
SO-890123,27,4,224788.0,4,Very High
SO-890136,17,4,556650.0,4,Very High
SO-890139,117,10,2389284.8,7,Very High
SO-890173,15,1,764160.0,1,Very High
SO-890193,80,7,3648525.0,7,Very High
SO-890208,23,3,943422.0,2,Very High
SO-890210,51,7,1391399.0,7,Very High
SO-890277,76,10,1778992.0,7,Very High
SO-890360,86,8,3972858.6,8,Very High
SO-890374,58,5,1632152.2,5,Very High
SO-890434,12,1,16284.0,1,High
SO-890437,58,5,481500.0,5,Very High
SO-890601,70,6,618463.4,6,Very High
SO-890652,62,9,1138723.6,9,Very High
SO-890676,28,4,496470.0,3,Very High
SO-890695,96,9,322620.4,8,Very High
SO-890722,70,5,509120.0,4,Very High
SO-890761,72,6,1769291.2,6,Very High
SO-890880,109,8,2038304.2000000002,8,Very High
SO-890891,58,8,1213635.6,8,Very High
SO-890947,49,4,1730535.2,4,Very High
SO-891003,23,2,1091328.0,2,Very High
SO-891018,80,7,390339.8,5,Very High
SO-891152,140,11,4512128.0,8,Very High
SO-891156,118,10,2893094.8,7,Very High
SO-891182,135,12,3691040.0,9,Very High
SO-891184,32,4,484396.8,4,Very High
SO-891201,99,10,4255111.0,9,Very High
SO-891334,102,11,1384083.2,9,Very High
SO-891509,57,4,1183250.0,4,Very High
SO-891516,32,3,310218.6,3,Very High
SO-891545,44,3,1353088.0,3,Very High
SO-891597,44,6,858026.6,6,Very High
SO-891674,26,2,1455616.0,2,Very High
SO-891771,35,4,353619.2,4,Very High
SO-891820,39,4,1023228.0,4,Very High
SO-891864,26,2,1196035.0,2,Very High
SO-891903,20,2,39736.4,2,High
SO-891909,100,10,2910755.2,9,Very High
SO-891933,76,6,3349193.0,6,Very High
SO-891982,100,10,4098222.4,9,Very High
SO-891997,97,8,2534063.8,8,Very High
SO-892052,28,3,436992.0,2,Very High
SO-892079,104,9,1363969.8,9,Very High
SO-892119,117,11,4601338.4,10,Very High
SO-892152,37,2,2048768.0,2,Very High
SO-892157,31,4,602035.2,4,Very High
SO-892161,121,12,2850480.8,9,Very High
SO-892186,69,7,3240432.4,5,Very High
SO-892190,130,11,1089439.8,10,Very High
SO-892271,15,1,324480.0,1,Very High
SO-892354,32,2,351225.6,2,Very High
SO-892422,112,11,1862696.4,9,Very High
SO-892423,46,5,1521448.0,5,Very High
SO-892474,32,4,515421.0,4,Very High
SO-892478,19,2,283264.0,2,Very High
SO-892540,98,12,884695.0,9,Very High
SO-892559,53,4,1226283.6,4,Very High
SO-892583,50,3,1096223.2,3,Very High
SO-892637,34,3,1166080.0,3,Very High
SO-892660,6,2,9204.0,2,Medium
SO-892719,35,3,532701.0,3,Very High
SO-892756,24,3,927258.0,3,Very High
SO-892760,171,12,7201697.0,8,Very High
SO-892761,71,8,1130371.0,7,Very High
SO-892765,38,5,141128.0,4,Very High
SO-892785,92,8,2573076.0,7,Very High
SO-892800,60,6,967672.8,6,Very High
SO-892888,68,6,1013660.8,5,Very High
SO-892973,67,5,204412.6,5,Very High
SO-893023,46,5,1764380.0,4,Very High
SO-893100,114,12,6626154.6,9,Very High
SO-893168,114,10,3078908.0,6,Very High
SO-893173,83,12,1798866.0,11,Very High
SO-893193,13,1,171392.0,1,Very High
SO-893215,19,1,2030720.0,1,Very High
SO-893216,93,7,2958315.0,6,Very High
SO-893272,35,3,3046528.0,3,Very High
SO-893393,113,10,2421688.4,10,Very High
SO-893487,112,9,3824982.4,8,Very High
SO-893499,84,7,752320.0,5,Very High
SO-893509,86,8,2593641.0,7,Very High
SO-893522,62,5,492311.0,5,Very High
SO-893620,67,7,3063795.6,7,Very High
SO-893723,11,1,16225.0,1,High
SO-893747,121,12,2713448.6,8,Very High
SO-893759,105,10,3576168.8,9,Very High
SO-893763,20,1,263680.0,1,Very High
SO-893805,126,9,3646150.4,7,Very High
SO-893829,77,9,1261973.0,7,Very High
SO-893861,26,4,587392.0,4,Very High
SO-893893,49,4,198572.2,4,Very High
SO-894030,14,1,18998.0,1,High
SO-894042,58,6,3573609.6,6,Very High
SO-894140,74,6,1275758.0,6,Very High
SO-894151,36,6,362872.4,6,Very High
SO-894178,86,10,1667921.4,8,Very High
SO-894201,64,9,3225691.0,9,Very High
SO-894246,33,4,406991.0,4,Very High
SO-894295,87,11,3118346.2,8,Very High
SO-894328,82,6,2538377.6,6,Very High
SO-894521,23,2,316407.2,2,Very High
SO-894526,36,4,254234.4,4,Very High
SO-894655,21,2,182640.0,2,Very High
SO-894733,36,5,1277594.8,4,Very High
SO-894737,90,9,1094644.0,8,Very High
SO-894759,83,7,552254.6,5,Very High
SO-894894,107,9,3068056.2,7,Very High
SO-894947,104,8,1793120.4,7,Very High
SO-894991,82,6,2153155.2,6,Very High
SO-895025,46,5,863456.0,4,Very High
SO-895028,86,8,2675564.0,6,Very High
SO-895060,40,4,855411.0,3,Very High
SO-895089,9,1,458496.0,1,Very High
SO-895099,105,11,1620226.6,10,Very High
SO-895125,99,9,1684245.2,8,Very High
SO-895141,93,10,2020665.4,10,Very High
SO-895228,110,11,964535.0,8,Very High
SO-895262,101,8,1734704.2,7,Very High
SO-895278,18,2,161962.0,2,Very High
SO-895282,87,9,2318177.0,9,Very High
SO-895289,72,6,518270.2,5,Very High
SO-895317,49,5,568654.2,5,Very High
SO-895488,22,3,181127.2,3,Very High
SO-895516,65,6,1763003.6,6,Very High
SO-895540,72,6,976683.4,6,Very High
SO-895689,47,6,773775.0,6,Very High
SO-895805,87,7,3347801.0,7,Very High
SO-895919,23,2,119037.0,2,Very High
SO-895943,38,5,119640.2,5,Very High
SO-896125,175,12,4547321.0,12,Very High
SO-896184,102,9,1645575.6,9,Very High
SO-896240,124,8,4436778.0,7,Very High
SO-896322,17,1,9628.8,1,Medium
SO-896334,76,5,262140.8,5,Very High
SO-896381,64,7,1718917.2,7,Very High
SO-896386,76,6,634111.0,5,Very High
SO-896419,121,8,1803284.2,8,Very High
SO-896425,25,3,287296.0,3,Very High
SO-896459,43,5,303119.2,4,Very High
SO-896618,54,7,1278416.6,5,Very High
SO-896718,95,8,1783829.6,7,Very High
SO-896725,110,10,4106534.6,10,Very High
SO-896746,41,5,348622.8,4,Very High
SO-896755,82,8,1079817.0,8,Very High
SO-896756,17,1,1816960.0,1,Very High
SO-896831,93,9,3539657.2,8,Very High
SO-896883,31,3,991237.2,2,Very High
SO-896936,40,6,1061522.2,6,Very High
SO-897022,43,4,1181440.0,3,Very High
SO-897089,18,1,15292.8,1,High
SO-897112,96,8,1173611.2,6,Very High
SO-897135,47,4,61596.0,4,Very High
SO-897140,73,8,1978749.4,6,Very High
SO-897144,102,10,893354.0,7,Very High
SO-897155,37,3,1231936.0,3,Very High
SO-897224,68,11,1350723.6,10,Very High
SO-897233,63,11,2806553.4,10,Very High
SO-897387,32,4,206137.0,4,Very High
SO-897481,41,4,358353.0,3,Very High
SO-897486,85,8,1318063.2,8,Very High
SO-897488,70,7,975224.0,5,Very High
SO-897499,93,10,1198766.8,10,Very High
SO-897561,10,3,131252.0,3,Very High
SO-897634,2,1,1227.2,1,Low
SO-897647,58,7,2406821.4,6,Very High
SO-897651,95,11,1829064.6,9,Very High
SO-897691,134,10,1374118.8,9,Very High
SO-897704,31,4,312150.0,3,Very High
SO-897788,48,4,1786945.2,4,Very High
SO-897836,7,1,133504.0,1,Very High
SO-898018,100,10,2854019.0,8,Very High
SO-898076,10,1,17110.0,1,High
SO-898077,128,12,3132095.4,10,Very High
SO-898139,125,12,1142341.2,8,Very High
SO-898177,40,3,1346752.0,2,Very High
SO-898194,121,12,4471580.2,10,Very High
SO-898224,32,3,101439.6,3,Very High
SO-898229,54,7,1058349.4,7,Very High
SO-898235,65,8,2432682.2,8,Very High
SO-898249,9,2,146048.0,2,Very High
SO-898302,8,2,309086.0,2,Very High
SO-898304,38,3,626718.0,3,Very High
SO-898309,51,3,676255.0,3,Very High
SO-898312,37,5,420663.0,4,Very High
SO-898324,1,1,35328.0,1,High
SO-898327,92,8,2416532.0,7,Very High
SO-898345,2,1,33152.0,1,High
SO-898413,28,2,18596.8,2,High
SO-898418,15,1,10266.0,1,High
SO-898480,98,9,1916579.6,8,Very High
SO-898483,47,6,844822.4,5,Very High
SO-898498,53,5,2662096.8,5,Very High
SO-898537,28,6,445150.0,6,Very High
SO-898543,33,4,362056.0,4,Very High
SO-898571,14,1,827904.0,1,Very High
SO-898574,52,3,3588928.0,3,Very High
SO-898708,34,4,876135.0,4,Very High
SO-898722,69,11,1904135.6,9,Very High
SO-898729,134,11,2757055.0,8,Very High
SO-898732,101,8,1107938.2,5,Very High
SO-898792,57,8,1455720.8,8,Very High
SO-898822,20,3,1161054.0,3,Very High
SO-898829,99,7,1267607.8,6,Very High
SO-898921,108,10,3130475.6,9,Very High
SO-898926,39,4,2658112.0,3,Very High
SO-898931,71,8,1351068.0,6,Very High
SO-898937,82,9,2495259.2,6,Very High
SO-898958,12,1,6796.8,1,Medium
SO-898969,61,6,607365.8,6,Very High
SO-898983,116,9,2024894.0,9,Very High
SO-899089,74,8,1475316.0,7,Very High
SO-899148,38,3,1831296.0,3,Very High
SO-899176,81,8,3114118.8,8,Very High
SO-899307,96,11,3593120.2,10,Very High
SO-899312,62,7,678038.2,6,Very High
SO-899449,4,1,112128.0,1,Very High
SO-899483,15,1,887040.0,1,Very High
SO-899508,70,9,960839.4,8,Very High
SO-899527,81,7,268495.6,6,Very High
SO-899537,50,7,510436.0,7,Very High
SO-899582,95,6,2332635.0,6,Very High
SO-899630,79,10,2020194.4,10,Very High
SO-899641,70,5,3011355.0,5,Very High
SO-899670,49,4,2021215.0,4,Very High
SO-899716,130,9,1450337.8,7,Very High
SO-899793,49,3,2220420.0,3,Very High
SO-899804,111,10,2645699.6,9,Very High
SO-899837,75,6,2012561.0,5,Very High
SO-899916,73,8,1875468.0,7,Very High
SO-899924,15,1,22125.0,1,High
SO-899999,138,10,8435794.2,8,Very High
SO-900011,22,3,24024.8,3,High
SO-900058,72,7,1464840.2,7,Very High
SO-900068,59,5,1605360.0,5,Very High
SO-900260,75,8,1527316.0,7,Very High
SO-900264,12,1,1827840.0,1,Very High
SO-900282,136,12,1836036.8,8,Very High
SO-900318,51,6,296355.0,6,Very High
SO-900550,117,11,3348316.6,9,Very High
SO-900572,84,8,1920299.0,8,Very High
SO-900599,82,7,3994112.0,6,Very High
SO-900728,40,3,137278.0,2,Very High
SO-900841,10,1,5664.0,1,Medium
SO-900905,61,4,1269104.0,4,Very High
SO-900942,40,6,1414339.0,6,Very High
SO-900951,93,9,3108866.4,7,Very High
SO-901014,116,9,4506575.2,9,Very High
SO-901027,64,6,2094180.4,6,Very High
SO-901087,152,12,2040274.4,10,Very High
SO-901143,104,12,2687392.4,8,Very High
SO-901156,81,11,291150.0,9,Very High
SO-901266,61,7,2455128.8,6,Very High
SO-901346,105,10,1361545.0,8,Very High
SO-901363,57,5,984297.0,4,Very High
SO-901393,12,1,111156.0,1,Very High
SO-901736,56,6,1587488.0,5,Very High
SO-901747,78,7,1534906.0,7,Very High
SO-901766,125,10,1792683.6,7,Very High
SO-901785,45,3,1189451.6,3,Very High
SO-901825,63,7,2404882.0,6,Very High
SO-901826,145,12,7046403.6,10,Very High
SO-901920,129,11,1969663.0,9,Very High
SO-901926,60,7,2511007.4,7,Very High
SO-901942,59,8,2187997.0,7,Very High
SO-901970,33,7,1041036.4,6,Very High
SO-901985,108,12,4968787.0,10,Very High
SO-902045,22,2,306578.0,2,Very High
SO-902064,104,11,1541033.0,9,Very High
SO-902080,90,9,1654619.0,8,Very High
SO-902109,20,2,657536.0,2,Very High
SO-902239,111,12,1113615.4,8,Very High
SO-902244,102,11,4142181.2,8,Very High
SO-902266,6,1,5097.6,1,Medium
SO-902372,5,1,140160.0,1,Very High
SO-902420,15,2,748160.0,2,Very High
SO-902424,61,8,1241441.4,8,Very High
SO-902427,94,11,2520920.2,8,Very High
SO-902465,85,8,2678875.0,6,Very High
SO-902486,31,2,1103360.0,2,Very High
SO-902520,89,7,1175780.0,7,Very High
SO-902612,128,12,2062011.4,10,Very High
SO-902671,6,2,160875.0,2,Very High
SO-902701,24,2,161766.2,2,Very High
SO-902708,92,10,3236214.6,9,Very High
SO-902736,70,8,802830.6,7,Very High
SO-902808,21,2,487374.0,2,Very High
SO-902923,88,7,2971658.6,5,Very High
SO-902926,104,12,757652.2,10,Very High
SO-902968,19,2,961664.0,2,Very High
SO-902993,156,12,6235676.4,10,Very High
SO-903033,34,2,1068624.0,2,Very High
SO-903139,81,10,2407162.0,9,Very High
SO-903156,119,12,1793642.0,10,Very High
SO-903284,84,9,814882.2,8,Very High
SO-903334,33,6,546361.2,6,Very High
SO-903464,20,2,296192.0,2,Very High
SO-903497,124,10,5466886.8,7,Very High
SO-903534,46,6,836202.6,6,Very High
SO-903540,22,2,100816.0,2,Very High
SO-903581,20,3,1342464.0,3,Very High
SO-903603,36,6,242743.0,5,Very High
SO-903644,18,2,42214.4,2,High
SO-903658,25,2,68581.6,2,Very High
SO-903690,58,8,1039989.4,8,Very High
SO-903844,33,3,69761.6,3,Very High
SO-903850,75,7,833952.2,6,Very High
SO-903928,12,1,55932.0,1,Very High
SO-903964,78,8,2694193.2,6,Very High
SO-904046,126,12,3345222.6,11,Very High
SO-904126,15,1,529920.0,1,Very High
SO-904128,25,3,541837.0,3,Very High
SO-904149,63,6,1421518.4,6,Very High
SO-904156,113,11,3055942.2,9,Very High
SO-904160,115,12,3415820.8,10,Very High
SO-904235,109,10,2979967.0,7,Very High
SO-904240,94,9,790222.0,7,Very High
SO-904371,35,5,27966.0,4,High
SO-904425,9,1,7646.4,1,Medium
SO-904478,80,8,1423424.0,7,Very High
SO-904485,128,11,3009367.0,10,Very High
SO-904511,95,10,729594.2,10,Very High
SO-904520,33,3,1045184.0,3,Very High
SO-904557,22,2,14561.2,2,High
SO-904572,20,6,303936.2,6,Very High
SO-904579,91,7,1460357.4,6,Very High
SO-904672,63,8,2268019.0,6,Very High
SO-904737,44,5,682458.8,4,Very High
SO-904764,45,5,196492.0,5,Very High
SO-904783,129,10,1898859.0,8,Very High
SO-904785,69,9,2155343.0,7,Very High
SO-904831,19,4,1349248.0,4,Very High
SO-904836,31,4,752825.6,4,Very High
SO-904872,25,2,177849.6,2,Very High
SO-904910,94,9,1980265.0,7,Very High
SO-904936,78,10,756438.2,8,Very High
SO-904937,63,5,2550544.0,4,Very High
SO-904987,36,3,38350.0,2,High
SO-904994,12,1,172032.0,1,Very High
SO-905003,80,7,2147658.6,7,Very High
SO-905005,16,2,270204.0,2,Very High
SO-905053,86,9,2356157.0,8,Very High
SO-905130,86,9,1824245.0,9,Very High
SO-905136,88,9,950149.0,7,Very High
SO-905148,120,12,3760735.6,10,Very High
SO-905172,91,10,1342785.6,10,Very High
SO-905222,54,5,1241014.0,4,Very High
SO-905286,79,8,1658569.8,8,Very High
SO-905299,123,12,1858676.2,10,Very High
SO-905443,117,11,900923.2,7,Very High
SO-905521,78,7,2945565.6,7,Very High
SO-905548,3,1,1097.4,1,Low
SO-905559,114,12,1674808.6,9,Very High
SO-905576,84,9,1184121.0,8,Very High
SO-905605,83,7,1728336.0,6,Very High
SO-905642,73,8,1952783.0,8,Very High
SO-905659,99,8,3547308.0,5,Very High
SO-905740,90,9,1919114.8,9,Very High
SO-905763,116,12,3626034.8,12,Very High
SO-905802,27,2,489294.0,2,Very High
SO-905920,153,11,1282707.8,8,Very High
SO-905923,14,2,377547.2,2,Very High
SO-905969,136,12,2402645.4,9,Very High
SO-906021,38,3,70295.6,3,Very High
SO-906034,121,9,1970335.6,9,Very High
SO-906057,141,12,6098688.0,11,Very High
SO-906121,23,2,320106.0,2,Very High
SO-906142,35,4,161885.0,3,Very High
SO-906145,2,1,2950.0,1,Low
SO-906174,124,11,1844696.8,10,Very High
SO-906201,45,5,751672.2,5,Very High
SO-906228,111,9,2406205.2,9,Very High
SO-906310,60,7,869101.0,6,Very High
SO-906323,17,1,6218.6,1,Medium
SO-906332,13,1,186368.0,1,Very High
SO-906364,44,3,797902.0,3,Very High
SO-906396,90,9,1711456.0,8,Very High
SO-906402,90,12,1654453.6,11,Very High
SO-906510,135,9,3286625.0,7,Very High
SO-906672,80,7,4139912.4,7,Very High
SO-906732,79,8,1819277.0,7,Very High
SO-906750,78,6,3538820.4,6,Very High
SO-906785,11,1,7528.4,1,Medium
SO-906912,47,7,2722407.8,5,Very High
SO-906993,52,3,1890560.0,3,Very High
SO-907000,14,1,7929.6,1,Medium
SO-907117,130,12,1668443.0,11,Very High
SO-907149,68,5,1053565.0,4,Very High
SO-907304,108,8,2173885.2,6,Very High
SO-907367,15,2,145189.0,2,Very High
SO-907412,52,7,391233.0,5,Very High
SO-907449,46,4,1624937.0,4,Very High
SO-907480,56,5,1398912.0,5,Very High
SO-907494,82,7,317568.0,6,Very High
SO-907514,94,12,555512.6,11,Very High
SO-907522,84,8,5311006.4,7,Very High
SO-907580,73,8,1726304.6,7,Very High
SO-907591,93,8,3746482.2,7,Very High
SO-907611,81,8,2910132.0,7,Very High
SO-907644,71,8,853706.6,8,Very High
SO-907672,99,10,1690146.4,9,Very High
SO-907760,130,9,1991058.6,9,Very High
SO-907779,37,4,562620.0,2,Very High
SO-907848,46,4,281615.2,4,Very High
SO-907887,14,4,124300.8,4,Very High
SO-907888,21,2,222807.0,2,Very High
SO-907904,70,6,370548.0,6,Very High
SO-907930,109,9,4113208.2,9,Very High
SO-907938,46,6,2182997.0,6,Very High
SO-907991,99,8,1919039.6,7,Very High
SO-908010,110,9,1788543.8,7,Very High
SO-908113,9,2,63824.0,2,Very High
SO-908133,7,1,4790.8,1,Low
SO-908186,112,11,850861.2,9,Very High
SO-908228,107,11,1609553.0,9,Very High
SO-908289,50,4,2708916.0,4,Very High
SO-908305,16,2,90769.0,2,Very High
SO-908413,4,1,6844.0,1,Medium
SO-908679,79,8,678395.6,7,Very High
SO-908705,54,8,808006.4,8,Very High
SO-908708,15,2,323648.0,2,Very High
SO-908720,101,12,3179259.0,10,Very High
SO-908839,117,12,2783560.8000000003,8,Very High
SO-908859,150,12,2607348.2,10,Very High
SO-908931,40,2,1204140.0,2,Very High
SO-908986,79,7,3213180.0,7,Very High
SO-908993,65,7,1516430.0,7,Very High
SO-909023,23,3,537344.0,3,Very High
SO-909122,57,5,844510.0,5,Very High
SO-909189,125,10,3226005.4,8,Very High
SO-909198,101,9,1894063.6,7,Very High
SO-909219,126,12,3251320.2,10,Very High
SO-909287,9,2,154587.0,2,Very High
SO-909295,50,3,2145934.0,3,Very High
SO-909380,32,3,165529.0,3,Very High
SO-909477,93,8,810498.8,7,Very High
SO-909488,64,6,765127.0,6,Very High
SO-909500,33,6,1546628.0,6,Very High
SO-909606,158,12,2609752.8,8,Very High
SO-909633,12,3,198276.0,3,Very High
SO-909639,72,6,801217.0,6,Very High
SO-909840,101,11,3022199.6,10,Very High
SO-909925,73,10,1197551.4,7,Very High
SO-909962,71,7,672581.8,6,Very High
SO-909997,14,2,713216.0,1,Very High
SO-910020,37,3,981836.4,3,Very High
SO-910028,53,5,528820.0,5,Very High
SO-910034,121,12,1900694.2,11,Very High
SO-910079,28,3,134756.0,2,Very High
SO-910147,72,8,708168.0,8,Very High
SO-910409,91,8,1287381.0,5,Very High
SO-910425,146,12,3866812.8,11,Very High
SO-910450,22,2,185602.0,2,Very High
SO-910452,23,2,423014.4,2,Very High
SO-910477,34,5,843800.2,5,Very High
SO-910501,132,11,3011881.2,8,Very High
SO-910662,41,4,1199055.0,4,Very High
SO-910747,104,11,1500301.2,9,Very High
SO-910776,49,3,66493.0,1,Very High
SO-910806,77,9,1330425.0,8,Very High
SO-910807,11,2,42203.0,2,High
SO-910863,29,2,630492.2,2,Very High
SO-910896,121,10,2845101.2,9,Very High
SO-910916,37,4,342470.0,4,Very High
SO-910928,13,1,156468.0,1,Very High
SO-910956,101,8,1248900.0,8,Very High
SO-911043,18,2,9392.800000000001,2,Medium
SO-911057,64,6,1069340.2,6,Very High
SO-911085,33,5,459379.0,5,Very High
SO-911124,114,10,4054320.2,7,Very High
SO-911167,50,5,660929.0,4,Very High
SO-911241,70,8,4904372.6,6,Very High
SO-911256,4,1,66304.0,1,Very High
SO-911271,71,7,1109798.0,6,Very High
SO-911275,10,1,120360.0,1,Very High
SO-911289,50,5,513231.2,5,Very High
SO-911317,53,6,1002826.6,6,Very High
SO-911331,63,5,634318.2,5,Very High
SO-911334,122,12,3576934.6,7,Very High
SO-911413,90,9,3358477.0,8,Very High
SO-911444,118,10,1678918.8,9,Very High
SO-911492,39,5,853705.0,4,Very High
SO-911530,37,4,543398.0,4,Very High
SO-911586,59,5,819150.0,5,Very High
SO-911673,70,7,2815737.6,7,Very High
SO-911704,19,1,314944.0,1,Very High
SO-911758,49,5,972126.6,5,Very High
SO-911818,111,9,3278903.4,8,Very High
SO-911854,55,7,2089708.0,6,Very High
SO-911886,75,5,2223871.4,5,Very High
SO-911955,86,9,2816709.1999999997,8,Very High
SO-911956,28,4,446361.6,4,Very High
SO-911969,44,5,1088931.2,5,Very High
SO-912010,4,1,112128.0,1,Very High
SO-912080,124,10,2223897.0,9,Very High
SO-912091,118,11,3352428.2,9,Very High
SO-912096,89,10,3608287.0,9,Very High
SO-912146,33,4,489698.0,4,Very High
SO-912239,8,1,37288.0,1,High
SO-912259,116,11,1798324.0,9,Very High
SO-912286,50,3,4209920.0,3,Very High
SO-912305,87,9,1291239.0,9,Very High
SO-912314,36,3,622531.2,3,Very High
SO-912341,100,9,2572837.6,8,Very High
SO-912384,87,11,422943.2,9,Very High
SO-912396,88,12,2271825.0,11,Very High
SO-912416,26,3,874191.0,3,Very High
SO-912424,56,5,1359068.2,5,Very High
SO-912437,18,2,1532288.0,2,Very High
SO-912513,86,9,1096424.0,8,Very High
SO-912521,80,6,1842191.0,6,Very High
SO-912540,29,3,160101.0,3,Very High
SO-912612,148,12,3824948.0,10,Very High
SO-912615,61,5,917342.2,5,Very High
SO-912710,62,7,1082729.0,6,Very High
SO-912745,58,8,546003.6,7,Very High
SO-912751,143,11,4142996.2,9,Very High
SO-912774,57,5,3340260.8,5,Very High
SO-912811,20,2,176454.4,2,Very High
SO-912849,54,4,2991104.0,3,Very High
SO-912874,53,5,1407362.6,5,Very High
SO-912985,129,11,2707946.0,9,Very High
SO-912998,83,9,4187750.4000000004,6,Very High
SO-913191,35,2,95532.8,2,Very High
SO-913198,1,1,10816.0,1,High
SO-913290,8,1,407552.0,1,Very High
SO-913295,83,9,2462233.4,9,Very High
SO-913309,130,12,2694599.2,9,Very High
SO-913333,38,5,1030672.0,5,Very High
SO-913438,20,1,560640.0,1,Very High
SO-913463,31,4,429450.4,3,Very High
SO-913534,74,7,4336417.6,4,Very High
SO-913554,119,10,3666178.0,7,Very High
SO-913613,127,12,5296831.0,11,Very High
SO-913631,68,8,2971188.0,7,Very High
SO-913653,105,9,1665276.8,9,Very High
SO-913692,44,8,441440.8,7,Very High
SO-913758,45,3,91273.0,3,Very High
SO-913777,27,3,822345.0,3,Very High
SO-913796,61,7,2533983.6,5,Very High
SO-913805,105,12,2678269.2,11,Very High
SO-913825,139,11,4544712.8,11,Very High
SO-913845,45,4,2905418.0,4,Very High
SO-913901,96,8,1634520.4,8,Very High
SO-913933,148,11,1773007.4,11,Very High
SO-913946,28,5,298828.8,4,Very High
SO-913956,99,8,1697287.8,8,Very High
SO-913984,41,4,2075622.0,3,Very High
SO-914003,94,8,498779.4,5,Very High
SO-914008,107,8,4830102.0,7,Very High
SO-914191,103,10,1103345.4,9,Very High
SO-914237,67,7,1425709.6,6,Very High
SO-914269,38,3,2522368.0,3,Very High
SO-914289,8,1,114688.0,1,Very High
SO-914302,23,2,63578.0,2,Very High
SO-914312,54,3,2291552.0,3,Very High
SO-914319,22,3,1884040.0,3,Very High
SO-914370,95,10,2524773.0,9,Very High
SO-914409,38,3,1841563.4,3,Very High
SO-914447,60,5,2417599.0,5,Very High
SO-914484,131,12,3398305.6,12,Very High
SO-914511,137,10,2372543.2,8,Very High
SO-914543,80,8,3148990.0,8,Very High
SO-914575,107,6,2736020.0,6,Very High
SO-914720,178,12,2720658.0,10,Very High
SO-914727,24,2,517369.6,2,Very High
SO-914894,61,6,1984516.0,6,Very High
SO-915095,19,1,25783.0,1,High
SO-915098,97,10,2513195.2,8,Very High
SO-915185,44,5,1994567.0,3,Very High
SO-915256,128,10,5170276.8,9,Very High
SO-915290,10,1,446720.0,1,Very High
SO-915325,20,3,657162.8,3,Very High
SO-915431,29,3,1372800.0,2,Very High
SO-915441,64,6,274473.2,5,Very High
SO-915461,9,1,317952.0,1,Very High
SO-915463,114,10,1304327.2,9,Very High
SO-915500,110,9,2154962.6,6,Very High
SO-915517,13,2,673920.0,2,Very High
SO-915566,13,1,8897.2,1,Medium
SO-915640,156,12,3149265.0,11,Very High
SO-915666,98,9,1777195.2,8,Very High
SO-915755,10,1,26550.0,1,High
SO-915792,108,9,2958949.6,7,Very High
SO-915811,31,3,549168.8,3,Very High
SO-915825,115,11,340368.2,8,Very High
SO-915850,24,2,531328.0,2,Very High
SO-915854,6,3,49624.2,3,High
SO-915874,33,3,604992.0,3,Very High
SO-915891,112,8,3079007.0,7,Very High
SO-915892,26,4,170515.4,4,Very High
SO-916021,144,11,1674894.6,8,Very High
SO-916027,10,1,13570.0,1,High
SO-916086,163,12,2769720.4,10,Very High
SO-916096,91,12,2519375.2,12,Very High
SO-916102,24,2,197094.0,2,Very High
SO-916157,59,9,1109655.0,8,Very High
SO-916241,83,7,3527695.0,7,Very High
SO-916243,36,5,1389254.4,5,Very High
SO-916261,110,7,2887468.2,6,Very High
SO-916287,110,10,1493620.0,6,Very High
SO-916330,112,7,3626248.8,7,Very High
SO-916391,7,1,64841.0,1,Very High
SO-916406,36,3,253852.8,3,Very High
SO-916508,18,4,1146334.0,4,Very High
SO-916594,100,10,1541152.2,8,Very High
SO-916620,62,5,1796321.8,5,Very High
SO-916630,47,7,432648.0,7,Very High
SO-916722,53,5,329675.2,5,Very High
SO-916777,26,2,1324544.0,1,Very High
SO-916879,84,7,902529.0,6,Very High
SO-916920,11,2,13440.2,2,High
SO-916948,93,8,1844073.2,7,Very High
SO-916969,116,10,5136097.8,8,Very High
SO-917008,24,3,805212.0,3,Very High
SO-917019,85,8,1228759.0,7,Very High
SO-917024,33,5,1188344.0,4,Very High
SO-917198,28,3,175799.0,3,Very High
SO-917227,47,4,1684804.0,4,Very High
SO-917351,76,6,976478.0,4,Very High
SO-917496,22,3,658588.0,3,Very High
SO-917526,28,2,350678.0,2,Very High
SO-917574,119,10,4569231.0,9,Very High
SO-917634,9,1,317952.0,1,Very High
SO-917656,2,1,101888.0,1,Very High
SO-917810,46,4,808252.0,4,Very High
SO-917862,118,11,3933540.2,11,Very High
SO-917864,57,6,309792.4,6,Very High
SO-917875,38,4,472057.0,4,Very High
SO-917897,81,8,461278.6,6,Very High
SO-917898,107,10,1783929.0,10,Very High
SO-917945,19,1,50445.0,1,Very High
SO-918027,27,3,369386.0,3,Very High
SO-918101,3,2,47622.0,2,High
SO-918186,88,9,2672266.0,8,Very High
SO-918199,53,4,2760120.0,4,Very High
SO-918330,30,4,188146.0,3,Very High
SO-918452,48,5,440742.0,4,Very High
SO-918473,84,7,788336.8,5,Very High
SO-918582,62,5,1203471.6,5,Very High
SO-918701,35,4,2338752.0,4,Very High
SO-918801,38,5,1922553.0,5,Very High
SO-918809,66,7,2460533.0,7,Very High
SO-919011,20,2,633550.0,2,Very High
SO-919065,83,8,1928417.8,7,Very High
SO-919125,103,7,3536695.8,7,Very High
SO-919161,35,5,533038.4,5,Very High
SO-919293,66,8,3481976.8,5,Very High
SO-919303,128,11,1885172.8,7,Very High
SO-919393,4,2,6844.0,1,Medium
SO-919400,44,4,212751.2,4,Very High
SO-919482,109,10,1256636.4000000001,10,Very High
SO-919503,4,1,6844.0,1,Medium
SO-919616,104,10,2217272.0,8,Very High
SO-919659,52,5,2626014.0,5,Very High
SO-919677,124,11,2600157.4,11,Very High
SO-919692,123,9,6099078.0,8,Very High
SO-919722,45,4,967973.0,3,Very High
SO-919748,111,12,2931680.5999999996,9,Very High
SO-919808,70,5,1417893.6,5,Very High
SO-919825,55,5,2860649.0,5,Very High
SO-919856,77,7,409184.2,7,Very High
SO-919880,32,2,807424.0,2,Very High
SO-919937,101,8,2367435.0,8,Very High
SO-919964,4,1,2454.4,1,Low
SO-920006,106,11,2068895.0,11,Very High
SO-920025,83,8,812443.2,8,Very High
SO-920026,39,3,889728.0,3,Very High
SO-920030,51,5,1433663.0,5,Very High
SO-920059,127,11,1859083.2,8,Very High
SO-920209,98,11,1467726.4,9,Very High
SO-920241,85,9,2325190.0,8,Very High
SO-920263,30,3,393685.0,3,Very High
SO-920268,47,5,2166976.0,4,Very High
SO-920302,30,2,143157.6,2,Very High
SO-920322,60,5,1055941.0,5,Very High
SO-920376,85,8,3485860.0,8,Very High
SO-920377,84,9,936975.2,9,Very High
SO-920497,24,3,2236254.0,3,Very High
SO-920549,73,8,1747315.6,7,Very High
SO-920582,128,12,1550713.2,10,Very High
SO-920611,99,11,1648935.2,10,Very High
SO-920635,102,11,2496728.4,10,Very High
SO-920680,112,8,952853.0,6,Very High
SO-920723,37,4,576410.0,3,Very High
SO-920787,51,4,2005650.0,4,Very High
SO-920804,48,5,1356755.2,5,Very High
SO-920896,125,10,1576918.0,9,Very High
SO-920906,67,6,744866.0,6,Very High
SO-920944,34,2,1621760.0,2,Very High
SO-920984,30,2,75071.6,2,Very High
SO-920990,117,12,1502391.2,10,Very High
SO-920991,94,9,715020.4,8,Very High
SO-920995,48,5,675320.4,4,Very High
SO-921017,15,2,439724.4,2,Very High
SO-921071,19,4,151036.6,4,Very High
SO-921298,45,7,717321.8,7,Very High
SO-921315,82,8,3392130.4,6,Very High
SO-921346,29,2,763520.0,2,Very High
SO-921354,78,8,728458.8,8,Very High
SO-921378,102,11,1288025.0,10,Very High
SO-921426,95,9,1357730.4,7,Very High
SO-921462,95,9,4901028.2,8,Very High
SO-921515,17,2,242560.0,2,Very High
SO-921560,58,4,2210499.0,4,Very High
SO-921574,68,5,3250510.0,5,Very High
SO-921625,72,11,1237965.0,9,Very High
SO-921642,53,5,1344698.0,4,Very High
SO-921733,87,11,4174504.0,10,Very High
SO-921772,69,6,1827628.8,6,Very High
SO-921780,127,10,1796799.2,8,Very High
SO-921804,93,10,1979516.8,8,Very High
SO-921839,71,8,231813.6,6,Very High
SO-921920,38,3,353704.8,3,Very High
SO-921934,24,4,544510.0,4,Very High
SO-921950,28,2,1458176.0,2,Very High
SO-922024,31,2,2143830.4,2,Very High
SO-922026,106,11,1635123.0,11,Very High
SO-922032,42,5,316430.6,5,Very High
SO-922065,8,1,5475.2,1,Medium
SO-922105,98,11,2215549.2,8,Very High
SO-922134,17,1,204612.0,1,Very High
SO-922190,130,10,4708367.8,8,Very High
SO-922326,84,7,2188583.0,5,Very High
SO-922415,19,1,967936.0,1,Very High
SO-922419,39,3,214354.0,3,Very High
SO-922481,111,12,3192498.0,10,Very High
SO-922484,69,6,2380017.0,5,Very High
SO-922497,84,7,998077.0,7,Very High
SO-922530,72,7,971342.4,7,Very High
SO-922579,47,4,366911.0,4,Very High
SO-922619,82,7,4245248.0,7,Very High
SO-922622,98,9,2753086.6,7,Very High
SO-922697,26,3,1048828.0,3,Very High
SO-922736,11,2,8024.0,2,Medium
SO-922770,82,8,622624.0,8,Very High
SO-922818,42,6,359275.2,5,Very High
SO-922829,97,8,1467606.4,8,Very High
SO-922898,112,12,5014160.6,10,Very High
SO-922905,39,4,1012860.0,3,Very High
SO-922941,14,2,22726.8,2,High
SO-922953,81,9,1881924.2,9,Very High
SO-922960,66,8,1553932.6,7,Very High
SO-922970,93,10,2038030.0,8,Very High
SO-923041,90,8,3214540.6,7,Very High
SO-923073,23,2,36757.0,2,High
SO-923243,64,5,573755.0,5,Very High
SO-923264,101,10,3086558.4,8,Very High
SO-923291,96,9,1395168.6,9,Very High
SO-923305,20,1,1182720.0,1,Very High
SO-923311,86,6,1684934.0,6,Very High
SO-923373,153,12,1635045.2,8,Very High
SO-923525,88,11,4838971.0,10,Very High
SO-923577,2,1,24072.0,1,High
SO-923674,140,12,2107684.6,9,Very High
SO-923757,53,5,3850512.0,5,Very High
SO-923949,82,11,2887463.8,8,Very High
SO-923967,139,12,6343400.2,10,Very High
SO-924008,6,1,86016.0,1,Very High
SO-924037,37,6,321312.0,6,Very High
SO-924087,65,9,2758595.8,9,Very High
SO-924230,57,7,1451237.0,7,Very High
SO-924240,48,4,1161217.0,4,Very High
SO-924268,17,3,235922.0,3,Very High
SO-924313,15,1,420480.0,1,Very High
SO-924336,49,4,1223647.0,4,Very High
SO-924408,82,9,1310471.0,8,Very High
SO-924452,151,12,2501419.4,8,Very High
SO-924479,11,2,374912.0,2,Very High
SO-924491,136,12,1641901.8,9,Very High
SO-924504,116,10,4287289.0,10,Very High
SO-924648,30,3,1234254.0,3,Very High
SO-924657,113,12,2362337.0,9,Very High
SO-924705,106,12,3865135.2,8,Very High
SO-924803,76,9,1483118.4,7,Very High
SO-924829,135,10,2534637.0,10,Very High
SO-924857,17,1,243712.0,1,Very High
SO-924858,75,7,951403.6,7,Very High
SO-924874,22,3,2200320.0,2,Very High
SO-924892,23,2,441088.0,2,Very High
SO-924934,34,3,749857.0,3,Very High
SO-925029,8,1,105472.0,1,Very High
SO-925047,25,3,651008.0,3,Very High
SO-925117,67,5,1314927.8,5,Very High
SO-925141,40,6,1431853.4,5,Very High
SO-925143,57,4,1046258.4,4,Very High
SO-925192,103,12,1390342.8,9,Very High
SO-925257,38,4,1873189.8,4,Very High
SO-925297,103,9,436915.6,8,Very High
SO-925308,96,7,1537082.8,7,Very High
SO-925309,53,3,559612.8,3,Very High
SO-925330,96,9,3508776.4,9,Very High
SO-925369,119,12,1526297.2,9,Very High
SO-925377,129,12,5942734.0,10,Very High
SO-925390,21,2,653277.0,2,Very High
SO-925478,73,6,696223.0,5,Very High
SO-925497,25,3,274304.6,3,Very High
SO-925522,144,12,3066035.0,11,Very High
SO-925625,101,10,1786427.0,10,Very High
SO-925644,128,11,4506370.0,10,Very High
SO-925655,111,12,3777019.8,11,Very High
SO-925686,76,7,1364239.6,7,Very High
SO-925817,75,10,932295.4,10,Very High
SO-925838,111,10,4906872.0,8,Very High
SO-926006,57,4,367373.0,4,Very High
SO-926015,115,12,1854511.4,9,Very High
SO-926096,120,10,1967992.0,7,Very High
SO-926131,6,1,354816.0,1,Very High
SO-926187,118,11,3911427.2,10,Very High
SO-926264,81,10,1590251.6,9,Very High
SO-926317,61,5,684338.0,4,Very High
SO-926479,107,11,1574155.6,11,Very High
SO-926604,6,1,129792.0,1,Very High
SO-926605,74,9,3275068.0,8,Very High
SO-926640,82,9,4300281.6,9,Very High
SO-926642,137,12,4578121.4,11,Very High
SO-926697,93,8,880872.8,8,Very High
SO-926702,78,6,2506120.0,5,Very High
SO-926817,75,6,2679153.4,6,Very High
SO-926895,16,2,22490.8,2,High
SO-926935,82,8,610521.4,7,Very High
SO-926968,74,7,1757894.0,6,Very High
SO-927006,18,4,274678.4,4,Very High
SO-927018,4,1,37052.0,1,High
SO-927097,43,5,516308.6,5,Very High
SO-927101,34,5,147680.8,4,Very High
SO-927121,43,5,3417093.4,5,Very High
SO-927319,61,5,3431570.4,5,Very High
SO-927340,90,7,2600980.0,6,Very High
SO-927348,17,3,163745.6,3,Very High
SO-927354,148,12,2327029.6,10,Very High
SO-927358,110,11,2580631.6,10,Very High
SO-927404,56,5,503133.4,4,Very High
SO-927464,74,7,447791.2,6,Very High
SO-927474,101,9,1826439.0,7,Very High
SO-927560,42,4,3110182.4,4,Very High
SO-927600,45,6,258652.2,5,Very High
SO-927712,58,7,1085189.2,7,Very High
SO-927774,34,2,1457920.0,2,Very High
SO-927812,91,9,2698656.2,9,Very High
SO-927884,41,5,3619904.0,4,Very High
SO-927887,54,6,1325213.6,5,Very High
SO-927920,108,10,2086387.4,10,Very High
SO-927956,41,5,1612812.0,5,Very High
SO-927994,63,6,168102.8,5,Very High
SO-928094,124,10,3870884.2,8,Very High
SO-928115,98,9,1921805.5999999999,8,Very High
SO-928121,140,12,6346810.6,10,Very High
SO-928183,105,12,1866850.0,8,Very High
SO-928202,146,11,5426612.0,8,Very High
SO-928303,41,5,806355.0,4,Very High
SO-928326,47,4,1333536.0,4,Very High
SO-928410,43,6,1346911.0,6,Very High
SO-928450,26,2,584868.0,2,Very High
SO-928456,102,9,4991253.6,9,Very High
SO-928472,28,3,80948.0,2,Very High
SO-928488,14,1,151424.0,1,Very High
SO-928546,36,2,27612.0,2,High
SO-928549,42,4,348461.0,4,Very High
SO-928562,5,1,3422.0,1,Low
SO-928575,85,8,2029433.2,7,Very High
SO-928709,46,5,1642249.0,4,Very High
SO-928745,50,5,1409031.0,5,Very High
SO-928749,57,5,2370358.0,3,Very High
SO-928834,20,1,1018880.0,1,Very High
SO-928919,73,8,1235966.8,7,Very High
SO-929025,120,11,4230247.0,7,Very High
SO-929026,26,2,128377.0,2,Very High
SO-929032,87,10,3558575.2,8,Very High
SO-929036,101,11,1084017.0,10,Very High
SO-929053,87,8,4600643.2,7,Very High
SO-929145,124,9,9905439.6,7,Very High
SO-929163,117,11,1991800.6,10,Very High
SO-929170,129,11,3081081.0,9,Very High
SO-929248,32,3,1110645.0,3,Very High
SO-929342,13,2,162526.0,2,Very High
SO-929343,8,1,132608.0,1,Very High
SO-929346,58,6,1100900.0,6,Very High
SO-929349,27,4,478178.0,4,Very High
SO-929362,32,2,770378.6,2,Very High
SO-929436,49,5,97690.2,5,Very High
SO-929469,92,9,2651547.6,7,Very High
SO-929533,64,9,2118594.2,9,Very High
SO-929539,63,7,2056868.0,7,Very High
SO-929547,128,10,4108898.2,8,Very High
SO-929601,116,9,2678160.0,8,Very High
SO-929629,84,5,1582764.0,5,Very High
SO-929680,75,6,3296744.6,6,Very High
SO-929705,97,11,1845266.2,10,Very High
SO-929745,43,3,2542848.0,1,Very High
SO-929777,48,4,464247.0,4,Very High
SO-929874,38,3,225865.0,3,Very High
SO-929878,9,1,171648.0,1,Very High
SO-929909,82,6,967272.0,5,Very High
SO-929976,144,11,3468183.6,11,Very High
SO-929999,99,8,1620931.0,7,Very High
SO-930059,38,3,859956.0,3,Very High
SO-930069,55,3,549248.0,3,Very High
SO-930092,90,8,1861722.0,6,Very High
SO-930132,120,11,4334514.2,10,Very High
SO-930299,79,7,1718302.0,5,Very High
SO-930365,17,2,705664.0,2,Very High
SO-930381,29,4,468081.0,4,Very High
SO-930390,18,1,194688.0,1,Very High
SO-930406,72,7,222959.4,6,Very High
SO-930410,46,6,1407894.0,6,Very High
SO-930473,106,9,5020440.2,8,Very High
SO-930581,56,7,675264.0,7,Very High
SO-930609,66,8,668818.2,8,Very High
SO-930628,156,11,3544329.0,8,Very High
SO-930658,106,9,1782914.0,7,Very High
SO-930679,109,10,2816032.6,8,Very High
SO-930701,24,2,457728.0,1,Very High
SO-930761,73,6,333667.0,5,Very High
SO-930762,1,1,13184.0,1,High
SO-930792,14,3,155916.0,3,Very High
SO-930818,50,5,1185868.4,5,Very High
SO-930831,9,1,5522.4,1,Medium
SO-930838,11,1,237952.0,1,Very High
SO-930842,98,8,1652224.6,7,Very High
SO-930925,43,4,729488.2,4,Very High
SO-931001,122,11,2547565.8,10,Very High
SO-931026,113,12,1033470.2,10,Very High
SO-931070,15,2,7717.200000000001,2,Medium
SO-931079,113,9,1739137.0,7,Very High
SO-931233,79,6,1488806.0,6,Very High
SO-931257,110,11,3266848.4,9,Very High
SO-931295,28,4,449171.2,4,Very High
SO-931312,47,4,906053.0,4,Very High
SO-931548,53,6,1001589.4,6,Very High
SO-931561,90,11,2731361.4,10,Very High
SO-931565,15,2,1739520.0,2,Very High
SO-931683,87,7,3240810.4,6,Very High
SO-931702,30,4,400240.0,3,Very High
SO-931713,66,5,315324.8,5,Very High
SO-931726,37,5,438864.0,5,Very High
SO-931745,135,11,3335705.2,11,Very High
SO-931784,77,7,936905.0,7,Very High
SO-931815,42,3,2076672.0,3,Very High
SO-931827,100,8,1332201.0,6,Very High
SO-931831,34,4,117144.4,4,Very High
SO-931837,63,9,2809406.0,8,Very High
SO-931978,101,9,708945.6,8,Very High
SO-932025,84,7,3266710.8,6,Very High
SO-932134,82,10,4481897.0,9,Very High
SO-932207,60,7,1653919.2,5,Very High
SO-932262,34,5,189766.4,5,Very High
SO-932270,129,11,1580293.8,9,Very High
SO-932274,47,4,874405.0,4,Very High
SO-932334,101,9,3087375.0,7,Very High
SO-932365,110,8,3074472.4,8,Very High
SO-932406,15,2,529920.0,1,Very High
SO-932474,17,2,155290.0,2,Very High
SO-932489,37,3,1244288.0,3,Very High
SO-932495,147,12,3747216.6,11,Very High
SO-932546,76,6,1276599.0,6,Very High
SO-932573,120,10,3262574.6,7,Very High
SO-932601,25,5,674201.8,4,Very High
SO-932631,106,7,1394416.0,6,Very High
SO-932638,58,5,598598.4,4,Very High
SO-932661,65,7,1747380.0,6,Very High
SO-932717,9,1,961920.0,1,Very High
SO-932718,40,4,524750.0,4,Very High
SO-932729,57,6,2083501.4,6,Very High
SO-932794,16,1,1710080.0,1,Very High
SO-932827,43,3,426239.0,3,Very High
SO-932937,94,7,892912.0,6,Very High
SO-933014,20,4,213120.0,3,Very High
SO-933028,106,9,2369990.2,9,Very High
SO-933048,132,11,1649904.0,10,Very High
SO-933051,40,6,1768384.0,5,Very High
SO-933087,55,5,495697.6,5,Very High
SO-933093,75,7,3465689.6,6,Very High
SO-933102,32,3,234869.0,3,Very High
SO-933146,85,6,560036.2,5,Very High
SO-933180,13,1,459264.0,1,Very High
SO-933183,20,2,232113.6,2,Very High
SO-933242,121,12,4191701.0,11,Very High
SO-933477,64,7,1037179.0,7,Very High
SO-933615,16,1,50176.0,1,Very High
SO-933754,81,10,825174.4,10,Very High
SO-933806,132,12,1590393.8,9,Very High
SO-933821,67,7,452451.0,6,Very High
SO-933827,65,7,3345899.8,7,Very High
SO-933841,65,4,2155389.0,3,Very High
SO-933907,35,4,107046.4,4,Very High
SO-933915,139,10,1823618.4,10,Very High
SO-933919,40,4,1685309.2,4,Very High
SO-933990,36,4,850817.0,4,Very High
SO-934001,93,10,2761169.2,9,Very High
SO-934021,10,2,27739.0,2,High
SO-934035,53,7,1770923.0,7,Very High
SO-934141,40,4,499500.0,3,Very High
SO-934212,95,7,2793529.4,6,Very High
SO-934222,121,11,2452858.0,9,Very High
SO-934226,105,8,1915790.8,6,Very High
SO-934398,74,9,2173329.4,7,Very High
SO-934425,22,2,316288.0,2,Very High
SO-934476,45,3,3140800.0,3,Very High
SO-934497,13,1,662272.0,1,Very High
SO-934561,92,10,4407706.4,9,Very High
SO-934667,113,11,3185331.0,11,Very High
SO-934676,3,1,7965.0,1,Medium
SO-934686,109,9,1986963.0,8,Very High
SO-934704,60,6,932097.0,6,Very High
SO-934707,11,1,18821.0,1,High
SO-934713,100,11,3183620.2,8,Very High
SO-934789,64,9,1131353.6,8,Very High
SO-934906,54,7,2327488.8,6,Very High
SO-934911,59,6,799830.4,6,Very High
SO-934946,63,5,1657489.0,5,Very High
SO-934955,115,9,1585435.0,8,Very High
SO-934985,48,4,1479040.0,4,Very High
SO-934993,91,9,2173248.0,8,Very High
SO-935003,26,3,1008804.8,3,Very High
SO-935031,52,6,1030247.0,6,Very High
SO-935036,53,5,3648704.0,4,Very High
SO-935305,84,8,3138851.0,6,Very High
SO-935311,83,11,1847381.0,8,Very High
SO-935347,62,8,1744016.0,7,Very High
SO-935493,57,5,1606520.0,4,Very High
SO-935495,60,5,1400148.6,5,Very High
SO-935548,96,11,2217476.2,10,Very High
SO-935555,104,8,3788332.1999999997,8,Very High
SO-935581,10,1,46610.0,1,High
SO-935622,50,3,814144.0,3,Very High
SO-935643,16,2,585869.0,2,Very High
SO-935711,14,2,1043200.0,2,Very High
SO-935897,109,12,2568220.6,12,Very High
SO-935954,19,1,362368.0,1,Very High
SO-935968,60,4,520300.0,4,Very High
SO-935979,46,6,111944.6,5,Very High
SO-936046,66,8,1856788.6,7,Very High
SO-936080,5,1,223360.0,1,Very High
SO-936158,76,6,2207550.4,6,Very High
SO-936334,44,4,431213.6,4,Very High
SO-936339,28,2,31883.6,2,High
SO-936360,25,2,212845.0,2,Very High
SO-936381,68,7,2741693.4,7,Very High
SO-936388,112,11,1252819.0,8,Very High
SO-936402,6,1,8142.0,1,Medium
SO-936424,83,5,3137215.6,5,Very High
SO-936450,18,2,294045.0,2,Very High
SO-936476,12,1,611328.0,1,Very High
SO-936497,87,10,3242245.0,7,Very High
SO-936523,62,6,1163764.2,5,Very High
SO-936542,112,11,1728843.0,10,Very High
SO-936577,84,11,1311643.0,8,Very High
SO-936584,141,12,2647691.0,9,Very High
SO-936604,29,6,547294.0,6,Very High
SO-936645,6,1,18816.0,1,High
SO-936648,5,2,160384.0,2,Very High
SO-936728,98,9,6519344.6,7,Very High
SO-936808,124,10,1937516.0,7,Very High
SO-936868,56,4,638636.0,2,Very High
SO-936885,54,5,1150913.0,5,Very High
SO-937029,85,8,2154747.1999999997,8,Very High
SO-937068,71,5,1850791.0,4,Very High
SO-937081,107,10,1807528.8,8,Very High
SO-937150,13,1,11044.8,1,High
SO-937164,8,2,30916.0,2,High
SO-937177,54,5,801849.2,4,Very High
SO-937273,29,6,881033.2,6,Very High
SO-937282,53,6,1529644.8,5,Very High
SO-937326,18,3,260046.0,3,Very High
SO-937372,127,12,3523608.2,10,Very High
SO-937373,68,11,776837.8,9,Very High
SO-937475,93,11,2812343.2,8,Very High
SO-937484,90,10,2388203.8,10,Very High
SO-937494,72,7,1082159.2,7,Very High
SO-937523,17,1,866048.0,1,Very High
SO-937534,37,4,1586487.0,4,Very High
SO-937540,98,8,3609789.0,7,Very High
SO-937551,140,12,2268904.8,11,Very High
SO-937610,19,2,65692.8,2,Very High
SO-937623,34,5,329518.0,5,Very High
SO-937627,43,5,506827.2,5,Very High
SO-937684,92,6,1197930.2,6,Very High
SO-937746,26,2,153746.0,2,Very High
SO-937852,44,4,689118.0,4,Very High
SO-937860,51,6,372521.0,6,Very High
SO-937890,84,8,3713964.0,7,Very High
SO-938013,26,3,1905792.0,3,Very High
SO-938021,41,5,673617.0,5,Very High
SO-938115,78,10,1857206.0,8,Very High
SO-938129,88,7,853409.8,5,Very High
SO-938155,9,2,12806.4,2,High
SO-938219,50,5,1400702.0,4,Very High
SO-938337,85,11,1023010.6,9,Very High
SO-938375,15,1,1603200.0,1,Very High
SO-938384,67,6,1040682.0,4,Very High
SO-938405,9,2,125048.0,2,Very High
SO-938417,38,3,682316.6,3,Very High
SO-938421,77,12,2726025.0,11,Very High
SO-938484,51,5,425726.4,4,Very High
SO-938490,60,5,743287.6,4,Very High
SO-938505,129,11,2608975.6,11,Very High
SO-938516,33,4,524288.0,3,Very High
SO-938571,98,7,3590539.5999999996,7,Very High
SO-938608,97,8,1313584.8,8,Very High
SO-938790,67,9,875429.8,7,Very High
SO-938897,115,9,1888025.4,9,Very High
SO-938937,56,7,574582.2,5,Very High
SO-938975,18,3,562432.0,2,Very High
SO-938980,65,7,264812.8,6,Very High
SO-939003,71,8,3080876.0,7,Very High
SO-939133,140,11,2738215.0,10,Very High
SO-939172,67,7,973632.6000000001,7,Very High
SO-939181,41,5,1242462.0,5,Very High
SO-939190,7,2,37229.0,2,High
SO-939195,85,9,1883495.0,7,Very High
SO-939273,80,8,1857622.6,7,Very High
SO-939318,63,7,3101703.8,7,Very High
SO-939379,25,3,260960.4,3,Very High
SO-939469,148,12,2863451.2,11,Very High
SO-939518,86,6,1910678.2,6,Very High
SO-939553,44,6,617674.0,5,Very High
SO-939657,31,2,769216.0,2,Very High
SO-939731,111,10,4190377.6,10,Very High
SO-939762,3,1,134016.0,1,Very High
SO-939804,19,3,1082228.8,3,Very High
SO-939816,90,9,2729830.0,8,Very High
SO-939960,30,4,447698.0,4,Very High
SO-940127,47,4,717914.0,4,Very High
SO-940160,31,4,721672.0,4,Very High
SO-940167,74,9,2744868.0,9,Very High
SO-940240,79,9,535718.2,8,Very High
SO-940280,78,7,1082468.0,6,Very High
SO-940323,71,9,1604147.0,8,Very High
SO-940354,57,5,1175165.2,3,Very High
SO-940362,137,12,6522405.0,11,Very High
SO-940368,8,1,407552.0,1,Very High
SO-940412,120,11,2957472.2,8,Very High
SO-940455,53,6,1062705.0,6,Very High
SO-940605,65,6,2327483.0,5,Very High
SO-940614,66,8,1723900.6,6,Very High
SO-940709,44,7,1583501.0,7,Very High
SO-940752,99,10,4808020.0,8,Very High
SO-940826,126,10,3233264.4,8,Very High
SO-940904,85,9,1700242.4,8,Very High
SO-940939,24,5,972433.6,5,Very High
SO-940947,20,1,13688.0,1,High
SO-940991,72,9,1526311.6,9,Very High
SO-940993,80,8,701025.8,7,Very High
SO-941038,93,8,961359.0,8,Very High
SO-941080,43,5,445487.8,5,Very High
SO-941172,70,6,2151605.0,6,Very High
SO-941175,94,7,1636231.8,7,Very High
SO-941277,78,5,2035288.2,5,Very High
SO-941358,47,5,220411.2,5,Very High
SO-941379,86,8,1804766.0,7,Very High
SO-941405,75,11,631222.6,9,Very High
SO-941406,80,6,1081281.0,5,Very High
SO-941445,58,5,615437.2,5,Very High
SO-941642,82,9,800701.4,8,Very High
SO-941679,8,2,65771.0,2,Very High
SO-941798,70,7,3092288.0,6,Very High
SO-941821,44,4,425970.0,4,Very High
SO-941857,105,9,396264.2,8,Very High
SO-942191,72,6,2127576.2,6,Very High
SO-942313,39,4,911904.0,3,Very High
SO-942316,11,2,531072.0,2,Very High
SO-942350,53,5,2881140.0,5,Very High
SO-942416,21,2,1966848.0,2,Very High
SO-942418,34,2,606960.0,2,Very High
SO-942434,26,2,2040219.0,2,Very High
SO-942441,28,2,2361856.0,2,Very High
SO-942451,30,6,1282338.6,6,Very High
SO-942487,39,3,1044800.0,3,Very High
SO-942510,46,4,587794.6,4,Very High
SO-942516,21,3,107479.2,3,Very High
SO-942601,41,5,322670.0,5,Very High
SO-942607,81,9,2209464.8,8,Very High
SO-942641,105,10,7810413.2,8,Very High
SO-942663,78,7,1889617.6,6,Very High
SO-942670,73,9,1005257.0,9,Very High
SO-942688,131,10,3928027.4,8,Very High
SO-942842,1,1,13184.0,1,High
SO-943065,123,12,4154857.0,9,Very High
SO-943086,72,8,1630961.8,8,Very High
SO-943110,77,9,1902943.8,7,Very High
SO-943120,70,7,1800297.8,7,Very High
SO-943140,15,2,383104.0,2,Very High
SO-943175,66,6,1769403.7999999998,6,Very High
SO-943181,91,8,5346153.0,7,Very High
SO-943260,128,12,6524567.2,10,Very High
SO-943290,93,10,2074386.0,7,Very High
SO-943307,101,8,2730625.6,8,Very High
SO-943316,67,6,732839.8,5,Very High
SO-943335,49,3,1149952.0,3,Very High
SO-943336,23,3,1426437.2,3,Very High
SO-943358,1,1,19072.0,1,High
SO-943462,12,3,83913.0,3,Very High
SO-943493,41,4,1440332.8,4,Very High
SO-943495,44,3,101152.0,3,Very High
SO-943508,109,9,4259467.6,8,Very High
SO-943529,12,2,391263.0,2,Very High
SO-943625,122,10,4861574.4,7,Very High
SO-943631,91,10,2872060.0,9,Very High
SO-943669,30,3,702010.0,3,Very High
SO-943700,26,4,36414.8,4,High
SO-943843,117,12,1706108.0,10,Very High
SO-943857,11,1,6230.4,1,Medium
SO-943863,16,2,407808.0,2,Very High
SO-943886,40,3,681900.0,3,Very High
SO-943904,52,4,2290685.0,4,Very High
SO-943921,79,10,2360730.2,8,Very High
SO-943923,83,8,2423323.0,8,Very High
SO-943960,18,2,974336.0,2,Very High
SO-944071,47,5,711872.0,5,Very High
SO-944159,45,3,1613568.0,3,Very High
SO-944274,29,3,30219.8,3,High
SO-944303,67,6,3308291.2,6,Very High
SO-944375,36,3,755712.0,3,Very High
SO-944380,56,4,1207236.0,4,Very High
SO-944408,29,4,120596.0,2,Very High
SO-944409,96,12,3780280.2,12,Very High
SO-944566,50,4,897528.0,4,Very High
SO-944599,91,8,2808179.4,5,Very High
SO-944610,21,3,749580.0,3,Very High
SO-944666,93,8,1317944.8,6,Very High
SO-944706,105,11,1124818.8,9,Very High
SO-944757,96,7,3320840.6,6,Very High
SO-944856,13,1,4755.4,1,Low
SO-944954,47,4,953626.6,4,Very High
SO-944969,25,3,255538.0,3,Very High
SO-944985,103,8,1847633.0,8,Very High
SO-944992,79,11,1432063.2,9,Very High
SO-945002,70,7,782372.4,7,Very High
SO-945019,40,3,871645.0,3,Very High
SO-945097,118,9,2430637.8,7,Very High
SO-945126,72,8,2030055.0,8,Very High
SO-945132,64,5,194924.2,5,Very High
SO-945147,53,5,973228.4,5,Very High
SO-945182,79,8,1626121.4,8,Very High
SO-945345,55,5,1168594.8,4,Very High
SO-945391,2,1,101888.0,1,Very High
SO-945462,100,11,4066040.0,10,Very High
SO-945501,80,9,2728340.8,8,Very High
SO-945564,43,4,493772.8,4,Very High
SO-945640,86,7,1754708.0,5,Very High
SO-945642,121,12,1126042.6,11,Very High
SO-945646,87,10,1070293.6,9,Very High
SO-945651,41,4,594742.4,4,Very High
SO-945656,152,12,3645826.0,11,Very High
SO-945709,76,7,347043.4,6,Very High
SO-945754,96,7,2763837.8,6,Very High
SO-945788,83,7,2854152.0,7,Very High
SO-945849,15,1,39825.0,1,High
SO-945850,29,2,30160.8,2,High
SO-945908,17,1,224128.0,1,Very High
SO-945912,34,2,1148476.0,2,Very High
SO-945954,112,11,3622111.0,9,Very High
SO-945981,53,3,503434.4,2,Very High
SO-946155,95,9,1252969.6,8,Very High
SO-946193,89,9,866458.0,7,Very High
SO-946223,29,2,194992.0,2,Very High
SO-946343,12,1,17700.0,1,High
SO-946352,54,6,1523170.0,5,Very High
SO-946360,79,8,1906638.4,5,Very High
SO-946388,125,11,2362844.6,10,Very High
SO-946462,91,7,1695709.6,6,Very High
SO-946482,54,5,4929123.0,4,Very High
SO-946571,51,6,1521784.0,6,Very High
SO-946613,111,11,1634112.4,9,Very High
SO-946669,84,9,5012197.0,9,Very High
SO-946716,11,2,531064.0,2,Very High
SO-946728,4,1,10620.0,1,High
SO-946763,57,4,1119786.0,4,Very High
SO-946792,39,2,688224.0,2,Very High
SO-946822,75,7,865228.8,7,Very High
SO-946828,66,6,872526.4,6,Very High
SO-946862,26,4,507555.2,4,Very High
SO-946921,130,12,2297187.6,11,Very High
SO-947034,39,4,1890688.0,4,Very High
SO-947056,18,1,1064448.0,1,Very High
SO-947166,125,11,2655464.2,11,Very High
SO-947217,140,12,3539156.0,11,Very High
SO-947260,92,8,2383024.0,6,Very High
SO-947268,106,12,1486456.0,10,Very High
SO-947279,26,4,2121600.0,3,Very High
SO-947377,73,9,1117006.0,8,Very High
SO-947388,109,10,3543061.0,8,Very High
SO-947438,36,2,198853.6,2,Very High
SO-947457,112,10,2746719.0,10,Very High
SO-947506,31,4,331280.0,4,Very High
SO-947573,11,2,121344.0,2,Very High
SO-947624,88,7,1723324.4,5,Very High
SO-947647,88,9,3137192.4,8,Very High
SO-947690,21,2,332877.0,2,Very High
SO-947710,123,12,4738477.8,11,Very High
SO-947735,91,8,2086271.0,7,Very High
SO-947933,112,10,1646242.8,9,Very High
SO-947950,117,12,2424999.4,10,Very High
SO-947959,86,8,1798854.8,8,Very High
SO-947970,101,12,2334631.6,12,Very High
SO-947972,83,10,1485658.6,8,Very High
SO-947984,12,1,4389.6,1,Low
SO-948050,147,12,6389676.0,9,Very High
SO-948061,13,2,39343.0,2,High
SO-948111,117,10,1796503.8,9,Very High
SO-948131,93,10,4141621.0,8,Very High
SO-948155,150,12,3191715.4,12,Very High
SO-948163,97,9,1965574.4,8,Very High
SO-948190,126,12,2460843.2,11,Very High
SO-948199,17,1,367744.0,1,Very High
SO-948209,57,9,715370.0,8,Very High
SO-948224,40,3,984179.0,3,Very High
SO-948269,97,8,3135312.4,6,Very High
SO-948293,74,7,1558741.4,5,Very High
SO-948313,105,10,5173670.0,8,Very High
SO-948315,9,1,961920.0,1,Very High
SO-948350,57,6,2646209.6,5,Very High
SO-948375,73,8,1127398.6,8,Very High
SO-948416,77,7,1636939.2,7,Very High
SO-948426,23,3,157084.2,3,Very High
SO-948448,93,8,4174204.0,8,Very High
SO-948538,89,7,393390.8,7,Very High
SO-948549,48,4,254945.4,4,Very High
SO-948580,70,6,3554792.0,4,Very High
SO-948590,91,9,2387127.6,8,Very High
SO-948644,32,3,288512.0,2,Very High
SO-948752,116,8,4644907.0,6,Very High
SO-948813,61,5,1111527.0,5,Very High
SO-948842,101,9,2040109.0,5,Very High
SO-948851,108,11,3862805.6,9,Very High
SO-948856,98,10,3845922.2,10,Very High
SO-948870,34,4,874988.4,4,Very High
SO-948961,59,5,1009043.0,4,Very High
SO-948984,89,6,1803259.0,5,Very High
SO-949025,105,11,2814188.2,11,Very High
SO-949152,69,4,638290.4,4,Very High
SO-949169,73,6,2644288.0,6,Very High
SO-949276,167,12,2137336.6,10,Very High
SO-949370,7,1,75712.0,1,Very High
SO-949379,4,1,48144.0,1,High
SO-949415,75,7,698688.0,6,Very High
SO-949439,44,6,2235532.4,6,Very High
SO-949464,57,5,844093.0,5,Very High
SO-949469,9,1,118656.0,1,Very High
SO-949473,25,2,273183.0,2,Very High
SO-949478,83,10,1447763.0,8,Very High
SO-949630,80,8,2493368.0,8,Very High
SO-949661,114,9,4270018.8,8,Very High
SO-949751,14,1,7929.6,1,Medium
SO-949757,66,9,1163492.8,8,Very High
SO-949760,101,9,4349247.4,9,Very High
SO-949772,56,6,1272968.0,6,Very High
SO-949857,12,2,198759.0,2,Very High
SO-949867,76,7,3304008.4,7,Very High
SO-949903,25,2,748160.0,2,Very High
SO-949973,95,10,1140272.8,9,Very High
SO-950011,38,4,1513472.0,3,Very High
SO-950114,55,6,578557.8,4,Very High
SO-950176,101,10,2106094.0,9,Very High
SO-950177,75,8,1900098.0,6,Very High
SO-950205,97,8,3917849.0,7,Very High
SO-950337,87,8,1905043.4,6,Very High
SO-950393,104,12,3555875.0,10,Very High
SO-950424,108,10,1875552.0,8,Very High
SO-950444,51,6,2294669.6,6,Very High
SO-950484,65,6,1257371.4,6,Very High
SO-950505,89,10,2163611.4,9,Very High
SO-950519,149,11,1942745.2,9,Very High
SO-950550,6,1,168192.0,1,Very High
SO-950560,15,2,20402.2,2,High
SO-950619,32,2,574061.6,2,Very High
SO-950689,25,3,238884.0,3,Very High
SO-950725,60,6,3193734.0,5,Very High
SO-950771,46,3,919151.0,3,Very High
SO-950856,62,6,957147.8,6,Very High
SO-950916,49,5,1740609.0,5,Very High
SO-950928,124,9,1774157.8,8,Very High
SO-950936,9,2,3492.8,2,Low
SO-950971,24,3,317660.0,3,Very High
SO-951126,31,3,487296.0,3,Very High
SO-951127,121,9,3510216.4,9,Very High
SO-951180,27,3,242286.4,3,Very High
SO-951209,98,10,3038205.8,9,Very High
SO-951234,118,12,2823996.6,10,Very High
SO-951249,12,3,97490.2,3,Very High
SO-951258,24,3,168642.0,3,Very High
SO-951359,40,4,1121411.2,4,Very High
SO-951384,44,4,1858781.6,4,Very High
SO-951536,23,2,760960.0,2,Very High
SO-951545,125,11,2394579.0,11,Very High
SO-951561,45,4,2115200.0,3,Very High
SO-951600,2,1,56064.0,1,Very High
SO-951610,48,4,1125676.0,3,Very High
SO-951632,97,7,4941378.6,7,Very High
SO-951678,70,7,1769615.0,7,Very High
SO-951705,18,2,721152.0,2,Very High
SO-951735,29,2,423389.0,2,Very High
SO-951758,19,1,411008.0,1,Very High
SO-951809,95,9,1474111.0,8,Very High
SO-951824,145,11,2213364.6,9,Very High
SO-951864,98,9,697961.4,8,Very High
SO-951873,18,1,24426.0,1,High
SO-951891,52,7,582190.0,6,Very High
SO-951995,21,2,436352.0,2,Very High
SO-952133,63,6,1069995.0,6,Very High
SO-952205,94,10,3352249.6,9,Very High
SO-952222,71,6,2518350.0,6,Very High
SO-952453,111,8,4945756.6,7,Very High
SO-952542,141,12,5082248.8,8,Very High
SO-952615,135,11,2414435.0,8,Very High
SO-952715,50,5,2347352.6,5,Very High
SO-952734,92,9,3274892.0,8,Very High
SO-952777,120,11,3570936.6,7,Very High
SO-952794,12,1,611328.0,1,Very High
SO-952845,146,12,3294018.4,7,Very High
SO-952850,21,2,218288.0,2,Very High
SO-952920,15,1,887040.0,1,Very High
SO-952946,125,12,2994548.6,10,Very High
SO-953016,25,3,532928.0,3,Very High
SO-953022,49,4,626461.0,3,Very High
SO-953101,43,6,1429045.0,6,Very High
SO-953113,15,1,10266.0,1,High
SO-953138,147,12,2761517.6,11,Very High
SO-953142,74,6,755198.0,6,Very High
SO-953161,17,3,263379.4,3,Very High
SO-953170,34,4,977637.0,4,Very High
SO-953223,61,10,2347113.0,8,Very High
SO-953229,58,8,1132218.0,8,Very High
SO-953248,81,9,4404519.8,7,Very High
SO-953273,15,2,592320.0,2,Very High
SO-953352,39,7,1067644.0,7,Very High
SO-953388,30,3,55817.4,3,Very High
SO-953410,18,1,15292.8,1,High
SO-953411,106,10,1979592.7999999998,9,Very High
SO-953440,102,12,2673395.0,9,Very High
SO-953500,65,9,1752310.8,8,Very High
SO-953503,55,7,523928.0,6,Very High
SO-953516,76,9,2336355.6,9,Very High
SO-953536,52,5,498007.0,4,Very High
SO-953572,37,3,1885696.0,3,Very High
SO-953582,98,11,1865504.6,11,Very High
SO-953617,125,12,2879041.4,10,Very High
SO-953658,87,10,1807803.0,8,Very High
SO-953660,34,2,813158.4,2,Very High
SO-953762,25,2,2197780.0,2,Very High
SO-953764,80,9,847515.6,9,Very High
SO-953803,14,1,129682.0,1,Very High
SO-953938,47,7,876337.0,7,Very High
SO-954045,98,10,2275565.6,9,Very High
SO-954053,127,11,2236790.6,9,Very High
SO-954110,74,9,1240769.6,6,Very High
SO-954151,118,10,588751.0,8,Very High
SO-954186,32,5,764519.6,5,Very High
SO-954215,31,3,57041.2,3,Very High
SO-954219,60,6,1724412.0,5,Very High
SO-954231,43,5,711816.6,5,Very High
SO-954235,53,6,218944.0,6,Very High
SO-954243,150,11,1373436.2,9,Very High
SO-954267,35,5,1972357.0,4,Very High
SO-954272,36,5,206925.4,5,Very High
SO-954289,112,10,1493859.0,5,Very High
SO-954349,80,8,2962938.0,8,Very High
SO-954386,35,3,273719.0,3,Very High
SO-954521,84,9,7811161.6,6,Very High
SO-954524,15,2,146296.0,2,Very High
SO-954582,54,3,968784.8,3,Very High
SO-954645,57,6,1819688.4,6,Very High
SO-954650,91,9,1957845.6,7,Very High
SO-954706,100,8,1892480.8,7,Very High
SO-954787,78,11,1609806.5999999999,10,Very High
SO-954871,38,3,2992256.0,3,Very High
SO-954901,114,9,3878125.6,8,Very High
SO-954921,19,2,36167.0,2,High
SO-955021,115,9,604680.2,8,Very High
SO-955054,70,8,659528.6,6,Very High
SO-955112,90,7,3219440.8,7,Very High
SO-955176,102,9,4326651.4,8,Very High
SO-955325,51,4,1091869.0,4,Very High
SO-955347,36,4,1017132.0,4,Very High
SO-955366,95,10,5078827.0,8,Very High
SO-955528,72,7,1326172.8,6,Very High
SO-955595,15,2,320385.0,2,Very High
SO-955624,177,12,5404488.8,9,Very High
SO-955641,58,6,439086.2,6,Very High
SO-955690,56,6,1260977.8,5,Very High
SO-955710,106,8,3769305.0,8,Very High
SO-955801,79,11,437623.2,9,Very High
SO-955941,97,10,1149706.0,8,Very High
SO-955951,89,9,1136649.0,8,Very High
SO-955962,45,4,291601.8,3,Very High
SO-955988,92,9,861810.0,7,Very High
SO-956023,1,1,106880.0,1,Very High
SO-956034,46,6,808706.2,5,Very High
SO-956095,77,7,2068113.0,6,Very High
SO-956127,90,6,654987.4,6,Very High
SO-956175,17,3,224803.2,3,Very High
SO-956198,57,7,3164204.8,7,Very High
SO-956260,68,6,2032876.8,5,Very High
SO-956262,66,8,1388320.4,7,Very High
SO-956277,71,6,849780.0,4,Very High
SO-956314,138,12,5048998.4,9,Very High
SO-956388,42,7,529283.8,6,Very High
SO-956441,23,2,476032.0,2,Very High
SO-956641,51,6,816892.8,6,Very High
SO-956737,107,10,3800911.4,9,Very High
SO-956773,3,1,49728.0,1,High
SO-956809,14,2,281720.0,2,Very High
SO-956861,78,7,1534610.2,6,Very High
SO-956871,128,12,2667331.4,11,Very High
SO-956891,36,6,731945.6,6,Very High
SO-956900,77,8,3747870.4,7,Very High
SO-956911,37,6,930175.2,4,Very High
SO-956955,110,11,1844920.0,11,Very High
SO-957051,10,2,154275.2,2,Very High
SO-957084,10,1,46610.0,1,High
SO-957097,110,10,1124956.0,10,Very High
SO-957098,11,1,18821.0,1,High
SO-957105,89,9,663608.0,8,Very High
SO-957156,63,5,2540710.4,5,Very High
SO-957218,43,5,1126694.8,5,Very High
SO-957295,105,9,1371142.2,6,Very High
SO-957305,47,3,1536312.0,3,Very High
SO-957314,73,7,1636251.2,7,Very High
SO-957331,124,12,996481.6,9,Very High
SO-957353,26,2,229650.4,2,Very High
SO-957517,4,1,203776.0,1,Very High
SO-957547,77,8,4956369.4,8,Very High
SO-957623,115,9,2446118.2,9,Very High
SO-957631,18,1,30798.0,1,High
SO-957714,148,11,1915136.8,10,Very High
SO-957951,76,5,2739183.0,4,Very High
SO-958032,98,7,1002740.8,7,Very High
SO-958119,7,1,4790.8,1,Low
SO-958214,80,8,628122.2,7,Very High
SO-958264,102,8,2042362.2,7,Very High
SO-958288,26,3,60712.8,3,Very High
SO-958330,140,12,4071024.8,9,Very High
SO-958369,75,6,4901305.0,6,Very High
SO-958406,92,9,1171876.0,8,Very High
SO-958452,81,10,3776153.0,9,Very High
SO-958585,68,6,840314.2,5,Very High
SO-958592,70,6,2245505.6,5,Very High
SO-958600,77,7,1695735.2,7,Very High
SO-958604,6,1,18816.0,1,High
SO-958620,34,3,417780.8,3,Very High
SO-958636,13,3,304512.0,3,Very High
SO-958652,88,9,1149452.0,8,Very High
SO-958655,92,9,2489386.0,6,Very High
SO-958660,3,1,32448.0,1,High
SO-958694,28,2,1191424.0,2,Very High
SO-958704,32,7,164506.0,6,Very High
SO-958745,54,3,3110400.0,3,Very High
SO-958756,134,11,3325743.2,10,Very High
SO-958826,82,9,1741567.8,8,Very High
SO-958828,44,4,1108157.6,4,Very High
SO-958867,18,3,425613.0,3,Very High
SO-958900,62,6,2031852.8,4,Very High
SO-958915,79,7,1525000.0,7,Very High
SO-958937,71,7,978057.0,7,Very High
SO-958944,86,7,3730927.0,4,Very High
SO-958957,104,9,1338528.2,8,Very High
SO-959007,9,1,97344.0,1,Very High
SO-959129,105,10,1015621.2000000001,8,Very High
SO-959150,83,7,1818757.0,5,Very High
SO-959247,18,2,1286241.6,2,Very High
SO-959296,57,6,1535905.8,5,Very High
SO-959319,1,1,365.8,1,Very Low
SO-959336,29,4,700720.0,4,Very High
SO-959441,82,9,1354770.0,9,Very High
SO-959490,39,5,291803.6,4,Very High
SO-959503,137,12,3123415.2,10,Very High
SO-959561,33,2,1653120.0,2,Very High
SO-959703,126,12,3292030.8,11,Very High
SO-959715,127,10,5549979.8,7,Very High
SO-959770,23,2,850944.0,2,Very High
SO-959784,105,9,3271222.0,8,Very High
SO-959837,100,9,2064375.8,8,Very High
SO-959846,97,9,6038474.4,8,Very High
SO-959889,37,5,383223.0,5,Very High
SO-959892,16,1,946176.0,1,Very High
SO-959945,41,8,819226.8,7,Very High
SO-959949,45,4,983069.0,4,Very High
SO-960047,123,10,2964768.0,8,Very High
SO-960151,15,2,72865.0,2,Very High
SO-960182,100,9,1707824.6,8,Very High
SO-960183,71,7,4074890.4,7,Very High
SO-960337,55,5,997120.0,5,Very High
SO-960340,46,6,1369912.0,6,Very High
SO-960348,69,7,470901.0,6,Very High
SO-960522,138,12,5425493.6,10,Very High
SO-960653,35,4,26325.8,4,High
SO-960669,117,12,4609880.8,10,Very High
SO-960811,148,10,2417229.4,10,Very High
SO-960828,91,10,2203026.0,9,Very High
SO-960881,122,10,4550875.6,9,Very High
SO-960928,5,1,534400.0,1,Very High
SO-960953,82,8,1245561.2,6,Very High
SO-961030,14,1,7929.6,1,Medium
SO-961048,64,4,978751.2,4,Very High
SO-961075,105,8,3152751.0,7,Very High
SO-961084,42,6,1329783.0,6,Very High
SO-961215,11,1,4023.8,1,Low
SO-961278,36,2,692800.0,2,Very High
SO-961298,118,10,1632072.6,9,Very High
SO-961387,13,1,580736.0,1,Very High
SO-961398,96,9,1082676.4,7,Very High
SO-961417,94,10,2129644.0,10,Very High
SO-961482,127,11,2530776.0,9,Very High
SO-961546,85,7,551020.0,7,Very High
SO-961550,59,5,1353536.6,5,Very High
SO-961627,92,9,3572332.8,8,Very High
SO-961683,111,12,4958494.0,10,Very High
SO-961738,117,12,1160015.8,9,Very High
SO-961746,51,9,2281536.0,7,Very High
SO-961805,28,3,1221576.0,3,Very High
SO-961824,43,3,670584.0,3,Very High
SO-961917,122,12,2887365.2,10,Very High
SO-961958,51,5,714957.6,5,Very High
SO-961975,27,5,322089.0,4,Very High
SO-961990,131,10,5131677.8,10,Very High
SO-961995,38,4,997253.0,4,Very High
SO-962063,35,5,986500.0,5,Very High
SO-962106,10,1,92630.0,1,Very High
SO-962144,137,12,1541879.0,10,Very High
SO-962153,71,6,637167.0,6,Very High
SO-962205,78,9,1374427.0,7,Very High
SO-962215,26,2,22089.6,1,High
SO-962221,169,12,4917012.8,9,Very High
SO-962229,70,6,3831933.0,5,Very High
SO-962259,31,3,1270736.0,3,Very High
SO-962282,47,3,1174277.0,3,Very High
SO-962294,62,5,1474982.6,5,Very High
SO-962297,132,10,3077237.2,10,Very High
SO-962306,61,5,326388.2,5,Very High
SO-962338,12,1,228864.0,1,Very High
SO-962346,8,2,136848.0,2,Very High
SO-962412,132,11,3082157.0,9,Very High
SO-962427,38,2,733110.0,2,Very High
SO-962428,57,6,1413518.4,4,Very High
SO-962432,14,1,129682.0,1,Very High
SO-962457,50,4,511111.0,4,Very High
SO-962474,20,3,534157.0,3,Very High
SO-962561,40,5,1519527.2,5,Very High
SO-962638,91,6,3854316.0,6,Very High
SO-962693,55,5,634441.2,4,Very High
SO-962791,10,2,1386880.0,2,Very High
SO-962822,69,4,2056637.2,4,Very High
SO-962873,84,8,2714417.0,7,Very High
SO-962927,54,3,1258830.0,3,Very High
SO-962973,65,5,1078003.2,5,Very High
SO-962988,39,4,689817.6,3,Very High
SO-963007,47,5,1026077.6,5,Very High
SO-963047,60,6,2571715.0,5,Very High
SO-963055,59,5,382351.0,5,Very High
SO-963150,8,2,480265.0,2,Very High
SO-963272,22,3,259006.0,3,Very High
SO-963304,21,2,170399.0,2,Very High
SO-963330,148,12,4701887.0,10,Very High
SO-963433,81,7,294149.6,6,Very High
SO-963457,127,12,1440946.2,11,Very High
SO-963500,9,1,5522.4,1,Medium
SO-963536,81,10,232479.8,9,Very High
SO-963617,50,5,257295.2,5,Very High
SO-963637,58,7,2577267.6,6,Very High
SO-963688,51,6,1860892.0,6,Very High
SO-963701,31,4,784987.0,4,Very High
SO-963786,124,12,5465915.2,11,Very High
SO-963796,26,3,292310.4,2,Very High
SO-963835,54,6,2902130.0,5,Very High
SO-963886,26,2,206416.0,2,Very High
SO-963944,27,3,262998.0,2,Very High
SO-964225,92,7,1486726.0,7,Very High
SO-964276,95,7,1264372.0,4,Very High
SO-964277,84,6,2109380.0,6,Very High
SO-964419,132,10,2983092.4,9,Very High
SO-964452,54,3,562344.0,2,Very High
SO-964453,114,10,1942139.0,8,Very High
SO-964455,19,1,205504.0,1,Very High
SO-964477,29,4,76586.0,4,Very High
SO-964497,9,1,252288.0,1,Very High
SO-964546,37,4,691442.0,4,Very High
SO-964556,125,10,2762098.0,8,Very High
SO-964576,6,1,168192.0,1,Very High
SO-964592,104,10,1602048.6,8,Very High
SO-964608,30,2,62058.0,2,Very High
SO-964680,70,7,857545.0,6,Very High
SO-964693,156,12,4626013.2,11,Very High
SO-964736,78,8,1203077.8,6,Very High
SO-964767,96,8,741474.2,8,Very High
SO-964776,7,1,413952.0,1,Very High
SO-964872,86,9,628748.2,9,Very High
SO-964944,66,8,633939.4,7,Very High
SO-964969,8,1,21240.0,1,High
SO-964976,92,7,2769313.0,6,Very High
SO-965006,120,10,5105725.6,9,Very High
SO-965021,139,11,2229082.0,9,Very High
SO-965039,84,10,2081006.0,9,Very High
SO-965043,92,7,1083109.4,7,Very High
SO-965122,22,2,70729.2,2,Very High
SO-965126,115,10,1440495.6,9,Very High
SO-965132,6,1,2194.8,1,Low
SO-965149,43,5,3024352.0,4,Very High
SO-965169,42,4,519057.0,4,Very High
SO-965171,123,11,1448825.4,10,Very High
SO-965228,111,7,2005672.4000000001,4,Very High
SO-965269,72,7,1622769.0,7,Very High
SO-965281,31,5,1462966.4,5,Very High
SO-965495,32,3,1332864.0,3,Very High
SO-965552,19,3,88450.0,3,Very High
SO-965606,68,6,3695947.4,6,Very High
SO-965637,2,1,43264.0,1,High
SO-965645,39,4,1115904.0,3,Very High
SO-965657,93,10,1535253.6,9,Very High
SO-965658,61,4,1175920.0,4,Very High
SO-965683,29,4,855996.0,3,Very High
SO-965775,77,6,617509.4,6,Very High
SO-965801,51,6,310108.0,6,Very High
SO-965802,56,5,1265053.0,4,Very High
SO-965810,106,12,1272849.2,10,Very High
SO-965819,153,12,6845687.6,10,Very High
SO-965843,54,6,851822.0,5,Very High
SO-965846,64,5,1423104.2,5,Very High
SO-965849,46,4,1359788.0,4,Very High
SO-965889,45,5,908859.2,4,Very High
SO-965908,58,6,1733656.0,6,Very High
SO-966013,130,12,1520370.6,11,Very High
SO-966132,105,9,3035186.0,9,Very High
SO-966140,105,9,2819338.4,8,Very High
SO-966155,85,8,978552.0,6,Very High
SO-966187,27,2,1379712.0,2,Very High
SO-966198,16,2,250351.0,2,Very High
SO-966237,92,12,1978604.7999999998,10,Very High
SO-966246,85,8,1315691.4,7,Very High
SO-966393,17,1,157471.0,1,Very High
SO-966426,63,8,1069787.2,7,Very High
SO-966462,132,12,3690746.8,9,Very High
SO-966468,60,7,1850467.2,5,Very High
SO-966549,59,5,958089.2,5,Very High
SO-966644,27,4,594212.0,4,Very High
SO-966662,26,2,1509859.0,2,Very High
SO-966780,61,7,1178950.2,7,Very High
SO-966787,25,3,135468.4,3,Very High
SO-966812,103,8,2424031.0,7,Very High
SO-966837,68,6,833215.0,5,Very High
SO-966957,77,6,1336313.4,6,Very High
SO-966976,34,4,700212.0,4,Very High
SO-967081,106,8,5707896.0,8,Very High
SO-967198,90,8,830332.0,7,Very High
SO-967273,31,6,548510.0,6,Very High
SO-967290,18,3,1607625.0,2,Very High
SO-967303,35,5,760019.4,4,Very High
SO-967351,91,9,2568852.8000000003,9,Very High
SO-967377,23,2,350076.8,2,Very High
SO-967446,101,9,1894269.5999999999,7,Very High
SO-967497,78,9,2016781.6,7,Very High
SO-967542,10,1,144640.0,1,Very High
SO-967622,46,7,2587979.2,6,Very High
SO-967744,57,6,1333900.0,5,Very High
SO-967791,137,9,1383534.0,8,Very High
SO-967910,17,1,10431.2,1,High
SO-967944,87,8,1652124.6,8,Very High
SO-968017,145,12,1002769.2000000001,8,Very High
SO-968027,71,11,877050.4,9,Very High
SO-968055,86,8,4941931.2,6,Very High
SO-968164,100,11,1853045.2,11,Very High
SO-968172,49,6,115544.4,5,Very High
SO-968226,39,3,279831.4,3,Very High
SO-968269,136,12,2141817.0,11,Very High
SO-968295,88,7,3304947.2,7,Very High
SO-968315,115,8,1098547.8,8,Very High
SO-968393,44,3,2786293.2,3,Very High
SO-968510,40,5,723764.4,5,Very High
SO-968645,32,4,408804.0,4,Very High
SO-968831,147,12,3500793.4,11,Very High
SO-968887,111,10,918403.6,6,Very High
SO-968979,131,11,5275180.0,8,Very High
SO-969173,122,11,3443289.4,9,Very High
SO-969176,18,2,830358.4,2,Very High
SO-969191,110,12,1943490.0,9,Very High
SO-969229,104,8,4018402.2,7,Very High
SO-969257,91,7,1228723.2,7,Very High
SO-969292,15,1,25665.0,1,High
SO-969337,11,1,1175680.0,1,Very High
SO-969342,72,11,1445329.6,9,Very High
SO-969346,5,1,65920.0,1,Very High
SO-969382,82,10,1056674.0,8,Very High
SO-969424,68,8,4844998.4,6,Very High
SO-969551,60,10,1269470.2,9,Very High
SO-969633,129,12,1496726.8,9,Very High
SO-969647,45,3,921536.0,3,Very High
SO-969685,87,10,1958106.8,9,Very High
SO-969846,21,2,493761.0,2,Very High
SO-969895,115,10,2958374.6,10,Very High
SO-969940,73,6,6565429.0,5,Very High
SO-970119,60,9,1889070.4,7,Very High
SO-970121,46,3,249398.2,3,Very High
SO-970127,72,5,1703863.0,5,Very High
SO-970194,117,11,2752594.0,10,Very High
SO-970229,33,3,775771.2,3,Very High
SO-970278,79,8,2511040.6,7,Very High
SO-970302,37,5,1447589.0,4,Very High
SO-970329,27,3,82635.4,3,Very High
SO-970363,157,11,4792275.2,9,Very High
SO-970394,78,9,920612.0,7,Very High
SO-970404,46,3,76646.8,3,Very High
SO-970426,137,12,6099062.2,10,Very High
SO-970440,28,3,680067.0,3,Very High
SO-970451,159,12,2764413.0,10,Very High
SO-970468,94,10,3044055.0,10,Very High
SO-970488,7,1,10325.0,1,High
SO-970515,15,1,25665.0,1,High
SO-970556,46,4,1237159.0,4,Very High
SO-970632,93,7,3248945.0,7,Very High
SO-970661,46,4,582356.0,2,Very High
SO-970663,113,11,1439440.6,9,Very High
SO-970686,40,4,587601.4,4,Very High
SO-970740,83,7,897882.0,7,Very High
SO-970765,90,8,1978325.8,7,Very High
SO-970821,80,9,904971.4,8,Very High
SO-970917,4,1,52736.0,1,Very High
SO-970924,106,9,1780608.8,7,Very High
SO-971161,99,10,4668705.6,7,Very High
SO-971267,54,5,562121.0,4,Very High
SO-971282,19,1,32509.0,1,High
SO-971311,91,6,1125470.2,6,Very High
SO-971327,27,2,597578.6,2,Very High
SO-971378,7,1,133504.0,1,Very High
SO-971383,19,3,152828.0,3,Very High
SO-971480,87,10,701719.8,8,Very High
SO-971487,32,4,151103.0,4,Very High
SO-971516,101,9,3211315.6,7,Very High
SO-971531,122,11,4008409.2,8,Very High
SO-971585,127,12,758940.8,8,Very High
SO-971624,166,12,1754581.8,11,Very High
SO-971625,85,8,1733334.8,8,Very High
SO-971626,30,4,285124.0,3,Very High
SO-971650,65,5,1737756.0,5,Very High
SO-971711,35,3,303912.6,3,Very High
SO-971727,91,10,2346086.2,10,Very High
SO-971771,23,2,681280.0,2,Very High
SO-971936,34,2,471296.0,2,Very High
SO-971957,108,11,1214114.4,8,Very High
SO-971986,98,12,631997.7999999999,10,Very High
SO-972117,109,9,2282140.2,8,Very High
SO-972153,82,6,1369705.0,6,Very High
SO-972241,9,2,23949.0,2,High
SO-972403,68,6,1090344.2,6,Very High
SO-972461,9,2,134083.0,2,Very High
SO-972713,88,10,1525744.4,10,Very High
SO-972719,20,1,93220.0,1,Very High
SO-972721,49,4,1829646.4,4,Very High
SO-972782,93,7,2266723.0,7,Very High
SO-972827,20,1,381440.0,1,Very High
SO-972838,41,5,650001.8,4,Very High
SO-972840,119,9,1994155.0,8,Very High
SO-972919,7,1,9499.0,1,Medium
SO-972958,76,8,972768.2,7,Very High
SO-973125,35,5,835712.0,4,Very High
SO-973141,94,9,1496247.6,8,Very High
SO-973167,76,11,5262411.800000001,7,Very High
SO-973234,26,3,104082.2,3,Very High
SO-973246,92,11,1116166.6,10,Very High
SO-973288,82,6,3874103.0,5,Very High
SO-973339,94,9,743710.6,7,Very High
SO-973357,82,8,2206018.0,8,Very High
SO-973379,9,1,15399.0,1,High
SO-973409,130,12,2766225.0,10,Very High
SO-973439,19,1,88559.0,1,Very High
SO-973597,9,1,41949.0,1,High
SO-973646,29,4,680960.0,4,Very High
SO-973647,41,4,1034371.0,4,Very High
SO-973655,89,8,2231823.2,7,Very High
SO-973710,18,3,154806.0,3,Very High
SO-973775,11,1,18821.0,1,High
SO-973961,95,8,3061820.0,7,Very High
SO-974177,112,12,2040051.6,12,Very High
SO-974214,52,5,889923.2,5,Very High
SO-974274,134,11,2112370.4,8,Very High
SO-974276,9,1,97344.0,1,Very High
SO-974323,62,7,537331.6,7,Very High
SO-974327,35,4,84901.0,3,Very High
SO-974447,9,2,584320.0,2,Very High
SO-974464,95,11,937685.0,10,Very High
SO-974482,53,6,393843.0,4,Very High
SO-974493,170,12,2122040.8,9,Very High
SO-974498,63,6,488023.0,6,Very High
SO-974529,24,3,161078.0,3,Very High
SO-974536,119,9,1804573.2,9,Very High
SO-974548,81,8,1662939.8,7,Very High
SO-974557,34,3,928976.0,3,Very High
SO-974568,65,5,1325348.0,3,Very High
SO-974695,20,4,1785605.2,4,Very High
SO-974706,45,5,875568.0,5,Very High
SO-974724,102,9,3393812.8,9,Very High
SO-974912,7,2,102619.0,2,Very High
SO-974954,101,10,1129886.0,7,Very High
SO-975092,94,9,1578395.2,8,Very High
SO-975129,63,7,583807.2,6,Very High
SO-975140,70,5,1144054.0,5,Very High
SO-975223,123,12,1558898.6,11,Very High
SO-975276,26,2,179126.0,2,Very High
SO-975277,117,12,1803093.4,12,Very High
SO-975315,106,12,1040620.2000000001,11,Very High
SO-975334,102,11,2178215.8,10,Very High
SO-975337,51,10,972874.2,8,Very High
SO-975400,98,8,2108456.2,8,Very High
SO-975444,86,8,1634013.0,7,Very High
SO-975448,165,12,2924831.2,10,Very High
SO-975449,136,12,2651344.6,11,Very High
SO-975471,56,8,481699.6,7,Very High
SO-975602,23,3,450944.0,2,Very High
SO-975661,77,6,1538860.4,6,Very High
SO-975680,76,6,1289848.0,6,Very High
SO-975747,20,2,18219.2,2,High
SO-975754,49,4,1294718.4,4,Very High
SO-975795,149,12,2107384.2,10,Very High
SO-975829,102,11,1901640.4,10,Very High
SO-975843,94,10,1395181.6,8,Very High
SO-975868,84,5,3316051.6,5,Very High
SO-975935,61,6,761893.6,5,Very High
SO-975963,17,1,6218.6,1,Medium
SO-975994,105,11,1991764.0,10,Very High
SO-976014,124,11,2183218.8,9,Very High
SO-976024,121,12,3470546.0,8,Very High
SO-976098,26,2,171585.6,2,Very High
SO-976125,107,12,4552623.8,9,Very High
SO-976200,111,10,4627063.6,7,Very High
SO-976212,75,8,1380615.6,8,Very High
SO-976237,14,3,273664.0,3,Very High
SO-976311,78,10,800893.6,9,Very High
SO-976378,12,1,336384.0,1,Very High
SO-976398,65,7,1072512.6,6,Very High
SO-976603,26,2,372736.0,1,Very High
SO-976630,70,7,4017319.2,6,Very High
SO-976674,30,5,603366.0,5,Very High
SO-976681,114,10,1268569.8,9,Very High
SO-976713,95,8,2178214.2,8,Very High
SO-976739,41,3,720781.0,3,Very High
SO-976767,92,8,1543480.0,8,Very High
SO-976771,48,5,1172024.2,5,Very High
SO-976773,76,5,1038238.0,4,Very High
SO-976804,103,9,3024409.6,7,Very High
SO-976821,17,1,224128.0,1,Very High
SO-976905,12,2,470784.0,2,Very High
SO-976920,116,10,3233385.0,9,Very High
SO-976950,45,6,293146.0,5,Very High
SO-976958,127,12,2769962.6,11,Very High
SO-976999,112,11,2747602.4,11,Very High
SO-977006,77,7,1169342.4,6,Very High
SO-977024,57,4,926104.0,4,Very High
SO-977026,26,4,2084332.8,3,Very High
SO-977045,42,6,1343013.0,5,Very High
SO-977049,60,4,1105076.0,4,Very High
SO-977075,111,11,4314777.6,9,Very High
SO-977084,100,10,2866460.4,9,Very High
SO-977212,9,1,41949.0,1,High
SO-977253,91,11,4488895.8,10,Very High
SO-977265,75,7,1197015.0,6,Very High
SO-977297,36,4,739073.0,4,Very High
SO-977318,32,4,662910.4,4,Very High
SO-977320,56,8,2781467.0,7,Very High
SO-977332,95,6,3936641.6,5,Very High
SO-977352,65,6,1371712.0,5,Very High
SO-977491,105,12,1965471.2,11,Very High
SO-977544,50,5,964266.0,5,Very High
SO-977581,98,9,4476972.8,9,Very High
SO-977707,39,3,648777.0,3,Very High
SO-977731,102,11,2612370.4,10,Very High
SO-977780,10,1,120360.0,1,Very High
SO-977846,57,6,571064.0,5,Very High
SO-977849,62,8,395046.2,7,Very High
SO-977882,76,10,4041843.6,9,Very High
SO-977904,163,12,2512462.8,11,Very High
SO-977964,42,7,1521714.2,5,Very High
SO-977999,18,1,26550.0,1,High
SO-978005,91,11,3872252.5999999996,10,Very High
SO-978013,99,9,1711485.0,8,Very High
SO-978074,61,6,1692805.6,6,Very High
SO-978103,42,4,223640.4,4,Very High
SO-978256,107,11,2869558.4,10,Very High
SO-978301,113,10,3005291.2,8,Very High
SO-978306,82,8,1597093.2,7,Very High
SO-978408,32,3,853532.0,3,Very High
SO-978428,116,9,1460857.6,8,Very High
SO-978442,44,3,490766.4,3,Very High
SO-978477,92,12,2368423.6,11,Very High
SO-978547,34,2,225801.6,2,Very High
SO-978566,105,11,1000810.0,9,Very High
SO-978643,110,11,5273572.8,9,Very High
SO-978685,141,11,5840410.0,10,Very High
SO-978733,13,2,20520.2,2,High
SO-978768,19,2,137020.0,2,Very High
SO-978780,83,6,1247146.4,5,Very High
SO-978799,36,3,1167626.4,3,Very High
SO-978829,29,3,1489920.0,2,Very High
SO-978905,92,7,644117.2,4,Very High
SO-978960,134,12,3224426.0,9,Very High
SO-979164,17,1,476544.0,1,Very High
SO-979282,36,3,86246.2,3,Very High
SO-979366,77,9,1586594.2,8,Very High
SO-979386,56,7,921888.0,6,Very High
SO-979424,35,4,953050.8,3,Very High
SO-979487,78,6,2254228.8,6,Very High
SO-979569,96,7,4913327.0,7,Very High
SO-979650,13,2,169096.0,2,Very High
SO-979662,111,10,1892503.2,6,Very High
SO-979665,53,4,2936136.4,4,Very High
SO-979760,72,8,1156184.0,7,Very High
SO-979766,41,5,459931.0,4,Very High
SO-979849,22,2,1183947.2,2,Very High
SO-979858,1,1,28032.0,1,High
SO-979889,121,12,1521859.4,10,Very High
SO-979915,56,7,3135724.6,7,Very High
SO-979982,49,4,1582592.0,4,Very High
SO-979990,108,10,2400880.4,10,Very High
SO-979998,86,7,1197603.2,7,Very High
SO-980063,41,3,2188038.4,3,Very High
SO-980104,117,9,1609608.0,7,Very High
SO-980150,35,4,19576.2,3,High
SO-980377,48,7,1487991.0,7,Very High
SO-980389,17,1,866048.0,1,Very High
SO-980409,62,5,1685802.0,5,Very High
SO-980486,37,3,452583.2,3,Very High
SO-980525,27,3,1842054.0,3,Very High
SO-980559,89,7,3026493.4,7,Very High
SO-980600,20,1,706560.0,1,Very High
SO-980614,71,5,1051065.0,5,Very High
SO-980647,31,4,113075.2,4,Very High
SO-980719,115,10,565245.2,9,Very High
SO-980720,75,7,3063981.0,7,Very High
SO-980722,24,4,172769.4,3,Very High
SO-980733,16,1,27376.0,1,High
SO-980758,67,6,699736.2,5,Very High
SO-980762,88,11,2486486.0,10,Very High
SO-980852,38,2,713144.4,2,Very High
SO-980915,121,9,2608978.8,9,Very High
SO-980932,10,1,591360.0,1,Very High
SO-980966,121,9,2431675.4,7,Very High
SO-981012,131,10,3179938.8,8,Very High
SO-981063,5,1,46315.0,1,High
SO-981066,97,12,2234822.2,9,Very High
SO-981164,89,8,569612.2,6,Very High
SO-981196,57,8,515286.2,7,Very High
SO-981239,15,4,392099.2,4,Very High
SO-981243,101,8,489833.39999999997,6,Very High
SO-981289,21,4,436853.0,4,Very High
SO-981403,137,10,2700085.8,9,Very High
SO-981564,44,4,1098176.0,4,Very High
SO-981603,149,12,5358336.0,7,Very High
SO-981646,58,6,737763.4,6,Very High
SO-981704,147,12,3815194.0,10,Very High
SO-981707,110,11,2704119.6,8,Very High
SO-981782,109,9,2172301.0,9,Very High
SO-981791,44,5,908410.6,5,Very High
SO-981845,55,5,847635.6,4,Very High
SO-981926,100,12,2130619.6,11,Very High
SO-981944,96,10,3075941.0,8,Very High
SO-982031,53,5,543978.6,5,Very High
SO-982040,29,3,1997952.0,3,Very High
SO-982100,136,12,1203955.0,7,Very High
SO-982130,115,12,2415560.2,10,Very High
SO-982131,110,9,2002754.2,9,Very High
SO-982169,113,12,3083001.0,12,Very High
SO-982172,32,2,2479600.0,2,Very High
SO-982239,98,11,1099975.4,11,Very High
SO-982317,46,4,924416.0,4,Very High
SO-982413,71,8,2206847.0,6,Very High
SO-982490,102,10,1277985.2,10,Very High
SO-982505,27,3,971118.0,3,Very High
SO-982556,100,10,1662572.0,10,Very High
SO-982589,125,11,2634585.8,9,Very High
SO-982642,83,9,2713355.8,9,Very High
SO-982672,50,4,1231764.4,4,Very High
SO-982715,78,12,2019149.8,10,Very High
SO-982834,139,11,3832046.0,9,Very High
SO-982876,21,2,39423.8,2,High
SO-982925,87,6,2061973.4,6,Very High
SO-982964,4,1,10620.0,1,High
SO-982967,33,4,972274.0,4,Very High
SO-982994,32,2,1044511.0,2,Very High
SO-983053,98,7,4091150.4,7,Very High
SO-983102,104,11,3875481.2,9,Very High
SO-983111,20,3,562264.8,3,Very High
SO-983170,106,9,1597417.0,7,Very High
SO-983237,101,8,1939337.6,6,Very High
SO-983279,35,3,815872.0,2,Very High
SO-983304,78,8,2629069.0,7,Very High
SO-983358,47,5,514861.0,5,Very High
SO-983439,83,7,2224560.8,5,Very High
SO-983498,108,12,1499566.4,9,Very High
SO-983541,13,2,511360.0,2,Very High
SO-983570,85,7,2649435.4,7,Very High
SO-983571,51,3,441320.0,3,Very High
SO-983574,109,12,3549538.0,9,Very High
SO-983596,132,10,2833702.0,10,Very High
SO-983651,33,5,530638.4,4,Very High
SO-983675,2,1,1368.8,1,Low
SO-983706,82,8,1125607.4,7,Very High
SO-983791,78,6,771164.0,5,Very High
SO-983849,95,8,748891.4,7,Very High
SO-983866,98,12,2698816.6,10,Very High
SO-983922,15,1,529920.0,1,Very High
SO-984110,75,11,936908.0,8,Very High
SO-984142,42,7,777376.0,6,Very High
SO-984157,70,6,1400216.4,5,Very High
SO-984213,47,5,1100528.0,4,Very High
SO-984311,85,7,3810293.0,7,Very High
SO-984317,32,4,2396718.0,4,Very High
SO-984349,80,10,848643.0,9,Very High
SO-984375,82,8,2292660.8,8,Very High
SO-984441,121,10,1308915.6,9,Very High
SO-984598,102,9,1691637.4,9,Very High
SO-984679,35,3,1003446.0,3,Very High
SO-984731,107,11,4980379.0,10,Very High
SO-984915,95,10,4152861.0,9,Very High
SO-984943,128,11,3399268.4,11,Very High
SO-984966,47,6,1804209.4,4,Very High
SO-984986,45,4,128355.4,4,Very High
SO-984996,65,5,383070.4,5,Very High
SO-985000,79,6,1220075.6,6,Very High
SO-985006,78,9,1969809.8,7,Very High
SO-985036,106,10,3512622.4,7,Very High
SO-985300,56,5,1423225.6,4,Very High
SO-985368,82,8,952952.6,7,Very High
SO-985440,68,7,641926.8,7,Very High
SO-985553,124,12,1086668.2,9,Very High
SO-985592,134,9,1753878.0,9,Very High
SO-985620,145,12,4713035.2,10,Very High
SO-985739,56,6,124543.0,4,Very High
SO-985747,37,8,267100.4,6,Very High
SO-985778,58,9,2152768.0,8,Very High
SO-985806,60,8,826145.4,7,Very High
SO-986049,7,1,21952.0,1,High
SO-986077,72,7,2408204.0,7,Very High
SO-986103,92,8,392205.4,7,Very High
SO-986120,30,3,224273.2,3,Very High
SO-986148,81,10,2503859.8,8,Very High
SO-986154,89,7,5069053.0,7,Very High
SO-986197,57,4,856655.0,4,Very High
SO-986220,96,8,1062043.6,6,Very High
SO-986236,127,10,2255121.4,8,Very High
SO-986246,23,3,487296.0,3,Very High
SO-986354,78,6,2171828.0,5,Very High
SO-986363,62,7,2047199.0,6,Very High
SO-986367,75,7,2383855.6,5,Very High
SO-986408,90,7,1580929.0,6,Very High
SO-986460,81,9,1298324.8,8,Very High
SO-986463,5,1,534400.0,1,Very High
SO-986508,27,5,134697.0,4,Very High
SO-986515,12,1,144432.0,1,Very High
SO-986561,23,2,295232.0,2,Very High
SO-986565,102,7,1782439.4,7,Very High
SO-986682,86,9,998959.8,9,Very High
SO-986721,57,5,648005.4,5,Very High
SO-986806,87,8,2330559.0,7,Very High
SO-987030,119,9,7234230.0,7,Very High
SO-987113,39,7,341248.6,5,Very High
SO-987138,46,5,2891651.2,5,Very High
SO-987140,41,4,331433.6,3,Very High
SO-987155,119,12,2116799.4,9,Very High
SO-987285,60,8,646363.0,7,Very High
SO-987331,59,6,263446.8,6,Very High
SO-987444,20,2,242471.0,2,Very High
SO-987493,88,10,2443845.4,10,Very High
SO-987498,87,7,1836104.8,7,Very High
SO-987602,4,1,5428.0,1,Medium
SO-987641,103,10,1232810.4,8,Very High
SO-987696,8,2,10407.6,2,High
SO-987817,45,4,181050.0,3,Very High
SO-987842,62,5,2669797.6,5,Very High
SO-987877,109,10,1620869.2,9,Very High
SO-987975,31,2,55663.0,2,Very High
SO-988040,81,10,331408.0,6,Very High
SO-988062,130,11,2391360.0,10,Very High
SO-988074,40,5,406416.0,5,Very High
SO-988080,89,11,6031164.6,9,Very High
SO-988251,65,7,311650.2,7,Very High
SO-988304,144,12,1827761.4,10,Very High
SO-988319,107,11,1078746.8,11,Very High
SO-988348,108,9,4493232.8,9,Very High
SO-988410,131,10,5955384.6,8,Very High
SO-988481,50,4,3279222.0,4,Very High
SO-988507,22,2,95007.0,2,Very High
SO-988611,56,5,3634223.0,4,Very High
SO-988624,30,2,264896.0,2,Very High
SO-988688,109,9,1860044.6,8,Very High
SO-988702,74,8,542051.8,6,Very High
SO-988708,23,2,276828.0,1,Very High
SO-988743,24,3,412837.0,2,Very High
SO-988840,34,3,1351552.0,2,Very High
SO-988876,20,3,332606.0,3,Very High
SO-988906,80,7,727131.2,7,Very High
SO-988955,8,2,45529.6,2,High
SO-989004,2,1,43264.0,1,High
SO-989014,30,2,304291.0,2,Very High
SO-989040,26,3,633600.0,3,Very High
SO-989094,116,11,2830013.6,9,Very High
SO-989103,100,12,1759991.8,10,Very High
SO-989177,54,6,2250168.8,6,Very High
SO-989233,11,1,237952.0,1,Very High
SO-989311,8,1,407552.0,1,Very High
SO-989314,120,10,5039790.6,10,Very High
SO-989322,142,12,3886207.4,11,Very High
SO-989367,88,10,2396794.8,8,Very High
SO-989407,35,4,2415127.8,4,Very High
SO-989511,88,7,297828.0,7,Very High
SO-989529,25,4,604949.0,4,Very High
SO-989581,69,6,3372000.0,6,Very High
SO-989631,39,3,702045.6,3,Very High
SO-989682,55,3,1301404.0,2,Very High
SO-989687,73,5,1447819.0,5,Very High
SO-989708,81,9,1340599.8,7,Very High
SO-989725,33,3,52156.0,3,Very High
SO-989830,112,11,3193576.1999999997,8,Very High
SO-989845,53,5,796239.0,5,Very High
SO-989915,81,6,2034787.2,5,Very High
SO-989941,82,6,4087877.0,5,Very High
SO-989987,46,7,551032.4,7,Very High
SO-990034,69,7,3766932.0,6,Very High
SO-990111,29,3,188485.0,3,Very High
SO-990172,95,8,3088946.0,7,Very High
SO-990429,88,9,2217125.2,6,Very High
SO-990451,104,10,6157542.0,9,Very High
SO-990474,89,9,585375.2,7,Very High
SO-990591,92,11,1720159.6,8,Very High
SO-990620,122,11,2752552.4,8,Very High
SO-990632,111,8,4431732.0,7,Very High
SO-990642,16,3,1497500.0,3,Very High
SO-990745,100,12,4029581.6,10,Very High
SO-990752,16,2,26753.2,2,High
SO-990756,3,1,1097.4,1,Low
SO-990883,72,7,1240088.0,7,Very High
SO-990904,11,3,111702.4,3,Very High
SO-990936,125,10,3200990.2,8,Very High
SO-990990,8,2,173850.0,2,Very High
SO-991136,52,3,154108.0,3,Very High
SO-991160,94,7,1024227.0,6,Very High
SO-991187,121,11,2883395.4,11,Very High
SO-991210,27,2,39825.0,2,High
SO-991304,32,2,557056.0,2,Very High
SO-991322,78,7,1978652.0,5,Very High
SO-991346,19,1,25783.0,1,High
SO-991359,101,8,631553.6,8,Very High
SO-991391,83,7,4035470.0,7,Very High
SO-991394,59,6,2256045.6,6,Very High
SO-991412,107,8,2220127.0,7,Very High
SO-991495,64,5,816603.0,4,Very High
SO-991527,125,10,2017305.0,10,Very High
SO-991561,119,11,1427769.2,8,Very High
SO-991583,11,1,9345.6,1,Medium
SO-991597,90,9,1050165.0,7,Very High
SO-991613,33,2,2159843.0,2,Very High
SO-991662,12,2,1525914.0,2,Very High
SO-991671,73,6,519161.6,6,Very High
SO-991698,88,8,2190429.6,8,Very High
SO-991714,71,8,900352.4,7,Very High
SO-991730,90,11,1097468.6,10,Very High
SO-991758,142,11,6351855.6,8,Very High
SO-991827,15,1,764160.0,1,Very High
SO-991894,48,4,93676.4,4,Very High
SO-991908,133,11,1739301.4,9,Very High
SO-991942,125,10,1349118.6,8,Very High
SO-991964,89,6,3714941.8,6,Very High
SO-992194,157,12,4258650.2,12,Very High
SO-992227,47,5,365084.2,5,Very High
SO-992260,64,6,897207.2,5,Very High
SO-992268,73,7,1438355.2,6,Very High
SO-992324,42,4,820544.0,4,Very High
SO-992340,59,10,778263.0,9,Very High
SO-992356,65,8,4056041.6,7,Very High
SO-992387,92,10,2472709.0,9,Very High
SO-992420,37,4,396045.0,4,Very High
SO-992473,41,4,1223732.0,4,Very High
SO-992664,28,2,632320.0,2,Very High
SO-992729,70,5,2961472.0,5,Very High
SO-992756,43,3,462203.2,3,Very High
SO-992791,83,11,2281532.2,8,Very High
SO-992803,75,6,1177106.0,6,Very High
SO-992841,7,2,235904.0,2,Very High
SO-992923,71,9,1510792.2,8,Very High
SO-992929,130,11,3320692.8,8,Very High
SO-992949,44,4,1479258.4,4,Very High
SO-993205,72,8,2737448.6,6,Very High
SO-993316,113,10,4133031.6,8,Very High
SO-993351,46,4,1805038.0,4,Very High
SO-993385,110,8,1654424.2,6,Very High
SO-993417,21,5,187931.0,4,Very High
SO-993440,18,2,327631.0,2,Very High
SO-993447,112,9,4396024.0,8,Very High
SO-993574,39,4,196984.4,4,Very High
SO-993612,102,12,766852.0,7,Very High
SO-993724,83,10,1931040.0,10,Very High
SO-993802,13,1,60593.0,1,Very High
SO-993898,92,9,3389415.0,9,Very High
SO-993904,149,11,5448434.6,11,Very High
SO-993919,95,8,6786156.8,6,Very High
SO-993927,35,3,176823.0,3,Very High
SO-994007,47,4,2768896.0,4,Very High
SO-994064,113,11,1768293.6,10,Very High
SO-994105,111,12,1641315.2,9,Very High
SO-994108,78,6,807160.0,5,Very High
SO-994111,101,8,1074159.0,8,Very High
SO-994113,34,3,171900.2,3,Very High
SO-994144,39,4,329342.0,4,Very High
SO-994153,18,1,194688.0,1,Very High
SO-994203,49,5,301826.0,3,Very High
SO-994288,30,2,40710.0,1,High
SO-994328,102,11,1228075.6,9,Very High
SO-994387,39,3,3977344.0,2,Very High
SO-994410,22,3,62677.0,3,Very High
SO-994461,100,9,3884306.0,8,Very High
SO-994464,65,8,1147642.0,7,Very High
SO-994603,88,10,1742807.6,8,Very High
SO-994704,55,4,3009323.2,4,Very High
SO-994816,17,2,281728.0,2,Very High
SO-994913,60,6,1391359.6,5,Very High
SO-994940,112,12,6249361.8,9,Very High
SO-994944,116,9,1263508.8,9,Very High
SO-994951,56,5,1988345.0,4,Very High
SO-994954,95,11,1675014.0,10,Very High
SO-995068,79,9,1559087.0,7,Very High
SO-995096,98,9,4601350.6,9,Very High
SO-995126,70,8,2930849.0,8,Very High
SO-995130,73,6,1465995.6,5,Very High
SO-995164,3,1,152832.0,1,Very High
SO-995175,104,9,3494165.0,5,Very High
SO-995216,76,7,1462930.4,7,Very High
SO-995230,71,7,1239945.0,7,Very High
SO-995269,6,1,129792.0,1,Very High
SO-995274,76,6,481000.2,6,Very High
SO-995353,32,3,56552.0,2,Very High
SO-995364,131,8,3549150.4,8,Very High
SO-995393,18,1,26550.0,1,High
SO-995491,86,11,2114257.4,9,Very High
SO-995555,52,6,355471.8,6,Very High
SO-995607,38,3,108147.0,3,Very High
SO-995630,34,4,393997.6,4,Very High
SO-995666,4,1,112128.0,1,Very High
SO-995678,4,1,112128.0,1,Very High
SO-995721,26,3,29343.8,3,High
SO-995809,88,8,2865974.4,7,Very High
SO-995822,100,11,1901316.2,9,Very High
SO-995823,35,2,3810560.0,2,Very High
SO-995829,14,1,20650.0,1,High
SO-995900,68,6,1726810.2,6,Very High
SO-995940,55,6,521236.8,5,Very High
SO-995966,64,8,1928694.0,7,Very High
SO-995972,50,6,716760.8,6,Very High
SO-995975,58,6,331397.8,6,Very High
SO-995989,10,1,17110.0,1,High
SO-996014,52,4,1335838.0,4,Very High
SO-996016,170,12,1695520.0,10,Very High
SO-996029,44,3,515645.0,3,Very High
SO-996033,122,9,1661038.0,8,Very High
SO-996069,15,3,179674.0,3,Very High
SO-996072,89,10,2506429.8,9,Very High
SO-996102,45,3,1184442.0,3,Very High
SO-996133,59,5,1061149.4,5,Very High
SO-996176,159,12,2051671.0,9,Very High
SO-996190,82,7,1483443.2,7,Very High
SO-996271,28,4,267655.8,4,Very High
SO-996282,62,6,4529055.0,5,Very High
SO-996320,94,7,3439846.0,7,Very High
SO-996343,103,9,5487194.0,7,Very High
SO-996362,76,8,1560947.8,8,Very High
SO-996398,93,10,981880.6,10,Very High
SO-996437,88,10,2288034.0,9,Very High
SO-996499,122,12,1913086.0,10,Very High
SO-996510,58,8,1466675.0,7,Very High
SO-996544,9,1,118656.0,1,Very High
SO-996579,113,12,2446677.8,11,Very High
SO-996624,28,3,155913.4,3,Very High
SO-996650,36,4,1028553.0,4,Very High
SO-996691,73,9,2352083.0,7,Very High
SO-996890,87,7,1475448.0,6,Very High
SO-996897,32,2,1691008.0,2,Very High
SO-996902,47,3,838271.6,3,Very High
SO-996974,15,2,228528.0,2,Very High
SO-996975,121,11,3297380.8,8,Very High
SO-996997,33,4,1039167.6,4,Very High
SO-997012,86,8,1443505.6,8,Very High
SO-997027,104,9,866780.2,8,Very High
SO-997072,99,9,3570809.0,8,Very High
SO-997091,21,2,392064.0,2,Very High
SO-997204,108,9,5126008.2,7,Very High
SO-997247,107,9,5125064.0,8,Very High
SO-997259,105,11,1735587.0,10,Very High
SO-997271,98,11,1732785.6,9,Very High
SO-997390,90,8,1085035.8,6,Very High
SO-997393,71,7,1226764.0,6,Very High
SO-997472,17,2,1711437.0,2,Very High
SO-997490,127,9,1551312.0,9,Very High
SO-997501,74,6,1620025.0,6,Very High
SO-997548,58,7,626192.8,5,Very High
SO-997611,18,2,123909.0,2,Very High
SO-997636,103,7,3244741.0,7,Very High
SO-997648,87,9,1067946.0,8,Very High
SO-997676,14,2,569792.0,2,Very High
SO-997703,88,7,2139180.0,6,Very High
SO-997724,91,11,402828.8,10,Very High
SO-997754,87,8,2248142.2,8,Very High
SO-997785,67,6,1891171.0,6,Very High
SO-997823,50,7,655764.2,6,Very High
SO-997854,24,2,90388.0,2,Very High
SO-997856,10,2,64658.4,2,Very High
SO-997860,56,7,1015954.6,7,Very High
SO-997869,117,11,1423828.2,9,Very High
SO-997872,9,1,252288.0,1,Very High
SO-997885,86,6,2395859.2,5,Very High
SO-997886,92,10,3831343.2,10,Very High
SO-997912,33,4,350085.2,4,Very High
SO-997960,49,5,2696090.0,5,Very High
SO-998057,21,2,296905.0,2,Very High
SO-998189,124,12,1343523.2,11,Very High
SO-998204,42,5,760878.0,5,Very High
SO-998246,82,8,981995.8,7,Very High
SO-998274,18,1,24426.0,1,High
SO-998311,10,2,49051.0,2,High
SO-998347,128,12,3219590.8,11,Very High
SO-998356,20,3,197403.0,3,Very High
SO-998361,111,11,3204234.0,9,Very High
SO-998395,41,5,605868.0,5,Very High
SO-998402,12,1,423936.0,1,Very High
SO-998409,144,10,956287.0,9,Very High
SO-998486,90,8,1181027.6,8,Very High
SO-998502,40,4,263819.0,3,Very High
SO-998527,117,10,1169775.4,8,Very High
SO-998592,113,12,776686.0,10,Very High
SO-998663,68,5,1397591.6,5,Very High
SO-998746,30,2,326087.0,2,Very High
SO-998795,81,6,1590816.0,6,Very High
SO-998859,33,3,906347.0,3,Very High
SO-998875,30,6,256746.2,5,Very High
SO-998898,81,6,2134780.0,5,Very High
SO-998902,85,9,1001274.4,8,Very High
SO-998912,64,5,1183426.0,4,Very High
SO-998965,123,11,4193486.2,8,Very High
SO-998986,113,11,1421925.0,9,Very High
SO-999018,61,5,996814.0,4,Very High
SO-999124,118,9,2074360.6,8,Very High
SO-999137,38,4,928743.0,4,Very High
SO-999196,46,5,950112.8,5,Very High
SO-999215,97,8,1371823.4,8,Very High
SO-999251,75,7,1305380.6,6,Very High
SO-999270,43,5,727473.0,5,Very High
SO-999294,92,10,3292590.2,8,Very High
SO-999319,84,7,2357480.0,6,Very High
SO-999339,117,12,4751228.0,9,Very High
SO-999365,7,2,28615.0,2,High
SO-999380,31,2,662768.0,2,Very High
SO-999426,57,6,2015616.0,6,Very High
SO-999429,42,3,2155158.4,3,Very High
SO-999435,7,1,133504.0,1,Very High
SO-999439,98,8,2434087.4,7,Very High
SO-999479,62,6,2117300.4,5,Very High
SO-999505,5,1,254720.0,1,Very High
SO-999554,72,8,944013.6,4,Very High
SO-999658,42,6,1231628.0,6,Very High
SO-999752,75,7,3065689.0,7,Very High
SO-999790,7,1,9499.0,1,Medium
SO-999862,103,12,1916307.4,9,Very High
SO-999871,87,6,599758.2,6,Very High
SO-999896,4,1,609280.0,1,Very High
SO-999899,92,8,3203844.0,7,Very High
SO-999917,102,9,1802995.2,7,Very High
SO-999946,80,7,1846577.0,6,Very High
SO-999952,70,5,757059.0,5,Very High
SO-999960,128,12,2842110.2,11,Very High
SO-999995,46,5,1059035.8,5,Very High
