customer_id,total_orders,total_units,total_revenue,products_purchased,branches_used,customer_type,industry_segment,city,state,region,average_order_value,average_units_per_order,revenue_share_percentage,customer_value_category,revenue_score,order_score,unit_score,customer_performance_score,performance_category
C0001,40,2656,52640600,30,1,Retail,Construction,Kolkata,West Bengal,East,1316015.0,66.4,0.20686048629887602,Medium Value,61.297655647576036,63.49206349206349,57.4146130566364,61.179369482734344,Medium Performance
C0002,56,3636,61160690,30,1,Fleet Owner,Manufacturing,Hyderabad,Telangana,South,1092155.1785714286,64.92857142857143,0.2403416768763047,High Value,71.21892445732281,88.88888888888889,78.59922178988327,77.99597325330473,High Performance
C0003,40,2365,39965740,30,1,Government,Logistics,Surat,Gujarat,West,999143.5,59.125,0.1570523970413415,Low Value,46.53834052462463,63.49206349206349,51.1240812797233,52.54160556587602,Low Performance
C0004,47,2995,49040570,30,1,Fleet Owner,Logistics,Chennai,Tamil Nadu,South,1043416.3829787234,63.723404255319146,0.1927135359128519,Medium Value,57.1055795834555,74.60317460317461,64.74275832252486,63.88229383718511,Medium Performance
C0005,51,3747,67256610,30,1,Dealer,Construction,Ahmedabad,Gujarat,West,1318757.0588235294,73.47058823529412,0.2642966655283916,High Value,78.31735428173917,80.95238095238095,80.99870298313878,79.64413202321163,High Performance
C0006,46,3221,60992880,30,1,Government,Construction,Ahmedabad,Gujarat,West,1325932.1739130435,70.02173913043478,0.23968223799821792,High Value,71.02351711785062,73.01587301587301,69.62818849978383,71.34215816364397,High Performance
C0007,36,2263,37839490,30,1,Corporate,Manufacturing,Pune,Maharashtra,West,1051096.9444444445,62.861111111111114,0.1486969240985372,Low Value,44.06241623195588,57.14285714285714,48.91915261565067,48.95789578196522,Low Performance
C0008,36,2319,38574950,30,1,Corporate,Logistics,Mumbai,Maharashtra,West,1071526.388888889,64.41666666666667,0.15158704338390572,Low Value,44.91882694578829,57.14285714285714,50.12970168612192,49.62821095297567,Low Performance
C0009,34,2677,54041610,30,1,Corporate,Rental,Ahmedabad,Gujarat,West,1589459.1176470588,78.73529411764706,0.21236600124189697,Medium Value,62.92906996539935,53.96825396825397,57.86856895806313,59.22872496478849,Medium Performance
C0010,50,3255,54508210,30,1,Dealer,Construction,Chennai,Tamil Nadu,South,1090164.2,65.1,0.21419958792037436,Medium Value,63.472405074139736,79.36507936507937,70.36316472114137,69.61835929082196,High Performance
C0011,41,2717,44933810,30,1,Retail,Infrastructure,Vadodara,Gujarat,West,1095946.5853658537,66.26829268292683,0.17657530096277968,Medium Value,52.32343879654883,65.07936507936508,58.73324686554259,57.43217829519245,Medium Performance
C0012,38,2001,42822150,30,1,Fleet Owner,Logistics,Chennai,Tamil Nadu,South,1126898.6842105263,52.6578947368421,0.16827716198834006,Low Value,49.864503915017075,60.317460317460316,43.255512321660184,51.67859251707867,Low Performance
C0013,49,3585,64377720,30,1,Dealer,Construction,Surat,Gujarat,West,1313831.0204081633,73.16326530612245,0.2529835614718084,High Value,74.96501392339884,77.77777777777779,77.49675745784695,76.31519178660216,High Performance
C0014,31,2054,43395470,30,1,Fleet Owner,Construction,Kolkata,West Bengal,East,1399853.8709677418,66.25806451612904,0.17053012365680267,Medium Value,50.53210975415775,49.2063492063492,44.40121054907047,48.90820174879772,Low Performance
C0015,38,2619,51005500,30,1,Government,Rental,Pune,Maharashtra,West,1342250.0,68.92105263157895,0.20043507357281873,Medium Value,59.39365385524555,60.317460317460316,56.6147859922179,59.11502222130445,Medium Performance
C0016,41,3051,60898100,30,1,Government,Rental,Ranchi,Jharkhand,East,1485319.512195122,74.41463414634147,0.2393097833360103,High Value,70.91314999053297,65.07936507936508,65.95330739299611,68.17104599767524,High Performance
C0017,40,2469,46619950,30,1,Government,Infrastructure,Chennai,Tamil Nadu,South,1165498.75,61.725,0.18320128433622118,Medium Value,54.28687441646205,63.49206349206349,53.37224383916991,56.86550502368405,Medium Performance
C0018,36,2257,46340880,30,1,Retail,Construction,Ahmedabad,Gujarat,West,1287246.6666666667,62.69444444444444,0.1821046297405018,Medium Value,53.96190971694173,57.14285714285714,48.78945092952875,53.881702187233756,Medium Performance
C0019,43,2359,43064130,30,1,Government,Logistics,Kolkata,West Bengal,East,1001491.3953488372,54.86046511627907,0.16922806491259632,Medium Value,50.14627894633512,68.25396825396825,50.99437959360138,55.748205868078315,Medium Performance
C0020,41,2338,38461450,30,1,Dealer,Logistics,Kolkata,West Bengal,East,938084.1463414634,57.02439024390244,0.15114102519272016,Low Value,44.786661204592335,65.07936507936508,50.54042369217466,52.025224864540625,Low Performance
C0021,47,2628,51375230,30,1,Corporate,Mining,Hyderabad,Telangana,South,1093090.0,55.91489361702128,0.20188799256688952,Medium Value,59.8241881239009,74.60317460317461,56.809338521400775,63.65491414718299,Medium Performance
C0022,39,2583,44585750,30,1,Retail,Infrastructure,Chennai,Tamil Nadu,South,1143224.358974359,66.23076923076923,0.1752075380409819,Medium Value,51.91813828658702,61.904761904761905,55.83657587548638,55.69781288981936,Medium Performance
C0023,37,2461,53343670,30,1,Corporate,Mining,Chennai,Tamil Nadu,South,1441720.810810811,66.51351351351352,0.20962332338853976,Medium Value,62.116349635793135,58.730158730158735,53.19930825767402,59.31708408847899,Medium Performance
C0024,48,2666,49014090,30,1,Dealer,Rental,Visakhapatnam,Andhra Pradesh,South,1021126.875,55.541666666666664,0.19260947810049422,Medium Value,57.07474479202934,76.19047619047619,57.63078253350626,62.920671759858784,Medium Performance
C0025,44,3107,58809760,30,1,Corporate,Infrastructure,Pune,Maharashtra,West,1336585.4545454546,70.61363636363636,0.23110328439873762,High Value,68.48137021987955,69.84126984126983,67.16385646346735,68.6258373550142,High Performance
C0026,41,3118,60102980,30,1,Fleet Owner,Mining,Jaipur,Rajasthan,North,1465926.3414634147,76.04878048780488,0.23618521959878155,High Value,69.98726783952215,65.07936507936508,67.40164288802421,67.99777202117545,High Performance
C0027,44,2664,47252220,30,1,Fleet Owner,Logistics,Surat,Gujarat,West,1073914.0909090908,60.54545454545455,0.18568590038680174,Medium Value,55.023124929113756,69.84126984126983,57.58754863813229,59.981453144564284,Medium Performance
C0028,34,2094,33463430,30,1,Retail,Infrastructure,Bengaluru,Karnataka,South,984218.5294117647,61.588235294117645,0.13150042748426874,Low Value,38.96668747937457,53.96825396825397,45.26588845654994,44.726997621473465,Low Performance
C0029,38,2565,45653420,30,1,Dealer,Construction,Visakhapatnam,Andhra Pradesh,South,1201405.7894736843,67.5,0.17940313488840995,Medium Value,53.16139288484859,60.317460317460316,55.447470817120625,55.76542870108651,Medium Performance
C0030,38,2832,50515670,30,1,Corporate,Construction,Hyderabad,Telangana,South,1329359.7368421052,74.52631578947368,0.19851020052798685,Medium Value,58.82326843665512,60.317460317460316,61.21919584954605,59.75071148347486,Medium Performance
C0031,40,2659,52182080,30,1,Government,Mining,Kolkata,West Bengal,East,1304552.0,66.475,0.20505865140000024,Medium Value,60.76372934226176,63.49206349206349,57.47946389969736,60.925376498689396,Medium Performance
C0032,45,3056,58165930,30,1,Government,Logistics,Ahmedabad,Gujarat,West,1292576.2222222222,67.91111111111111,0.22857324129714296,High Value,67.73165859737564,71.42857142857143,66.06139213143103,68.50667915354545,High Performance
C0033,34,2412,45334540,30,1,Government,Mining,Chennai,Tamil Nadu,South,1333368.8235294118,70.94117647058823,0.17815003990334166,Medium Value,52.790071197160785,53.96825396825397,52.14007782101168,53.01352735325892,Medium Performance
C0034,33,1992,33729240,30,1,Government,Construction,Pune,Maharashtra,West,1022098.1818181818,60.36363636363637,0.13254497458029546,Low Value,39.27621149406442,52.38095238095239,43.060959792477306,43.96458341981338,Low Performance
C0035,46,3072,54533770,30,1,Dealer,Infrastructure,Indore,Madhya Pradesh,Central,1185516.7391304348,66.78260869565217,0.2143000304310942,Medium Value,63.50216856616589,73.01587301587301,66.40726329442282,66.9372988467294,Medium Performance
C0036,39,2544,47362410,30,1,Fleet Owner,Construction,Kolkata,West Bengal,East,1214420.7692307692,65.23076923076923,0.1861189113514426,Medium Value,55.15143632138143,61.904761904761905,54.99351491569391,57.145849715258066,Medium Performance
C0037,38,2071,38561970,30,1,Corporate,Construction,Pune,Maharashtra,West,1014788.6842105263,54.5,0.15153603619340716,Low Value,44.9037123086013,60.317460317460316,44.76869865974925,49.5008339814886,Low Performance
C0038,41,2784,52105520,30,1,Fleet Owner,Rental,Jaipur,Rajasthan,North,1270866.3414634147,67.90243902439025,0.2047577954289239,Medium Value,60.67457860088764,65.07936507936508,60.18158236057069,61.897415296367484,Medium Performance
C0039,40,3061,53722520,30,1,Fleet Owner,Rental,Hyderabad,Telangana,South,1343063.0,76.525,0.2111120810249331,Medium Value,62.557503741978934,63.49206349206349,66.16947686986597,63.56026629258171,Medium Performance
C0040,45,2696,43439870,30,1,Government,Logistics,Delhi,Delhi,North,965330.4444444445,59.91111111111111,0.17070460125758363,Medium Value,50.58381159476656,71.42857142857143,58.27929096411587,58.376335418777884,Medium Performance
C0041,42,3138,60948700,30,1,Government,Rental,Hyderabad,Telangana,South,1451159.5238095238,74.71428571428571,0.2395086249260895,High Value,70.97207145753312,66.66666666666666,67.83398184176394,69.05283209711934,High Performance
C0042,44,3165,61493750,30,1,Fleet Owner,Rental,Chennai,Tamil Nadu,South,1397585.2272727273,71.93181818181819,0.2416504946627035,High Value,71.6067581292411,69.84126984126983,68.41763942931259,70.43928790286401,High Performance
C0043,37,2535,39495710,30,1,Corporate,Construction,Chennai,Tamil Nadu,South,1067451.6216216215,68.51351351351352,0.15520533157523625,Low Value,45.99101133225163,58.730158730158735,54.79896238651103,51.574345762475645,Low Performance
C0044,38,2372,43843570,30,1,Government,Mining,Mumbai,Maharashtra,West,1153778.1578947369,62.421052631578945,0.17229101133495464,Medium Value,51.05390242931113,60.317460317460316,51.275399913532205,53.8772692926001,Medium Performance
C0045,43,2991,60965470,30,1,Corporate,Rental,Kolkata,West Bengal,East,1417801.6279069767,69.55813953488372,0.2395745255874655,High Value,70.99159938246576,68.25396825396825,64.65629053177692,68.90324827377874,High Performance
C0046,51,3471,76069120,30,1,Retail,Rental,Ahmedabad,Gujarat,West,1491551.3725490195,68.05882352941177,0.2989269718720447,High Value,88.57913327686498,80.95238095238095,75.03242542153048,83.58176600845286,High Performance
C0047,36,2568,50441290,30,1,Corporate,Rental,Pune,Maharashtra,West,1401146.9444444445,71.33333333333333,0.1982179112499218,Medium Value,58.736656209076656,57.14285714285714,55.512321660181584,57.613649579431794,Medium Performance
C0048,34,2181,40336880,30,1,Dealer,Mining,Hyderabad,Telangana,South,1186378.8235294118,64.1470588235294,0.15851085687813982,Low Value,46.970516676056064,53.96825396825397,47.146562905317765,49.10504710956778,Low Performance
C0049,42,3157,66038070,30,1,Dealer,Manufacturing,Coimbatore,Tamil Nadu,South,1572335.0,75.16666666666667,0.25950819850912066,High Value,76.8984182264359,66.66666666666666,68.2447038478167,72.09814988278129,High Performance
C0050,30,2194,50086150,30,1,Dealer,Mining,Kolkata,West Bengal,East,1669538.3333333333,73.13333333333334,0.19682232622421572,Medium Value,58.32311135155831,47.61904761904761,47.42758322524859,52.93278660654316,Medium Performance
C0051,37,2634,47017080,30,1,Retail,Infrastructure,Jaipur,Rajasthan,North,1270731.8918918918,71.1891891891892,0.18476187644428746,Medium Value,54.749314775943546,58.730158730158735,56.939040207522694,56.381513048523935,Medium Performance
C0052,37,2379,45097920,30,1,Government,Manufacturing,Guwahati,Assam,North East,1218862.7027027027,64.29729729729729,0.17722020004080136,Medium Value,52.51453764930362,58.730158730158735,51.42671854734111,54.16166015316765,Medium Performance
C0053,31,2062,38021810,29,1,Fleet Owner,Construction,Delhi,Delhi,North,1226510.0,66.51612903225806,0.14941338257093323,Low Value,44.274719826095506,49.2063492063492,44.57414613056637,45.81409390106579,Low Performance
C0054,42,2612,56103080,30,1,Fleet Owner,Manufacturing,Chennai,Tamil Nadu,South,1335787.619047619,62.19047619047619,0.2204669097932916,Medium Value,65.32956080683749,66.66666666666666,56.46346735840899,63.95747387510055,Medium Performance
C0055,37,2941,53940970,30,1,Dealer,Construction,Delhi,Delhi,North,1457864.054054054,79.48648648648648,0.21197051868012678,Medium Value,62.811879126686044,58.730158730158735,63.57544314742758,61.74007581187616,Medium Performance
C0056,38,2686,51714180,30,1,Dealer,Mining,Delhi,Delhi,North,1360899.4736842106,70.6842105263158,0.20321995614312163,Medium Value,60.21888044089094,60.317460317460316,58.06312148724601,59.81730261313277,Medium Performance
C0057,35,2363,41341790,30,1,Retail,Logistics,Kolkata,West Bengal,East,1181194.0,67.51428571428572,0.16245982727905856,Low Value,48.14069002394354,55.55555555555556,51.080847384349326,50.953181155508304,Low Performance
C0058,41,2554,44614910,30,1,Retail,Infrastructure,Pune,Maharashtra,West,1088168.536585366,62.292682926829265,0.1753221273841975,Medium Value,51.95209381974363,65.07936507936508,55.20968439256377,56.541793312194095,Medium Performance
C0059,39,2659,47904570,30,1,Retail,Manufacturing,Hyderabad,Telangana,South,1228322.3076923077,68.17948717948718,0.18824942432530306,Medium Value,55.782757715626374,61.904761904761905,57.47946389969736,57.95870020918123,Medium Performance
C0060,50,3565,64410620,30,1,Dealer,Mining,Hyderabad,Telangana,South,1288212.4,71.3,0.25311284780211685,High Value,75.00332452150762,79.36507936507937,77.06441850410722,76.72406977109907,High Performance
C0061,32,1620,31227160,30,1,Dealer,Construction,Surat,Gujarat,West,975848.75,50.625,0.12271261162169143,Low Value,36.36264975193597,50.79365079365079,35.019455252918284,40.423311164646876,Low Performance
C0062,38,3113,63839240,30,1,Dealer,Construction,Hyderabad,Telangana,South,1679980.0,81.92105263157895,0.25086750970449917,High Value,74.3379777267539,60.317460317460316,67.29355814958929,68.72293858853291,High Performance
C0063,43,2940,60573240,30,1,Retail,Rental,Delhi,Delhi,North,1408680.0,68.37209302325581,0.2380331888902963,High Value,70.53486485674514,68.25396825396825,63.55382619974059,68.45438814451117,High Performance
C0064,39,2521,52021770,30,1,Corporate,Manufacturing,Chandigarh,Punjab,North,1333891.5384615385,64.64102564102564,0.20442868508961298,Medium Value,60.57705542181133,61.904761904761905,54.49632511889321,59.75922130611288,Medium Performance
C0065,41,2912,59050070,30,1,Corporate,Mining,Vadodara,Gujarat,West,1440245.6097560977,71.02439024390245,0.2320476247645861,High Value,68.7612006098954,65.07936507936508,62.94855166450497,66.49412016165822,Medium Performance
C0066,38,2739,47238780,30,1,Retail,Manufacturing,Indore,Madhya Pradesh,Central,1243125.7894736843,72.07894736842105,0.18563308554548427,Medium Value,55.00747464222676,60.317460317460316,59.20881971465629,57.44073935928274,Medium Performance
C0067,33,2337,44311920,30,1,Retail,Manufacturing,Ahmedabad,Gujarat,West,1342785.4545454546,70.81818181818181,0.1741314749458952,Medium Value,51.59927533582325,52.38095238095239,50.51880674448768,51.617684731094876,Low Performance
C0068,42,2597,46858170,30,1,Retail,Mining,Delhi,Delhi,North,1115670.7142857143,61.833333333333336,0.18413741167987074,Medium Value,54.564271093710516,66.66666666666666,56.13921314310419,58.5099781754761,Medium Performance
C0069,52,3746,64878390,30,1,Dealer,Logistics,Delhi,Delhi,North,1247661.3461538462,72.03846153846153,0.2549510322011553,High Value,75.54802204361539,82.53968253968253,80.97708603545179,78.73133299080281,High Performance
C0070,48,3393,68783440,30,1,Government,Logistics,Ahmedabad,Gujarat,West,1432988.3333333333,70.6875,0.2702966122671391,High Value,80.09528043707152,76.19047619047619,73.34630350194551,77.57404377606773,High Performance
C0071,47,3399,60419160,30,1,Corporate,Rental,Jaipur,Rajasthan,North,1285514.0425531915,72.31914893617021,0.23742770445947803,High Value,70.35544549636212,74.60317460317461,73.47600518806745,72.25387616674693,High Performance
C0072,30,2183,47027920,30,1,Government,Logistics,Pune,Maharashtra,West,1567597.3333333333,72.76666666666667,0.18480447412880247,Medium Value,54.76193747756967,47.61904761904761,47.18979680069174,51.104642384637465,Low Performance
C0073,36,2361,48992520,30,1,Corporate,Rental,Jaipur,Rajasthan,North,1360903.3333333333,65.58333333333333,0.19252471499579052,Medium Value,57.04962747892277,57.14285714285714,51.03761348897535,55.8751935801136,Medium Performance
C0074,45,2880,46570120,30,1,Fleet Owner,Infrastructure,Bhubaneswar,Odisha,East,1034891.5555555555,64.0,0.18300546859642583,Medium Value,54.22884958048149,71.42857142857143,62.2568093385214,60.99435808651645,Medium Performance
C0075,35,2375,43533480,30,1,Retail,Mining,Hyderabad,Telangana,South,1243813.7142857143,67.85714285714286,0.17107245819923014,Medium Value,50.692816308716814,55.55555555555556,51.340250756593164,52.281124972343704,Low Performance
C0076,49,3370,68416560,30,1,Government,Mining,Chennai,Tamil Nadu,South,1396256.3265306123,68.77551020408163,0.2688548928487941,High Value,79.66806486764445,77.77777777777779,72.84911370514483,77.73718850818453,High Performance
C0077,38,2610,49739710,30,1,Corporate,Mining,Delhi,Delhi,North,1308939.7368421052,68.6842105263158,0.19546092937704107,Medium Value,57.91969726010521,60.317460317460316,56.42023346303502,58.339133417897706,Medium Performance
C0078,33,2156,34591140,30,1,Dealer,Rental,Visakhapatnam,Andhra Pradesh,South,1048216.3636363636,65.33333333333333,0.1359319620603204,Low Value,40.279856008044995,52.38095238095239,46.6061392131431,45.17544156093684,Low Performance
C0079,33,1990,37415140,30,1,Retail,Rental,Delhi,Delhi,North,1133792.121212121,60.303030303030305,0.14702936621810025,Low Value,43.56827938370474,52.38095238095239,43.01772589710333,46.101970585558746,Low Performance
C0080,46,2978,50588120,30,1,Retail,Mining,Chennai,Tamil Nadu,South,1099741.7391304348,64.73913043478261,0.19879490553196388,Medium Value,58.90763326440531,73.01587301587301,64.37527021184609,64.23363257933377,Medium Performance
C0081,40,2922,49127920,30,1,Corporate,Rental,Surat,Gujarat,West,1228198.0,73.05,0.1930567930846586,Medium Value,57.20729480366226,63.49206349206349,63.164721141374834,60.28421067772514,Medium Performance
C0082,50,3363,63866170,30,1,Fleet Owner,Manufacturing,Ahmedabad,Gujarat,West,1277323.4,67.26,0.2509733358709188,High Value,74.36933652332137,79.36507936507937,72.69779507133592,75.53375108545168,High Performance
C0083,50,3739,74075280,30,1,Dealer,Infrastructure,Delhi,Delhi,North,1481505.6,74.78,0.2910918272877856,High Value,86.25739458588572,79.36507936507937,80.82576740164289,83.10337458279525,High Performance
C0084,47,3136,71147780,30,1,Corporate,Logistics,Pune,Maharashtra,West,1513782.5531914893,66.72340425531915,0.2795877016957528,High Value,82.84845002772569,74.60317460317461,67.79074794638997,77.36332698409322,High Performance
C0085,44,2714,55654550,30,1,Retail,Mining,Chennai,Tamil Nadu,South,1264876.1363636365,61.68181818181818,0.21870433235459152,Medium Value,64.8072674156602,69.84126984126983,58.66839602248163,65.08969386470739,Medium Performance
C0086,30,2141,47920240,30,1,Retail,Construction,Ahmedabad,Gujarat,West,1597341.3333333333,71.36666666666666,0.18831100234341652,Medium Value,55.8010047391025,47.61904761904761,46.281884997838304,51.442593654833196,Low Performance
C0087,41,2659,41444460,30,1,Government,Logistics,Hyderabad,Telangana,South,1010840.487804878,64.85365853658537,0.16286328708248607,Low Value,48.26024470807207,65.07936507936508,57.47946389969736,55.14982465778503,Medium Performance
C0088,39,2536,49923700,30,1,Corporate,Infrastructure,Pune,Maharashtra,West,1280094.8717948718,65.02564102564102,0.19618395040784486,Medium Value,58.133945495547,61.904761904761905,54.820579334198015,58.60251718604168,Medium Performance
C0089,40,2383,40101850,30,1,Corporate,Rental,Surat,Gujarat,West,1002546.25,59.575,0.15758726519995178,Low Value,46.69683461303152,63.49206349206349,51.51318633808906,52.69867362175262,Low Performance
C0090,45,2830,44051020,30,1,Government,Infrastructure,Delhi,Delhi,North,978911.5555555555,62.888888888888886,0.17310622255752242,Medium Value,51.29546879945298,71.42857142857143,61.175961954172074,59.31149821913233,Medium Performance
C0091,32,2175,33399030,30,1,Retail,Construction,Coimbatore,Tamil Nadu,South,1043719.6875,67.96875,0.13124735636962248,Low Value,38.8916965213744,50.79365079365079,47.016861219195846,44.08731574262161,Low Performance
C0092,41,2301,38901670,30,1,Fleet Owner,Logistics,Ahmedabad,Gujarat,West,948821.2195121951,56.1219512195122,0.15287094702640922,Low Value,45.299277967493516,65.07936507936508,49.74059662775616,52.12156783310751,Low Performance
C0093,41,2768,49642790,30,1,Dealer,Manufacturing,Chennai,Tamil Nadu,South,1210799.756097561,67.51219512195122,0.19508006520884982,Medium Value,57.80683819722668,65.07936507936508,59.8357111975789,60.39437086193864,Medium Performance
C0094,33,2188,39474600,30,1,Corporate,Logistics,Pune,Maharashtra,West,1196200.0,66.3030303030303,0.15512237612135144,Low Value,45.96642966884505,52.38095238095239,47.29788153912667,48.15707685653358,Low Performance
C0095,31,2419,46147160,30,1,Fleet Owner,Logistics,Nagpur,Maharashtra,West,1488618.064516129,78.03225806451613,0.18134337296520253,Medium Value,53.73633132588904,49.2063492063492,52.291396454820585,52.08834971581339,Low Performance
C0096,40,2626,47646050,30,1,Corporate,Construction,Chennai,Tamil Nadu,South,1191151.25,65.65,0.18723352456508024,Medium Value,55.48172258422568,63.49206349206349,56.7661046260268,58.14170126493725,Medium Performance
C0097,30,2152,43037580,30,1,Corporate,Construction,Pune,Maharashtra,West,1434586.0,71.73333333333333,0.16912373202294012,Medium Value,50.11536264299809,47.61904761904761,46.519671422395156,48.647329891692365,Low Performance
C0098,37,2478,45007740,30,1,Corporate,Mining,Kolkata,West Bengal,East,1216425.4054054054,66.97297297297297,0.17686582188678274,Medium Value,52.40952701898599,58.730158730158735,53.56679636835279,54.537170402211174,Medium Performance
C0099,52,3268,52019750,30,1,Fleet Owner,Rental,Visakhapatnam,Andhra Pradesh,South,1000379.8076923077,62.84615384615385,0.2044207471447126,Medium Value,60.57470322095481,82.53968253968253,70.6441850410722,69.17809338059661,High Performance
C0100,42,2513,40056040,30,1,Government,Construction,Chandigarh,Punjab,North,953715.2380952381,59.833333333333336,0.15740724675644333,Low Value,46.643490889646614,66.66666666666666,54.32338953739732,54.18642335230277,Medium Performance
C0101,43,3023,52693260,30,1,Corporate,Logistics,Chennai,Tamil Nadu,South,1225424.6511627906,70.30232558139535,0.20706742302088335,Medium Value,61.35897589366748,68.25396825396825,65.34803285776049,64.22528499457631,Medium Performance
C0102,38,2984,62773480,30,1,Government,Infrastructure,Patna,Bihar,East,1651933.6842105263,78.52631578947368,0.24667941853764525,High Value,73.09694723920323,60.317460317460316,64.504971897968,67.54470609443331,High Performance
C0103,42,3102,62476630,30,1,Dealer,Infrastructure,Coimbatore,Tamil Nadu,South,1487538.8095238095,73.85714285714286,0.2455128943080996,High Value,72.751278514322,66.66666666666666,67.05577172503241,69.78679360216748,High Performance
C0104,36,2259,35121810,30,1,Fleet Owner,Infrastructure,Visakhapatnam,Andhra Pradesh,South,975605.8333333334,62.75,0.13801732306046524,Low Value,40.89779780434859,57.14285714285714,48.83268482490272,47.358293010011984,Low Performance
C0105,46,2885,52573780,30,1,Government,Logistics,Delhi,Delhi,North,1142908.2608695652,62.71739130434783,0.20659790536905207,Medium Value,61.219846706371506,73.01587301587301,62.36489407695633,64.98766407333892,Medium Performance
C0106,42,2876,47644410,30,1,Dealer,Infrastructure,Indore,Madhya Pradesh,Central,1134390.7142857143,68.47619047619048,0.1872270798969433,Medium Value,55.47981287659959,66.66666666666666,62.170341547773454,60.17397474785448,Medium Performance
C0107,52,4068,70691460,30,1,Fleet Owner,Construction,Delhi,Delhi,North,1359451.1538461538,78.23076923076923,0.2777945120834022,High Value,82.31708552532447,82.53968253968253,87.93774319066148,83.5079961626993,High Performance
C0108,26,1870,33566370,30,1,Corporate,Rental,Jaipur,Rajasthan,North,1291014.2307692308,71.92307692307692,0.13190494830013344,Low Value,39.086556566587895,41.269841269841265,40.423692174664936,40.00896909917931,Low Performance
C0109,48,3451,57909360,30,1,Retail,Mining,Chennai,Tamil Nadu,South,1206445.0,71.89583333333333,0.227565004404522,High Value,67.4328941549206,76.19047619047619,74.60008646779075,71.49360722816131,High Performance
C0110,44,3776,74097790,30,1,Dealer,Logistics,Indore,Madhya Pradesh,Central,1684040.6818181819,85.81818181818181,0.291180284287641,High Value,86.2836064875097,69.84126984126983,81.62559446606139,80.41930308934808,High Performance
C0111,39,2663,46609900,30,1,Corporate,Construction,Chennai,Tamil Nadu,South,1195125.641025641,68.28205128205128,0.18316179109550387,Medium Value,54.2751716349729,61.904761904761905,57.565931690445304,57.222200727004086,Medium Performance
C0112,40,2724,47047550,30,1,Fleet Owner,Mining,Hyderabad,Telangana,South,1176188.75,68.1,0.18488161366266126,Medium Value,54.784795746289284,63.49206349206349,58.884565499351496,58.21693002063398,Medium Performance
C0113,42,2941,65271430,30,1,Corporate,Logistics,Chennai,Tamil Nadu,South,1554081.6666666667,70.02380952380952,0.2564955519356361,High Value,76.00569977859037,66.66666666666666,63.57544314742758,70.7179385187807,High Performance
C0114,36,2643,43340450,30,1,Retail,Mining,Kolkata,West Bengal,East,1203901.388888889,73.41666666666667,0.17031391290015924,Medium Value,50.468041392214126,57.14285714285714,57.13359273670557,53.80359638630532,Medium Performance
C0115,33,2177,38312450,30,1,Fleet Owner,Mining,Visakhapatnam,Andhra Pradesh,South,1160983.3333333333,65.96969696969697,0.1505555035144237,Low Value,44.61315728002672,52.38095238095239,47.06009511456982,47.432883377213045,Low Performance
C0116,40,3001,60134220,30,1,Dealer,Construction,Delhi,Delhi,North,1503355.5,75.025,0.23630798266743913,High Value,70.02364544088745,63.49206349206349,64.87246000864678,67.03393376979213,High Performance
C0117,35,2207,35972400,30,1,Government,Mining,Guwahati,Assam,North East,1027782.8571428572,63.05714285714286,0.14135986590839938,Low Value,41.88827232244435,55.55555555555556,47.70860354517942,47.15252353692473,Low Performance
C0118,39,2549,42906280,30,1,Retail,Rental,Chennai,Tamil Nadu,South,1100161.0256410257,65.35897435897436,0.16860776560441443,Low Value,49.962469587323824,61.904761904761905,55.10159965412884,54.57298329591625,Medium Performance
C0119,58,3605,65855380,30,1,Government,Manufacturing,Surat,Gujarat,West,1135437.5862068965,62.1551724137931,0.2587902860567181,High Value,76.68568378362454,92.06349206349206,77.92909641158668,81.54770879317724,High Performance
C0120,36,2534,41105250,30,1,Fleet Owner,Construction,Bengaluru,Karnataka,South,1141812.5,70.38888888888889,0.1615303017905737,Low Value,47.86524963255595,57.14285714285714,54.77734543882404,52.03095104689993,Low Performance
C0121,36,1978,39128960,30,1,Government,Construction,Pune,Maharashtra,West,1086915.5555555555,54.94444444444444,0.15376412301473136,Low Value,45.5639471420876,57.14285714285714,42.75832252485949,48.47649521887284,Low Performance
C0122,33,2233,42300750,29,1,Dealer,Rental,Guwahati,Assam,North East,1281840.9090909092,67.66666666666667,0.1662282290818718,Low Value,49.25735662462438,52.38095238095239,48.27064418504107,49.99709286360612,Low Performance
C0123,37,2661,55075400,30,1,Corporate,Infrastructure,Kolkata,West Bengal,East,1488524.3243243243,71.91891891891892,0.21642846067683724,Medium Value,64.13287279879995,58.730158730158735,57.52269779507133,61.190023577461865,Medium Performance
C0124,47,3341,51329600,30,1,Dealer,Construction,Pune,Maharashtra,West,1092119.1489361702,71.08510638297872,0.20170868146500587,Medium Value,59.77105400257252,74.60317460317461,72.22222222222221,66.71092382668309,Medium Performance
C0125,36,2036,38490080,30,1,Government,Mining,Surat,Gujarat,West,1069168.888888889,56.55555555555556,0.15125353180781836,Low Value,44.819999576138066,57.14285714285714,44.01210549070471,48.35527802906712,Low Performance
C0126,39,2621,55322000,30,1,Dealer,Manufacturing,Hyderabad,Telangana,South,1418512.8205128205,67.2051282051282,0.21739751870279633,Medium Value,64.4200276162354,61.904761904761905,56.65801988759187,62.11304635706465,Medium Performance
C0127,31,2386,43586400,30,1,Government,Construction,Kolkata,West Bengal,East,1406012.9032258065,76.96774193548387,0.17128041663691773,Medium Value,50.754439313334345,49.2063492063492,51.57803718115003,50.454731854801935,Low Performance
C0128,39,2697,57387360,30,1,Retail,Mining,Ahmedabad,Gujarat,West,1471470.7692307692,69.15384615384616,0.22551371369263773,Medium Value,66.82504819100616,61.904761904761905,58.30090791180286,63.64413424929222,Medium Performance
C0129,40,3191,64690070,30,1,Corporate,Mining,Delhi,Delhi,North,1617251.75,79.775,0.2542109956745997,High Value,75.32873171425837,63.49206349206349,68.97968006917424,70.50792091858307,High Performance
C0130,41,2666,47762000,30,1,Government,Mining,Pune,Maharashtra,West,1164926.8292682928,65.02439024390245,0.1876891704617143,Medium Value,55.61674124230207,65.07936507936508,57.63078253350626,58.858336651661816,Medium Performance
C0131,39,2892,57656260,30,1,Corporate,Rental,Hyderabad,Telangana,South,1478365.641025641,74.15384615384616,0.22657040348655666,Medium Value,67.13817037433297,61.904761904761905,62.51621271076524,64.64375630074811,Medium Performance
C0132,39,2419,40004370,30,1,Corporate,Construction,Indore,Madhya Pradesh,Central,1025753.0769230769,62.02564102564103,0.15720420041337232,Low Value,46.58332345486604,61.904761904761905,52.291396454820585,52.32136958982571,Low Performance
C0133,31,2030,42807750,30,1,Government,Mining,Visakhapatnam,Andhra Pradesh,South,1380895.1612903227,65.48387096774194,0.16822057465835705,Low Value,49.8477357504953,49.2063492063492,43.88240380458279,48.46225339806897,Low Performance
C0134,50,3863,71908050,30,1,Fleet Owner,Infrastructure,Ahmedabad,Gujarat,West,1438161.0,77.26,0.28257531623507126,High Value,83.73375089168208,79.36507936507937,83.50626891482923,82.3776530383307,High Performance
C0135,45,3145,61465530,30,1,Retail,Rental,Bengaluru,Karnataka,South,1365900.6666666667,69.88888888888889,0.24153959921463952,High Value,71.57389718460189,71.42857142857143,67.98530047557286,70.81258011598695,High Performance
C0136,42,2411,41124050,30,1,Dealer,Mining,Ahmedabad,Gujarat,West,979144.0476190476,57.404761904761905,0.16160417969360708,Low Value,47.88714140290383,66.66666666666666,52.11846087332469,54.367262876116854,Medium Performance
C0137,28,2094,44868410,30,1,Dealer,Infrastructure,Chennai,Tamil Nadu,South,1602443.2142857143,74.78571428571429,0.17631830017244013,Medium Value,52.247283382679086,44.44444444444444,45.26588845654994,48.51015271598286,Low Performance
C0138,41,2943,54457080,30,1,Corporate,Mining,Hyderabad,Telangana,South,1328221.463414634,71.78048780487805,0.21399866360217773,Medium Value,63.412866445528735,65.07936507936508,63.61867704280155,63.9539781551342,Medium Performance
C0139,36,2222,38021440,30,1,Government,Mining,Ahmedabad,Gujarat,West,1056151.111111111,61.72222222222222,0.14941192859092672,Low Value,44.274288977423765,57.14285714285714,48.03285776048422,48.88657318366587,Low Performance
C0140,44,3053,58201560,30,1,Retail,Logistics,Pune,Maharashtra,West,1322762.7272727273,69.38636363636364,0.22871325564209397,High Value,67.77314816000835,69.84126984126983,65.99654128837008,68.03826329005913,High Performance
C0141,40,2727,59888120,30,1,Corporate,Rental,Ahmedabad,Gujarat,West,1497203.0,68.175,0.2353408894793267,High Value,69.73707285138678,63.49206349206349,58.949416342412455,65.70603874179493,Medium Performance
C0142,48,3418,68942040,30,1,Retail,Manufacturing,Ahmedabad,Gujarat,West,1436292.5,71.20833333333333,0.2709198588320909,High Value,80.27996313798499,76.19047619047619,73.8867271941202,77.7744698649594,High Performance
C0143,29,2049,39164970,30,1,Corporate,Infrastructure,Chennai,Tamil Nadu,South,1350516.2068965517,70.65517241379311,0.15390563063644583,Low Value,45.60587919795074,46.03174603174603,44.29312581063554,45.47108857062629,Low Performance
C0144,31,2282,42387320,30,1,Fleet Owner,Construction,Mumbai,Maharashtra,West,1367332.9032258065,73.61290322580645,0.16656842110663772,Low Value,49.358163569252866,49.2063492063492,49.32987462170342,49.306961470871876,Low Performance
C0145,37,1984,29769500,30,1,Retail,Construction,Pune,Maharashtra,West,804581.0810810811,53.62162162162162,0.11698448055064703,Low Value,34.66526900910162,58.730158730158735,42.888024210981406,43.52928696579471,Low Performance
C0146,33,2579,49274960,30,1,Retail,Mining,Ahmedabad,Gujarat,West,1493180.606060606,78.15151515151516,0.19363461259859624,Medium Value,57.37851639472352,52.38095238095239,55.750108084738436,55.553565528595165,Medium Performance
C0147,36,2494,45513830,30,1,Dealer,Rental,Delhi,Delhi,North,1264273.0555555555,69.27777777777777,0.1788545914583871,Medium Value,52.99884649001561,57.14285714285714,53.912667531344574,54.42481389413386,Medium Performance
C0148,40,2357,46876850,30,1,Government,Construction,Coimbatore,Tamil Nadu,South,1171921.25,58.925,0.18421081802182093,Medium Value,54.58602312935405,63.49206349206349,50.95114569822741,56.53085975194155,Medium Performance
C0149,42,2828,57543220,30,1,Government,Manufacturing,Surat,Gujarat,West,1370076.6666666667,67.33333333333333,0.22612619294619,Medium Value,67.00654028283701,66.66666666666666,61.1327280587981,65.72981575317812,Medium Performance
C0150,34,2121,35468440,29,1,Fleet Owner,Manufacturing,Ahmedabad,Gujarat,West,1043189.4117647059,62.38235294117647,0.13937946654602165,Low Value,41.30143314241691,53.96825396825397,45.849546044098574,46.01110197050436,Low Performance
C0151,31,2127,35615980,30,1,Government,Infrastructure,Kolkata,West Bengal,East,1148902.5806451612,68.61290322580645,0.13995925089780595,Low Value,41.473236961412965,49.2063492063492,45.97924773022049,44.69437278865534,Low Performance
C0152,41,3018,49749000,30,1,Corporate,Manufacturing,Chennai,Tamil Nadu,South,1213390.243902439,73.60975609756098,0.1954974360642315,Medium Value,57.93051505513349,65.07936507936508,65.23994811932555,61.537056675241374,Medium Performance
C0153,59,4256,85877020,30,1,Retail,Rental,Patna,Bihar,East,1455542.7118644067,72.13559322033899,0.33746883810401673,High Value,100.0,93.65079365079364,92.00172935581496,96.49558396640109,High Performance
C0154,46,3157,61178520,30,1,Fleet Owner,Logistics,Delhi,Delhi,North,1329967.8260869565,68.6304347826087,0.24041174299391563,High Value,71.2396867054772,73.01587301587301,68.2447038478167,71.17354602706384,High Performance
C0155,36,2002,35744630,30,1,Fleet Owner,Mining,Kolkata,West Bengal,East,992906.3888888889,55.611111111111114,0.14046480367574443,Low Value,41.62304420903287,57.14285714285714,43.27712926934717,46.60980510124301,Low Performance
C0156,36,2505,53295180,30,1,Government,Manufacturing,Chennai,Tamil Nadu,South,1480421.6666666667,69.58333333333333,0.2094327734141733,Medium Value,62.05988517067779,57.14285714285714,54.150453955901426,59.00289051937632,Medium Performance
C0157,38,2754,51879830,30,1,Dealer,Infrastructure,Chandigarh,Punjab,North,1365258.6842105263,72.47368421052632,0.20387090692171095,Medium Value,60.41177255568486,60.317460317460316,59.53307392996109,60.207739159072744,Medium Performance
C0158,37,2445,48735540,30,1,Corporate,Infrastructure,Kolkata,West Bengal,East,1317176.7567567567,66.08108108108108,0.19151486693613531,Medium Value,56.75038560956121,58.730158730158735,52.853437094682235,56.564927842764675,Medium Performance
C0159,36,2691,44984320,30,1,Dealer,Construction,Chennai,Tamil Nadu,South,1249564.4444444445,74.75,0.17677378888204645,Medium Value,52.38225546252071,57.14285714285714,58.17120622568094,54.968226119253686,Medium Performance
C0160,49,3197,59980970,30,1,Retail,Rental,Ahmedabad,Gujarat,West,1224101.4285714286,65.24489795918367,0.23570575986744635,High Value,69.84519257887617,77.77777777777779,69.10938175529616,72.07780597383065,High Performance
C0161,43,3152,54232700,30,1,Dealer,Mining,Ahmedabad,Gujarat,West,1261225.5813953488,73.30232558139535,0.21311692297012294,Medium Value,63.15158583751509,68.25396825396825,68.13661910938175,65.67930721682438,Medium Performance
C0162,30,2375,53940730,30,1,Retail,Mining,Kolkata,West Bengal,East,1798024.3333333333,79.16666666666667,0.21196957555796042,Medium Value,62.81159965727735,47.61904761904761,51.340250756593164,55.95956426567159,Medium Performance
C0163,40,2598,40457330,30,1,Dealer,Logistics,Ahmedabad,Gujarat,West,1011433.25,64.95,0.15898418631539357,Low Value,47.110775385545516,63.49206349206349,56.16083009079118,53.835172758550044,Medium Performance
C0164,39,2466,46613620,30,1,Government,Construction,Delhi,Delhi,North,1195221.0256410257,63.23076923076923,0.18317640948908284,Medium Value,54.279503410807685,61.904761904761905,53.30739299610895,56.3726588760542,Medium Performance
C0165,51,3586,63180540,30,1,Fleet Owner,Manufacturing,Delhi,Delhi,North,1238834.1176470588,70.31372549019608,0.24827903232534565,High Value,73.57095064546954,80.95238095238095,77.51837440553395,76.57486448955584,High Performance
C0166,34,2812,58111030,30,1,Fleet Owner,Manufacturing,Ahmedabad,Gujarat,West,1709147.9411764706,82.70588235294117,0.2283575021015827,High Value,67.66772997013636,53.96825396825397,60.78685689580631,62.18171255470563,Medium Performance
C0167,35,2402,41587150,30,1,Retail,Mining,Vadodara,Gujarat,West,1188204.2857142857,68.62857142857143,0.16342401250715802,Low Value,48.42640091610072,55.55555555555556,51.923908344141815,51.26464879354539,Low Performance
C0168,38,3157,61195700,30,1,Dealer,Infrastructure,Pune,Maharashtra,West,1610413.1578947369,83.07894736842105,0.2404792548223259,High Value,71.25969205731639,60.317460317460316,68.2447038478167,67.37402489345962,High Performance
C0169,44,3130,63375830,30,1,Fleet Owner,Construction,Ahmedabad,Gujarat,West,1440359.7727272727,71.13636363636364,0.2490464586914833,High Value,73.79835723223745,69.84126984126983,67.66104626026805,71.38376882055329,High Performance
C0170,32,2167,37935380,30,1,Government,Construction,Bengaluru,Karnataka,South,1185480.625,67.71875,0.14907374070076435,Low Value,44.17407590528875,50.79365079365079,46.843925637699954,46.69391831827961,Low Performance
C0171,36,2524,53338800,30,1,Fleet Owner,Construction,Chennai,Tamil Nadu,South,1481633.3333333333,70.11111111111111,0.20960418586791355,Medium Value,62.11067873570835,57.14285714285714,54.56117596195417,59.11043170310215,Medium Performance
C0172,42,2786,56707730,30,1,Dealer,Manufacturing,Bengaluru,Karnataka,South,1350184.0476190476,66.33333333333333,0.2228429882012242,Medium Value,66.03364904837173,66.66666666666666,60.22481625594466,65.0617877753748,Medium Performance
C0173,36,2876,50058960,30,1,Retail,Logistics,Chennai,Tamil Nadu,South,1390526.6666666667,79.88888888888889,0.19671547834211583,Medium Value,58.291449796464754,57.14285714285714,62.170341547773454,58.72265035064421,Medium Performance
C0174,34,1916,29047310,30,1,Government,Mining,Ahmedabad,Gujarat,West,854332.6470588235,56.35294117647059,0.11414650806172812,Low Value,33.824310624658374,53.96825396825397,41.41807176826632,41.38624585645864,Low Performance
C0175,41,2665,53235590,30,1,Fleet Owner,Rental,Kolkata,West Bengal,East,1298429.024390244,65.0,0.20919860403961166,Medium Value,61.99049524541024,65.07936507936508,57.60916558581928,62.0408902636785,Medium Performance
C0176,44,2963,54048740,30,1,Dealer,Logistics,Chennai,Tamil Nadu,South,1228380.4545454546,67.3409090909091,0.21239401982958997,Medium Value,62.93737253574938,69.84126984126983,64.05101599654128,65.2312704195639,Medium Performance
C0177,30,2178,31520790,30,1,Dealer,Construction,Pune,Maharashtra,West,1050693.0,72.6,0.12386648229550479,Low Value,36.70456892891718,47.61904761904761,47.081712062256805,42.05434116262424,Low Performance
C0178,58,3957,76367620,30,1,Dealer,Logistics,Kolkata,West Bengal,East,1316683.103448276,68.22413793103448,0.30009998006648425,High Value,88.92672335393101,92.06349206349206,85.53826199740597,89.19006169549432,High Performance
C0179,35,2354,35257010,30,1,Government,Infrastructure,Chennai,Tamil Nadu,South,1007343.1428571428,67.25714285714285,0.13854861521419465,Low Value,41.05523223791417,55.55555555555556,50.88629485516645,47.371541756657045,Low Performance
C0180,31,2147,26408930,29,1,Fleet Owner,Logistics,Hyderabad,Telangana,South,851900.9677419355,69.25806451612904,0.10377853030613209,Low Value,30.752033547507818,49.2063492063492,46.41158668396022,39.42023887245072,Low Performance
C0181,40,2681,47189990,30,1,Government,Construction,Vadodara,Gujarat,West,1179749.75,67.025,0.18544135666840988,Medium Value,54.95066084035054,63.49206349206349,57.955036748811075,58.11395681755653,Medium Performance
C0182,32,2103,35873070,30,1,Dealer,Infrastructure,Kolkata,West Bengal,East,1121033.4375,65.71875,0.14096953122178738,Low Value,41.77260692092017,50.79365079365079,45.460440985732816,45.21648689570189,Low Performance
C0183,32,2115,32501510,30,1,Government,Mining,Ahmedabad,Gujarat,West,1015672.1875,66.09375,0.12772039384140346,Low Value,37.846574089319816,50.79365079365079,45.719844357976655,43.305351154350475,Low Performance
C0184,35,2846,57050360,30,1,Retail,Rental,Chennai,Tamil Nadu,South,1630010.2857142857,81.31428571428572,0.22418941298400752,Medium Value,66.43262656296179,55.55555555555556,61.52183311716386,62.187346571580335,Medium Performance
C0185,39,2520,45894360,30,1,Dealer,Logistics,Pune,Maharashtra,West,1176778.4615384615,64.61538461538461,0.1803499509499452,Medium Value,53.44195688206228,61.904761904761905,54.474708171206224,56.187348646700954,Medium Performance
C0186,42,2994,60717650,30,1,Fleet Owner,Infrastructure,Kolkata,West Bengal,East,1445658.3333333333,71.28571428571429,0.23860067335716068,High Value,70.70302392886944,66.66666666666666,64.72114137483787,68.29574023940229,High Performance
C0187,31,2049,38937400,30,1,Retail,Rental,Jaipur,Rajasthan,North,1256045.1612903227,66.09677419354838,0.15301135433892957,Low Value,45.340883975713176,49.2063492063492,44.29312581063554,46.29097191188846,Low Performance
C0188,45,2764,48293510,30,1,Corporate,Logistics,Pune,Maharashtra,West,1073189.111111111,61.422222222222224,0.18977783238944146,Medium Value,56.23566118153611,71.42857142857143,59.749243406830956,61.49625070070567,Medium Performance
C0189,41,3262,54638690,30,1,Government,Manufacturing,Visakhapatnam,Andhra Pradesh,South,1332650.975609756,79.5609756097561,0.21471233200483156,Medium Value,63.624343276000964,65.07936507936508,70.51448335495029,65.43887783280006,Medium Performance
C0190,38,2539,49869830,30,1,Retail,Manufacturing,Jaipur,Rajasthan,North,1312363.9473684211,66.8157894736842,0.1959722587782487,Medium Value,58.071216257853386,60.317460317460316,54.885430177258975,58.10793225961658,Medium Performance
C0191,31,2309,56028890,30,1,Corporate,Manufacturing,Visakhapatnam,Andhra Pradesh,South,1807383.5483870967,74.48387096774194,0.2201753671536083,Medium Value,65.24316982587426,49.2063492063492,49.913532209252054,57.3661961166923,Medium Performance
C0192,43,2799,59390920,30,1,Fleet Owner,Logistics,Patna,Bihar,East,1381184.1860465116,65.09302325581395,0.23338705472463542,High Value,69.15810539303763,68.25396825396825,60.505836575875485,67.15641048788439,High Performance
C0193,44,3001,57786600,30,1,Dealer,Infrastructure,Vadodara,Gujarat,West,1313331.8181818181,68.20454545454545,0.2270825974164168,High Value,67.28994555237246,69.84126984126983,64.87246000864678,67.57184573029653,High Performance
C0194,36,1845,39279180,30,1,Fleet Owner,Construction,Visakhapatnam,Andhra Pradesh,South,1091088.3333333333,51.25,0.15435443889737363,Low Value,45.738871702814095,57.14285714285714,39.88326848249027,47.98894669076224,Low Performance
C0195,33,2247,46367090,30,1,Fleet Owner,Logistics,Kolkata,West Bengal,East,1405063.3333333333,68.0909090909091,0.18220762654042227,Medium Value,53.99243010528312,52.38095238095239,48.57328145265888,52.42515705745905,Low Performance
C0196,54,3483,61286970,30,1,Fleet Owner,Rental,Guwahati,Assam,North East,1134943.888888889,64.5,0.24083791632285018,High Value,71.36597194453185,85.71428571428571,75.29182879377431,76.4556374453065,High Performance
C0197,50,3431,66821570,30,1,Government,Manufacturing,Ahmedabad,Gujarat,West,1336431.4,68.62,0.26258709941479363,High Value,77.81076940024234,79.36507936507937,74.16774751405102,77.54845801245519,High Performance
C0198,38,2497,51107370,30,1,Government,Mining,Ahmedabad,Gujarat,West,1344930.7894736843,65.71052631578948,0.2008353896356916,Medium Value,59.51227697467844,60.317460317460316,53.977518374405534,58.64688025745842,Medium Performance
C0199,38,2572,41788400,30,1,Government,Mining,Ahmedabad,Gujarat,West,1099694.7368421052,67.6842105263158,0.16421485974042757,Low Value,48.66074765985126,60.317460317460316,55.59878945092953,53.54536981534963,Medium Performance
C0200,52,3792,73304770,30,1,Retail,Logistics,Ranchi,Jharkhand,East,1409707.1153846155,72.92307692307692,0.28806397286936813,High Value,85.36016969382496,82.53968253968253,81.97146562905317,83.83628273462787,High Performance
C0201,49,3466,66387120,30,1,Dealer,Infrastructure,Chennai,Tamil Nadu,South,1354839.1836734693,70.73469387755102,0.26087985180985473,High Value,77.30487154770857,77.77777777777779,74.92434068309555,76.97063724380673,High Performance
C0202,35,2704,46256330,30,1,Government,Logistics,Chandigarh,Punjab,North,1321609.4285714286,77.25714285714285,0.18177237566063625,Medium Value,53.86345497316978,55.55555555555556,58.452226545611765,55.288839462373915,Medium Performance
C0203,37,2453,43333790,30,1,Government,Manufacturing,Ahmedabad,Gujarat,West,1171183.5135135136,66.29729729729729,0.1702877412600421,Medium Value,50.4602861161228,58.730158730158735,53.02637267617813,53.454465212344644,Medium Performance
C0204,33,2029,34104450,30,1,Retail,Rental,Coimbatore,Tamil Nadu,South,1033468.1818181818,61.484848484848484,0.13401942819716536,Low Value,39.71312698088499,52.38095238095239,43.86078685689581,44.34300657610737,Low Performance
C0205,39,2580,53896570,30,1,Retail,Construction,Lucknow,Uttar Pradesh,North,1381963.3333333333,66.15384615384616,0.21179604107934585,Medium Value,62.76017728607724,61.904761904761905,55.77172503242542,61.105862220952275,Medium Performance
C0206,46,3567,75741580,30,1,Retail,Construction,Pune,Maharashtra,West,1646556.0869565217,77.54347826086956,0.29763984589547277,High Value,88.19772740134671,73.01587301587301,77.1076523994812,81.42515608533151,High Performance
C0207,51,3583,79795630,30,1,Corporate,Rental,Kolkata,West Bengal,East,1564620.1960784313,70.25490196078431,0.313570947639753,High Value,92.91848971936847,80.95238095238095,77.45352356247298,86.23566385789312,High Performance
C0208,34,2464,40653790,30,1,Fleet Owner,Logistics,Jaipur,Rajasthan,North,1195699.705882353,72.47058823529412,0.15975621040209237,Low Value,47.339544385680824,53.96825396825397,53.26415910073498,50.5130802034636,Low Performance
C0209,46,3052,56741580,30,1,Corporate,Infrastructure,Ranchi,Jharkhand,East,1233512.608695652,66.34782608695652,0.2229760077234412,Medium Value,66.07306587955661,73.01587301587301,65.97492434068309,68.13627971267682,High Performance
C0210,32,2125,42817450,30,1,Retail,Infrastructure,Pune,Maharashtra,West,1338045.3125,66.40625,0.16825869251258174,Low Value,49.859030972430105,50.79365079365079,45.93601383484652,49.3548134912796,Low Performance
C0211,45,3416,50253990,30,1,Fleet Owner,Manufacturing,Hyderabad,Telangana,South,1116755.3333333333,75.91111111111111,0.1974818829925733,Medium Value,58.518553624706584,71.42857142857143,73.84349329874622,65.45654690067397,Medium Performance
C0212,35,2096,38459600,30,1,Retail,Infrastructure,Guwahati,Assam,North East,1098845.7142857143,59.885714285714286,0.15113375529268763,Low Value,44.78450696123363,55.55555555555556,45.30912235192391,48.12074461766827,Low Performance
C0213,32,2288,53323570,30,1,Fleet Owner,Rental,Mumbai,Maharashtra,West,1666361.5625,71.5,0.20954433690710514,Medium Value,62.092944072814824,50.79365079365079,49.45957630782534,56.17648253606772,Medium Performance
C0214,35,2449,42524620,30,1,Corporate,Rental,Pune,Maharashtra,West,1214989.142857143,69.97142857142858,0.16710796557932298,Low Value,49.518043360144546,55.55555555555556,52.93990488543018,52.01366932382497,Low Performance
C0215,53,3911,62827530,30,1,Corporate,Rental,Chennai,Tamil Nadu,South,1185425.0943396227,73.79245283018868,0.24689181750886624,High Value,73.15988607895338,84.12698412698413,84.54388240380459,78.72681475833285,High Performance
C0216,46,3001,60089830,30,1,Government,Mining,Kolkata,West Bengal,East,1306300.652173913,65.23913043478261,0.2361335443634151,High Value,69.97195524483732,73.01587301587301,64.87246000864678,69.86523152890992,High Performance
C0217,38,2466,49708160,30,1,Corporate,Infrastructure,Delhi,Delhi,North,1308109.4736842106,64.89473684210526,0.19533694810891852,Medium Value,57.88295867742034,60.317460317460316,53.30739299610895,57.69819603317006,Medium Performance
C0218,45,2735,43621310,30,1,Fleet Owner,Construction,Nagpur,Maharashtra,West,969362.4444444445,60.77777777777778,0.17141760161536956,Medium Value,50.79509046774097,71.42857142857143,59.12235192390835,58.65058704722358,Medium Performance
C0219,48,3279,62317920,30,1,Government,Manufacturing,Pune,Maharashtra,West,1298290.0,68.3125,0.24488921547882156,High Value,72.56646772326287,76.19047619047619,70.88197146562905,73.3167710119001,High Performance
C0220,47,2805,43066280,30,1,Government,Infrastructure,Indore,Madhya Pradesh,Central,916303.8297872341,59.680851063829785,0.16923651371533682,Medium Value,50.148782526454696,74.60317460317461,60.635538261997404,59.582451296579215,Medium Performance
C0221,44,2968,64336800,30,1,Dealer,Logistics,Delhi,Delhi,North,1462200.0,67.45454545454545,0.25282275914244,High Value,74.91736438921612,69.84126984126983,64.15910073497622,71.24288329398425,High Performance
C0222,44,2779,48043620,30,1,Fleet Owner,Logistics,Delhi,Delhi,North,1091900.4545454546,63.15909090909091,0.18879584573045152,Medium Value,55.94467530428978,69.84126984126983,60.073497622135754,60.93941812895299,Medium Performance
C0223,34,2430,43216770,30,1,Corporate,Logistics,Ahmedabad,Gujarat,West,1271081.4705882352,71.47058823529412,0.16982789061041623,Medium Value,50.32402149026597,53.96825396825397,52.52918287937744,51.85832351148467,Low Performance
C0224,40,2639,45785060,30,1,Retail,Manufacturing,Kolkata,West Bengal,East,1144626.5,65.975,0.17992043739667135,Medium Value,53.31468185551851,63.49206349206349,57.04712494595763,57.11438496456983,Medium Performance
C0225,51,2972,56839930,30,1,Fleet Owner,Logistics,Delhi,Delhi,North,1114508.431372549,58.27450980392157,0.22336249132787378,Medium Value,66.18759011432861,80.95238095238095,64.24556852572417,70.22862304802342,High Performance
C0226,28,2327,39194740,30,1,Dealer,Logistics,Ahmedabad,Gujarat,West,1399812.142857143,83.10714285714286,0.15402261708183435,Low Value,45.64054504918778,44.44444444444444,50.30263726761781,46.21413331145078,Low Performance
C0227,39,2412,51113410,30,1,Fleet Owner,Infrastructure,Kolkata,West Bengal,East,1310600.2564102565,61.84615384615385,0.20085912487687896,Medium Value,59.51931028813063,61.904761904761905,52.14007782101168,58.75909927969623,Medium Performance
C0228,36,2375,51601040,30,1,Government,Construction,Chennai,Tamil Nadu,South,1433362.2222222222,65.97222222222223,0.20277535263518567,Medium Value,60.08713390380803,57.14285714285714,51.340250756593164,57.45447424607979,Medium Performance
C0229,29,1653,36130700,30,1,Government,Mining,Patna,Bihar,East,1245886.2068965517,57.0,0.1419819335706432,Low Value,42.07260568659695,46.03174603174603,35.73281452658885,41.992389558140054,Low Performance
C0230,41,3170,53600640,30,1,Dealer,Infrastructure,Delhi,Delhi,North,1307332.6829268292,77.3170731707317,0.210633132151438,Medium Value,62.415579860596004,65.07936507936508,68.52572416774751,64.43674428765704,Medium Performance
C0231,39,2916,52413100,30,1,Government,Infrastructure,Pune,Maharashtra,West,1343925.641025641,74.76923076923077,0.20596648507865828,Medium Value,61.032741937249334,61.904761904761905,63.035019455252915,61.69480343110382,Medium Performance
C0232,41,2856,49272940,30,1,Government,Mining,Chennai,Tamil Nadu,South,1201779.024390244,69.65853658536585,0.19362667465369585,Medium Value,57.376164193867,65.07936507936508,61.73800259403372,60.55949213954976,Medium Performance
C0233,34,2463,42607030,30,1,Government,Logistics,Kolkata,West Bengal,East,1253147.9411764706,72.44117647058823,0.16743181015320494,Low Value,49.61400616835564,53.96825396825397,53.24254215304799,51.64598770526361,Low Performance
C0234,33,2845,63256170,30,1,Corporate,Infrastructure,Surat,Gujarat,West,1916853.6363636365,86.21212121212122,0.24857623369802725,High Value,73.65901844288494,52.38095238095239,61.50021616947687,64.84383816962357,Medium Performance
C0235,43,2933,53090300,30,1,Fleet Owner,Mining,Bhubaneswar,Odisha,East,1234658.1395348837,68.20930232558139,0.20862766145813721,Medium Value,61.82131145212072,68.25396825396825,63.402507565931685,64.06734771543718,Medium Performance
C0236,47,2825,55730670,30,1,Corporate,Mining,Mumbai,Maharashtra,West,1185758.9361702127,60.1063829787234,0.21900345926836287,Medium Value,64.89590579645171,74.60317460317461,61.06787721573714,67.04248072232568,High Performance
C0237,46,2776,59754510,30,1,Dealer,Infrastructure,Coimbatore,Tamil Nadu,South,1299011.0869565217,60.34782608695652,0.23481584550994958,High Value,69.58148990265381,73.01587301587301,60.008646779074795,68.69723621190377,High Performance
C0238,32,1995,30976180,30,1,Corporate,Construction,Chennai,Tamil Nadu,South,968005.625,62.34375,0.12172634161619583,Low Value,36.07039461779181,50.79365079365079,43.125810635538265,41.8984546740988,Low Performance
C0239,38,2334,43671220,30,1,Government,Logistics,Chennai,Tamil Nadu,South,1149242.6315789474,61.421052631578945,0.17161373172922045,Medium Value,50.8532084601911,60.317460317460316,50.45395590142672,53.61263350561899,Medium Performance
C0240,50,3799,81776260,30,1,Corporate,Manufacturing,Hyderabad,Telangana,South,1635525.2,75.98,0.3213541812081041,High Value,95.22484594831073,79.36507936507937,82.12278426286208,87.8465036362516,High Performance
C0241,46,3441,71234710,30,1,Government,Construction,Ahmedabad,Gujarat,West,1548580.652173913,74.80434782608695,0.27992930840376834,High Value,82.94967617646724,73.01587301587301,74.38391699092088,78.2563833911797,High Performance
C0242,50,3189,60722930,30,1,Government,Construction,Chennai,Tamil Nadu,South,1214458.6,63.78,0.23862142204482106,High Value,70.70917225586076,79.36507936507937,68.93644617380026,72.95139917221425,High Performance
C0243,34,2421,39757700,30,1,Government,Construction,Delhi,Delhi,North,1169344.1176470588,71.20588235294117,0.15623486731011468,Low Value,46.296087125519726,53.96825396825397,52.33463035019456,49.805445823274965,Low Performance
C0244,48,3292,64972160,30,1,Government,Logistics,Lucknow,Uttar Pradesh,North,1353586.6666666667,68.58333333333333,0.25531951789091273,High Value,75.65721307050478,76.19047619047619,71.16299178555988,74.91834774950723,High Performance
C0245,37,2417,46663320,30,1,Dealer,Logistics,Chennai,Tamil Nadu,South,1261170.810810811,65.32432432432432,0.1833717143710381,Medium Value,54.33737686752521,58.730158730158735,52.24816255944661,55.23736856469955,Medium Performance
C0246,37,2548,61368980,30,1,Retail,Manufacturing,Delhi,Delhi,North,1658621.0810810812,68.86486486486487,0.2411601890264548,High Value,71.4614689703951,58.730158730158735,55.079982706441854,64.36577864553354,Medium Performance
C0247,42,2998,55849110,30,1,Corporate,Logistics,Bhubaneswar,Odisha,East,1329740.7142857143,71.38095238095238,0.21946889005747314,Medium Value,65.03382394964335,66.66666666666666,64.80760916558582,65.47843380793883,Medium Performance
C0248,30,1809,35510400,30,1,Fleet Owner,Rental,Pune,Maharashtra,West,1183680.0,60.3,0.13954435573811103,Low Value,41.35029371070399,47.61904761904761,39.10505836575876,42.781872814218026,Low Performance
C0249,40,2725,52709760,30,1,Corporate,Construction,Ahmedabad,Gujarat,West,1317744.0,68.125,0.20713226266982224,Medium Value,61.37818941551535,63.49206349206349,58.90618244703848,61.517950244784416,Medium Performance
C0250,45,3308,63230590,30,1,Government,Infrastructure,Patna,Bihar,East,1405124.2222222222,73.5111111111111,0.24847571259379353,High Value,73.6292316617414,71.42857142857143,71.50886294855167,72.54495984915246,High Performance
C0251,39,2446,50171060,30,1,Dealer,Mining,Chandigarh,Punjab,North,1286437.435897436,62.717948717948715,0.19715599498733083,Medium Value,58.42198529944332,61.904761904761905,52.87505404236922,58.35743202962408,Medium Performance
C0252,38,2324,39885550,30,1,Retail,Construction,Chennai,Tamil Nadu,South,1049619.7368421052,61.1578947368421,0.1567372763474986,Low Value,46.44496280844398,60.317460317460316,50.23778642455685,51.36527678437145,Low Performance
C0253,40,3155,59006480,30,1,Retail,Rental,Pune,Maharashtra,West,1475162.0,78.875,0.23187633020111667,High Value,68.71044197854094,63.49206349206349,68.20146995244272,67.04313402737806,High Performance
C0254,52,3634,75547750,30,1,Dealer,Mining,Ahmedabad,Gujarat,West,1452841.3461538462,69.88461538461539,0.29687815685584723,High Value,87.97202092014838,82.53968253968253,78.5559878945093,84.45911280088082,High Performance
C0255,49,3492,60102490,30,1,Retail,Infrastructure,Chennai,Tamil Nadu,South,1226581.4285714286,71.26530612244898,0.23618329405769187,High Value,69.98669725614606,77.77777777777779,75.4863813229572,73.42395822599781,High Performance
C0256,34,2639,49845250,30,1,Corporate,Infrastructure,Guwahati,Assam,North East,1466036.7647058824,77.61764705882354,0.1958756673497082,Medium Value,58.0425939325794,53.96825396825397,57.04712494595763,56.621198145957415,Medium Performance
C0257,45,3363,60172930,30,1,Corporate,Logistics,Delhi,Delhi,North,1337176.2222222222,74.73333333333333,0.23646010041352541,High Value,70.06872152759843,71.42857142857143,72.69779507133592,71.00249120663783,High Performance
C0258,31,2559,54371200,30,1,Corporate,Mining,Chennai,Tamil Nadu,South,1753909.677419355,82.54838709677419,0.21366118305364015,Medium Value,63.312862975450244,49.2063492063492,55.317769130998705,57.481890075829625,Medium Performance
C0259,37,2602,52219040,30,1,Fleet Owner,Logistics,Coimbatore,Tamil Nadu,South,1411325.4054054054,70.32432432432432,0.2052038922136233,Medium Value,60.806767631200984,58.730158730158735,56.247297881539126,59.27189101095594,Medium Performance
C0260,38,2743,52018150,30,1,Dealer,Logistics,Hyderabad,Telangana,South,1368898.6842105263,72.1842105263158,0.20441445966360333,Medium Value,60.57284009156349,60.317460317460316,59.29528750540424,60.24071564210069,Medium Performance
C0261,40,3010,57586180,30,1,Dealer,Manufacturing,Delhi,Delhi,North,1439654.5,75.25,0.22629501181397263,Medium Value,67.05656530699365,63.49206349206349,65.06701253782965,65.5893042086818,Medium Performance
C0262,30,2116,38179240,30,1,Corporate,Logistics,Delhi,Delhi,North,1272641.3333333333,70.53333333333333,0.1500320314153239,Low Value,44.45804011364158,47.61904761904761,45.74146130566364,45.6630266036678,Low Performance
C0263,40,2906,55123450,30,1,Government,Rental,Chennai,Tamil Nadu,South,1378086.25,72.65,0.21661728159389862,Medium Value,64.1888249033327,63.49206349206349,62.81884997838305,63.705801494962,Medium Performance
C0264,39,2551,56501370,30,1,Retail,Infrastructure,Pune,Maharashtra,West,1448753.076923077,65.41025641025641,0.22203206032516207,Medium Value,65.7933519351277,61.904761904761905,55.14483354950281,62.497071248892986,Medium Performance
C0265,33,2390,44129000,30,1,Retail,Mining,Ahmedabad,Gujarat,West,1337242.4242424243,72.42424242424242,0.1734126586680832,Medium Value,51.38627306816189,52.38095238095239,51.664504971897976,51.74032324274626,Low Performance
C0266,37,2667,46658690,30,1,Fleet Owner,Rental,Bengaluru,Karnataka,South,1261045.6756756757,72.08108108108108,0.1833535199725783,Medium Value,54.331985436849116,58.730158730158735,57.65239948119325,56.315520233710835,Medium Performance
C0267,33,2205,38686930,30,1,Fleet Owner,Infrastructure,Hyderabad,Telangana,South,1172331.2121212122,66.81818181818181,0.15202708846803753,Low Value,45.0492227140625,52.38095238095239,47.66536964980545,47.77197100127806,Low Performance
C0268,37,2712,54298750,30,1,Government,Mining,Pune,Maharashtra,West,1467533.7837837837,73.29729729729729,0.21337647804966312,Medium Value,63.22849814770005,58.730158730158735,58.62516212710766,60.95832911831918,Medium Performance
C0269,48,3360,58480890,30,1,Government,Mining,Chennai,Tamil Nadu,South,1218351.875,70.0,0.2298109319534936,High Value,68.09841561805476,76.19047619047619,72.63294422827497,71.43293951182524,High Performance
C0270,46,3044,57707880,30,1,Corporate,Manufacturing,Delhi,Delhi,North,1254519.1304347827,66.17391304347827,0.226773253345843,High Value,67.19827958632007,73.01587301587301,65.8019887591872,68.66429944975937,High Performance
C0271,28,1929,34224570,29,1,Corporate,Infrastructure,Hyderabad,Telangana,South,1222306.0714285714,68.89285714285714,0.13449146084144034,Low Value,39.85300141993749,44.44444444444444,41.69909208819715,41.599652460941506,Low Performance
C0272,43,3277,64345280,30,1,Government,Construction,Delhi,Delhi,North,1496401.8604651163,76.20930232558139,0.25285608279231886,High Value,74.92723897499005,68.25396825396825,70.83873757025508,72.10755747773652,High Performance
C0273,40,2755,50756990,30,1,Dealer,Manufacturing,Kolkata,West Bengal,East,1268924.75,68.875,0.1994585098662855,Medium Value,59.10427492709924,63.49206349206349,59.55469087764808,60.51069468669828,Medium Performance
C0274,42,2573,50332620,30,1,Dealer,Mining,Jaipur,Rajasthan,North,1198395.7142857143,61.26190476190476,0.1977908733923347,Medium Value,58.6101147897307,66.66666666666666,55.62040639861652,60.42913867458865,Medium Performance
C0275,47,2920,52499270,30,1,Fleet Owner,Construction,Vadodara,Gujarat,West,1117005.744680851,62.12765957446808,0.20630510523314693,Medium Value,61.133083099530005,74.60317460317461,63.12148724600086,65.57179137991756,Medium Performance
C0276,49,3459,62626530,30,1,Dealer,Manufacturing,Indore,Madhya Pradesh,Central,1278092.448979592,70.59183673469387,0.24610195269451998,High Value,72.92583044917022,77.77777777777779,74.77302204928664,74.75085296777577,High Performance
C0277,38,2337,35987190,30,1,Dealer,Logistics,Surat,Gujarat,West,947031.3157894737,61.5,0.14141798581190276,Low Value,41.90549462475526,60.317460317460316,50.51880674448768,49.15174675651326,Low Performance
C0278,45,3072,47124980,30,1,Fleet Owner,Logistics,Ahmedabad,Gujarat,West,1047221.7777777778,68.26666666666667,0.18518588845159073,Medium Value,54.87495956426993,71.42857142857143,66.40726329442282,62.14750386959095,Medium Performance
C0279,28,2104,30576800,30,1,Dealer,Rental,Nagpur,Maharashtra,West,1092028.5714285714,75.14285714285714,0.12015690773781972,Low Value,35.60533423260379,44.44444444444444,45.4820579334198,40.23241203631919,Low Performance
C0280,47,3026,50723520,30,1,Corporate,Construction,Pune,Maharashtra,West,1079223.829787234,64.38297872340425,0.19932698362083193,Medium Value,59.0653005891448,74.60317460317461,65.41288370082144,64.99617941568907,Medium Performance
C0281,31,2247,41345180,30,1,Government,Logistics,Visakhapatnam,Andhra Pradesh,South,1333715.4838709678,72.48387096774194,0.16247314887965875,Low Value,48.14463752934138,49.2063492063492,48.57328145265888,48.54887981710723,Low Performance
C0282,51,3781,61527530,30,1,Government,Logistics,Kolkata,West Bengal,East,1206422.156862745,74.13725490196079,0.24178323910762195,High Value,71.6460934485151,80.95238095238095,81.73367920449633,76.4554968508711,High Performance
C0283,33,2160,36153120,30,1,Retail,Logistics,Jaipur,Rajasthan,North,1095549.0909090908,65.45454545454545,0.1420700368996862,Low Value,42.09871278719266,52.38095238095239,46.69260700389105,46.10216350866026,Low Performance
C0284,45,3369,61309650,30,1,Corporate,Manufacturing,Kolkata,West Bengal,East,1362436.6666666667,74.86666666666666,0.24092704136757342,High Value,71.39238180365365,71.42857142857143,72.82749675745784,71.69026168188982,High Performance
C0285,51,2931,44949370,30,1,Government,Infrastructure,Pune,Maharashtra,West,881360.1960784313,57.470588235294116,0.17663644671656686,Medium Value,52.341557729879305,80.95238095238095,63.35927367055771,63.12834788476548,Medium Performance
C0286,39,2975,50682130,30,1,Dealer,Construction,Chennai,Tamil Nadu,South,1299541.7948717948,76.28205128205128,0.19916433434388767,Medium Value,59.017103760703385,61.904761904761905,64.31041936878513,60.94206432553729,Medium Performance
C0287,36,2332,43261120,30,1,Dealer,Manufacturing,Chennai,Tamil Nadu,South,1201697.7777777778,64.77777777777777,0.17000217172741255,Medium Value,50.3756651080813,57.14285714285714,50.410722006052744,52.41283409810834,Low Performance
C0288,63,4626,84094790,30,1,Dealer,Infrastructure,Delhi,Delhi,North,1334837.9365079366,73.42857142857143,0.3304652521932094,High Value,97.92467181558,100.0,100.0,98.96233590778999,High Performance
C0289,40,2569,45171030,30,1,Corporate,Logistics,Hyderabad,Telangana,South,1129275.75,64.225,0.17750749863073592,Medium Value,52.59967101792773,63.49206349206349,55.53393860786857,56.45424227815663,Medium Performance
C0290,46,2872,51960040,30,1,Corporate,Construction,Ahmedabad,Gujarat,West,1129566.0869565217,62.43478260869565,0.20418610620906774,Medium Value,60.505173560982904,73.01587301587301,62.08387375702551,64.57412343665845,Medium Performance
C0291,54,3766,73179030,30,1,Retail,Construction,Hyderabad,Telangana,South,1355167.2222222222,69.74074074074075,0.287569855447697,High Value,85.2137510127855,85.71428571428571,81.40942498919152,84.60304621851677,High Performance
C0292,31,1714,30669960,30,1,Corporate,Rental,Indore,Madhya Pradesh,Central,989353.5483870967,55.29032258064516,0.12052299632540427,Low Value,35.71381494141273,49.2063492063492,37.05144833549503,40.02910189971013,Low Performance
C0293,42,3173,57398730,30,1,Dealer,Logistics,Pune,Maharashtra,West,1366636.4285714286,75.54761904761905,0.22555839410527018,Medium Value,66.83828805424315,66.66666666666666,68.59057501080848,67.13725902928327,High Performance
C0294,51,4025,69115310,30,1,Government,Infrastructure,Hyderabad,Telangana,South,1355202.156862745,78.92156862745098,0.27160075373946285,High Value,80.48172840650503,80.95238095238095,87.00821444012105,81.92822137699102,High Performance
C0295,46,3270,63205470,30,1,Corporate,Mining,Kolkata,West Bengal,East,1374031.956521739,71.08695652173913,0.24837699914037875,High Value,73.59998053029786,73.01587301587301,70.68741893644618,72.84223595720007,High Performance
C0296,41,2593,46533710,30,1,Corporate,Manufacturing,Kolkata,West Bengal,East,1134968.536585366,63.24390243902439,0.18286238910443403,Medium Value,54.18645174227051,65.07936507936508,56.05274535235625,57.82758446541603,Medium Performance
C0297,39,3033,62422580,30,1,Fleet Owner,Rental,Chennai,Tamil Nadu,South,1600578.9743589743,77.76923076923077,0.24530049533687862,High Value,72.68833967457185,61.904761904761905,65.56420233463035,68.02843887564056,High Performance
C0298,37,2423,42797160,30,1,Fleet Owner,Construction,Chennai,Tamil Nadu,South,1156680.0,65.48648648648648,0.1681789593927654,Low Value,49.835404162836575,58.730158730158735,52.37786424556853,53.01232254957961,Medium Performance
C0299,37,2565,42381340,30,1,Retail,Logistics,Bengaluru,Karnataka,South,1145441.6216216215,69.32432432432432,0.16654492164599202,Low Value,49.35120012315286,58.730158730158735,55.447470817120625,53.38414184404818,Medium Performance
C0300,44,3058,60578170,30,1,Dealer,Mining,Delhi,Delhi,North,1376776.5909090908,69.5,0.23805256219146406,High Value,70.54060562418212,69.84126984126983,66.10462602680501,69.44360896983301,High Performance
C0301,47,2645,50854440,30,1,Dealer,Mining,Ranchi,Jharkhand,East,1082009.3617021276,56.276595744680854,0.19984145676259416,Medium Value,59.21775115158863,74.60317460317461,57.176826632079546,63.425193283162606,Medium Performance
C0302,42,2575,51978350,30,1,Fleet Owner,Mining,Ahmedabad,Gujarat,West,1237579.761904762,61.30952380952381,0.2042580585710114,Medium Value,60.52649474795469,66.66666666666666,55.66364029399049,61.395975432775444,Medium Performance
C0303,31,1997,30524560,30,1,Corporate,Mining,Ahmedabad,Gujarat,West,984663.2258064516,64.41935483870968,0.11995162147960356,Low Value,35.544503057977565,49.2063492063492,43.16904453091224,41.167965197075986,Low Performance
C0304,51,3790,71638560,30,1,Dealer,Construction,Delhi,Delhi,North,1404677.6470588236,74.31372549019608,0.2815163079324933,High Value,83.41994167939222,80.95238095238095,81.9282317336792,82.38133147214624,High Performance
C0305,33,2044,41460360,30,1,Fleet Owner,Logistics,Delhi,Delhi,North,1256374.5454545454,61.93939393939394,0.162925768926009,Low Value,48.27875955639821,52.38095238095239,44.185041072200605,48.69067370692494,Low Performance
C0306,47,2868,57049240,30,1,Fleet Owner,Manufacturing,Kolkata,West Bengal,East,1213813.6170212766,61.02127659574468,0.22418501174723107,Medium Value,66.43132237238787,74.60317460317461,61.99740596627756,67.99609476040183,High Performance
C0307,48,3291,68834490,30,1,Dealer,Manufacturing,Ahmedabad,Gujarat,West,1434051.875,68.5625,0.27049722221128025,High Value,80.15472590921297,76.19047619047619,71.14137483787289,77.16278077932392,High Performance
C0308,36,2371,42189220,30,1,Retail,Mining,Delhi,Delhi,North,1171922.7777777778,65.86111111111111,0.16578995235180197,Low Value,49.12748486149147,57.14285714285714,51.25378296584522,51.957356166771916,Low Performance
C0309,32,1893,30418360,30,1,Government,Manufacturing,Ahmedabad,Gujarat,West,950573.75,59.15625,0.11953428992097885,Low Value,35.420837844629446,50.79365079365079,40.920881971465626,41.13269055470308,Low Performance
C0310,41,2987,51400980,30,1,Government,Infrastructure,Patna,Bihar,East,1253682.4390243902,72.85365853658537,0.20198918171599112,Medium Value,59.85417286254228,65.07936507936508,64.56982274102897,62.36486050328646,Medium Performance
C0311,46,3214,61951490,30,1,Government,Infrastructure,Chandigarh,Punjab,North,1346771.5217391304,69.8695652173913,0.24344926441453849,High Value,72.13977615897711,73.01587301587301,69.47686986597492,71.87002395744545,High Performance
C0312,40,2866,52920140,30,1,Government,Construction,Vadodara,Gujarat,West,1323003.5,71.65,0.20795898784217126,Medium Value,61.623167641355046,63.49206349206349,61.95417207090359,62.25003728247728,Medium Performance
C0313,32,2205,41705840,30,1,Corporate,Mining,Ahmedabad,Gujarat,West,1303307.5,68.90625,0.1638904257151916,Low Value,48.56461018325974,50.79365079365079,47.66536964980545,49.0534742596862,Low Performance
C0314,45,2829,54595560,30,1,Retail,Logistics,Kolkata,West Bengal,East,1213234.6666666667,62.86666666666667,0.21454284509218102,Medium Value,63.57412029434649,71.42857142857143,61.15434500648509,65.44650057704169,Medium Performance
C0315,42,2834,50056680,30,1,Dealer,Rental,Surat,Gujarat,West,1191825.7142857143,67.47619047619048,0.1967065186815352,Medium Value,58.28879483708215,66.66666666666666,61.26242974492002,61.39688336752508,Medium Performance
C0316,38,2180,40257180,30,1,Dealer,Manufacturing,Kolkata,West Bengal,East,1059399.4736842106,57.36842105263158,0.15819766172538663,Low Value,46.8777095432515,60.317460317460316,47.12494595763078,50.95908205839,Low Performance
C0317,38,2529,40944770,30,1,Corporate,Manufacturing,Coimbatore,Tamil Nadu,South,1077493.9473684211,66.55263157894737,0.16089966743531856,Low Value,47.678377754607695,60.317460317460316,54.6692607003891,52.86827911261976,Medium Performance
C0318,41,2957,58005460,30,1,Corporate,Logistics,Delhi,Delhi,North,1414767.3170731708,72.1219512195122,0.22794264623864474,High Value,67.54479836398608,65.07936507936508,63.92131431041936,66.08047156788643,Medium Performance
C0319,37,2936,54752580,30,1,Dealer,Mining,Bengaluru,Karnataka,South,1479799.4594594594,79.35135135135135,0.21515988276953746,Medium Value,63.756963154986046,58.730158730158735,63.467358408992645,62.19100087833917,Medium Performance
C0320,35,2146,42807100,30,1,Retail,Construction,Delhi,Delhi,North,1223060.0,61.31428571428572,0.16821802036915645,Low Value,49.84697885418008,55.55555555555556,46.38996973627324,50.868150041011354,Low Performance
C0321,42,2813,48683300,30,1,Retail,Logistics,Hyderabad,Telangana,South,1159126.1904761905,66.97619047619048,0.19130958067791917,Medium Value,56.68955443493498,66.66666666666666,60.808473843493296,60.50647198616615,Medium Performance
C0322,29,1995,32591500,30,1,Government,Construction,Ahmedabad,Gujarat,West,1123844.8275862068,68.79310344827586,0.12807402535704035,Low Value,37.95136347302224,46.03174603174603,43.125810635538265,41.41036767314259,Low Performance
C0323,40,2573,45380540,30,1,Government,Manufacturing,Ahmedabad,Gujarat,West,1134513.5,64.325,0.17833080498523185,Medium Value,52.8436361671609,63.49206349206349,55.62040639861652,56.593518410922805,Medium Performance
C0324,38,2585,43386470,30,1,Corporate,Mining,Chennai,Tamil Nadu,South,1141749.2105263157,68.02631578947368,0.17049475657556326,Medium Value,50.52162965133164,60.317460317460316,55.879809770860355,54.53201487507599,Medium Performance
C0325,33,1858,44540760,30,1,Corporate,Rental,Kolkata,West Bengal,East,1349720.0,56.303030303030305,0.17503074193154192,Medium Value,51.865749417015174,52.38095238095239,40.1642888024211,49.680018183277525,Low Performance
C0326,47,3035,55349670,30,1,Government,Mining,Kolkata,West Bengal,East,1177652.5531914893,64.57446808510639,0.21750625282922895,Medium Value,64.45224811014634,74.60317460317461,65.60743623000432,67.72856368202642,High Performance
C0327,45,2718,48891270,30,1,Retail,Mining,Vadodara,Gujarat,West,1086472.6666666667,60.4,0.19212683533184746,Medium Value,56.931726322129016,71.42857142857143,58.754863813229576,61.64540735228185,Medium Performance
C0328,40,2732,53610980,30,1,Government,Rental,Kolkata,West Bengal,East,1340274.5,68.3,0.21067376499810633,Medium Value,62.42762033428734,63.49206349206349,59.05750108084739,62.07292943093219,Medium Performance
C0329,36,2480,50414010,30,1,Dealer,Infrastructure,Indore,Madhya Pradesh,Central,1400389.1666666667,68.88888888888889,0.19811070969700953,Medium Value,58.70488985295484,57.14285714285714,53.61003026372676,57.21730812207991,Medium Performance
C0330,41,2863,45803070,30,1,Retail,Infrastructure,Bhubaneswar,Odisha,East,1117148.0487804879,69.82926829268293,0.17999121085590705,Medium Value,53.33565370572943,65.07936507936508,61.88932122784263,58.569500622242764,Medium Performance
C0331,44,3434,54547840,30,1,Dealer,Logistics,Delhi,Delhi,North,1239723.6363636365,78.04545454545455,0.21435532096809842,Medium Value,63.518552460250724,69.84126984126983,74.23259835711198,67.55817685392871,High Performance
C0332,39,2412,41463910,30,1,Corporate,Mining,Bengaluru,Karnataka,South,1063177.1794871795,61.84615384615385,0.16293971927472006,Low Value,48.282893374735174,61.904761904761905,52.14007782101168,53.1408908229985,Medium Performance
C0333,42,2957,51934490,30,1,Corporate,Mining,Hyderabad,Telangana,South,1236535.4761904762,70.4047619047619,0.2040857029951048,Medium Value,60.475421713515445,66.66666666666666,63.92131431041936,63.021973718841586,Medium Performance
C0334,37,2057,34503010,30,1,Corporate,Mining,Chennai,Tamil Nadu,South,932513.7837837838,55.5945945945946,0.135585639741473,Low Value,40.17723251225998,58.730158730158735,44.46606139213143,46.60087615360389,Low Performance
C0335,43,3174,52685710,30,1,Government,Infrastructure,Guwahati,Assam,North East,1225249.0697674418,73.81395348837209,0.20703775396939922,Medium Value,61.35018425185225,68.25396825396825,68.61219195849546,64.87372099381568,Medium Performance
C0336,39,2261,36133900,30,1,Government,Rental,Kolkata,West Bengal,East,926510.2564102564,57.97435897435897,0.14199450853286166,Low Value,42.07633194537957,61.904761904761905,48.875918720276694,49.38477828817369,Low Performance
C0337,35,2775,58199500,30,1,Corporate,Manufacturing,Delhi,Delhi,North,1662842.857142857,79.28571428571429,0.22870516051016584,High Value,67.77074938091704,55.55555555555556,59.98702983138781,62.54944732340275,Medium Performance
C0338,38,2320,43157630,30,1,Corporate,Rental,Ahmedabad,Gujarat,West,1135727.105263158,61.05263157894737,0.16959548958991655,Medium Value,50.25515557013972,60.317460317460316,50.151318633808906,53.253079607069736,Medium Performance
C0339,27,1972,40846800,30,1,Fleet Owner,Logistics,Chennai,Tamil Nadu,South,1512844.4444444445,73.03703703703704,0.1605146771076494,Low Value,47.56429601306613,42.857142857142854,42.62862083873757,45.16501503142343,Low Performance
C0340,39,2785,55130110,30,1,Government,Mining,Hyderabad,Telangana,South,1413592.564102564,71.41025641025641,0.21664345323401574,Medium Value,64.19658017942402,61.904761904761905,60.20319930825767,62.71035852279211,Medium Performance
C0341,38,2834,55626730,30,1,Fleet Owner,Mining,Delhi,Delhi,North,1463861.3157894737,74.57894736842105,0.21859500877680493,Medium Value,64.77487225336883,60.317460317460316,61.26242974492002,62.73516017090651,Medium Performance
C0342,44,3725,78469470,30,1,Dealer,Infrastructure,Delhi,Delhi,North,1783397.0454545454,84.6590909090909,0.30835956892237293,High Value,91.3742349233823,69.84126984126983,80.52313013402508,82.74412444087713,High Performance
C0343,45,2906,59151480,30,1,Corporate,Construction,Pune,Maharashtra,West,1314477.3333333333,64.57777777777778,0.23244613317664006,High Value,68.87928807962828,71.42857142857143,62.81884997838305,68.43198546406218,High Performance
C0344,30,2125,39253370,30,1,Fleet Owner,Mining,Mumbai,Maharashtra,West,1308445.6666666667,70.83333333333333,0.15425301396773045,Low Value,45.708817096820546,47.61904761904761,45.93601383484652,46.32732560109386,Low Performance
C0345,44,2735,44678620,30,1,Retail,Infrastructure,Pune,Maharashtra,West,1015423.1818181818,62.15909090909091,0.1755724870226154,Medium Value,52.0262813031938,69.84126984126983,59.12235192390835,58.78999198875952,Medium Performance
C0346,39,2411,42873560,30,1,Retail,Construction,Patna,Bihar,East,1099322.0512820513,61.82051282051282,0.1684791866157308,Low Value,49.924368591271566,61.904761904761905,52.11846087332469,53.957305041729285,Medium Performance
C0347,27,1584,22852400,30,1,Retail,Mining,Delhi,Delhi,North,846385.1851851852,58.666666666666664,0.08980252081276495,Low Value,26.610611313713495,42.857142857142854,34.24124513618677,33.01069754123696,Low Performance
C0348,35,2618,43554630,30,1,Retail,Logistics,Delhi,Delhi,North,1244418.0,74.8,0.17115557084014268,Medium Value,50.717444550358174,55.55555555555556,56.59316904453091,53.34402275075194,Medium Performance
C0349,36,2751,51806430,30,1,Corporate,Rental,Ahmedabad,Gujarat,West,1439067.5,76.41666666666667,0.20358246872582533,Medium Value,60.32630149485858,57.14285714285714,59.46822308690013,59.199652507666464,Medium Performance
C0350,37,2189,39052200,30,1,Dealer,Logistics,Guwahati,Assam,North East,1055464.8648648649,59.16216216216216,0.15346248110851637,Low Value,45.47456350953957,58.730158730158735,47.31949848681366,49.82022907118014,Low Performance
C0351,38,2488,37753190,30,1,Corporate,Rental,Bhubaneswar,Odisha,East,993505.0,65.47368421052632,0.14835779308620842,Low Value,43.96192369041218,60.317460317460316,53.782965845222655,50.83279310948872,Low Performance
C0352,37,2463,41846330,30,1,Corporate,Mining,Bengaluru,Karnataka,South,1130981.8918918918,66.56756756756756,0.1644425058533384,Low Value,48.72820458837533,58.730158730158735,53.24254215304799,52.631658343844876,Low Performance
C0353,30,1935,28192110,30,1,Dealer,Manufacturing,Delhi,Delhi,North,939737.0,64.5,0.11078584940884804,Low Value,32.82846796500391,47.61904761904761,41.82879377431907,39.06570702308005,Low Performance
C0354,41,2800,48835850,30,1,Corporate,Logistics,Hyderabad,Telangana,South,1191118.2926829269,68.29268292682927,0.1919090527049267,Medium Value,56.867192177837566,65.07936507936508,60.52745352356247,60.0628963174408,Medium Performance
C0355,40,2851,57761570,30,1,Government,Infrastructure,Hyderabad,Telangana,South,1444039.25,71.275,0.22698423763381437,High Value,67.26079922195717,63.49206349206349,61.62991785559879,65.00400222971739,Medium Performance
C0356,45,3218,62479450,30,1,Dealer,Mining,Bhubaneswar,Odisha,East,1388432.2222222222,71.5111111111111,0.2455239759935546,High Value,72.75456227987416,71.42857142857143,69.56333765672287,71.7185200998531,High Performance
C0357,32,2173,48125180,30,1,Corporate,Mining,Ahmedabad,Gujarat,West,1503911.875,67.90625,0.1891163500799942,Medium Value,56.03964832501175,50.79365079365079,46.97362732382187,52.65264486536549,Low Performance
C0358,40,2669,53790030,30,1,Government,Infrastructure,Pune,Maharashtra,West,1344750.75,66.725,0.2113773734309854,Medium Value,62.63611615773347,63.49206349206349,57.69563337656722,61.904803801799225,Medium Performance
C0359,52,3851,78412380,30,1,Fleet Owner,Mining,Hyderabad,Telangana,South,1507930.3846153845,74.0576923076923,0.30813522373704444,High Value,91.30775613778866,82.53968253968253,83.2468655425854,87.06515593931617,High Performance
C0360,34,2454,47187810,30,1,Dealer,Construction,Ahmedabad,Gujarat,West,1387876.7647058824,72.17647058823529,0.18543278997539858,Medium Value,54.94812232655488,53.96825396825397,53.047989623865114,54.27413527852666,Medium Performance
C0361,35,2366,46126450,30,1,Government,Logistics,Hyderabad,Telangana,South,1317898.5714285714,67.6,0.18126198938159502,Medium Value,53.71221544483029,55.55555555555556,51.145698227410286,53.751914034563875,Medium Performance
C0362,42,2667,44698950,30,1,Corporate,Rental,Vadodara,Gujarat,West,1064260.7142857143,63.5,0.17565237732945949,Medium Value,52.049954691022116,66.66666666666666,57.65239948119325,57.55545724174971,Medium Performance
C0363,37,2801,50237880,30,1,Fleet Owner,Logistics,Visakhapatnam,Andhra Pradesh,South,1357780.5405405406,75.70270270270271,0.19741857591715478,Medium Value,58.49979424064785,58.730158730158735,60.54907047124946,58.978758833621434,Medium Performance
C0364,38,2656,48290310,30,1,Government,Infrastructure,Kolkata,West Bengal,East,1270797.6315789474,69.89473684210526,0.18976525742722303,Medium Value,56.23193492275349,60.317460317460316,57.4146130566364,57.694128167942125,Medium Performance
C0365,47,3234,52500540,30,1,Government,Manufacturing,Kolkata,West Bengal,East,1117032.7659574468,68.80851063829788,0.20631009592127736,Medium Value,61.134561958484355,74.60317460317461,69.90920881971465,66.93007512413749,Medium Performance
C0366,30,1771,36772070,30,1,Corporate,Logistics,Kolkata,West Bengal,East,1225735.6666666667,59.03333333333333,0.14450230967003244,Low Value,42.819452747661714,47.61904761904761,38.28361435365327,43.352163530275796,Low Performance
C0367,31,2403,48346630,30,1,Fleet Owner,Logistics,Chennai,Tamil Nadu,South,1559568.7096774194,77.51612903225806,0.18998657676226768,Medium Value,56.297517077327555,49.2063492063492,51.9455252918288,53.2997683589343,Medium Performance
C0368,33,2185,42468360,30,1,Fleet Owner,Construction,Chennai,Tamil Nadu,South,1286920.0,66.21212121212122,0.1668868820248199,Low Value,49.45253107292265,52.38095238095239,47.23303069606571,49.88715738996019,Low Performance
C0369,46,3047,59977870,30,1,Government,Manufacturing,Pune,Maharashtra,West,1303866.7391304348,66.23913043478261,0.2356935778727972,High Value,69.84158276568051,73.01587301587301,65.86683960224816,69.9989212080518,High Performance
C0370,41,2621,45980090,30,1,Corporate,Infrastructure,Kolkata,West Bengal,East,1121465.6097560977,63.926829268292686,0.18068684204712876,Medium Value,53.54178568376034,65.07936507936508,56.65801988759187,57.626306343208064,Medium Performance
C0371,51,3092,71366470,30,1,Retail,Rental,Hyderabad,Telangana,South,1399342.549019608,60.627450980392155,0.2804470824731129,High Value,83.10310488184149,80.95238095238095,66.83960224816255,79.20518717626753,High Performance
C0372,37,2270,41848360,30,1,Government,Logistics,Hyderabad,Telangana,South,1131036.7567567567,61.351351351351354,0.16445048309499571,Low Value,48.73056843379055,58.730158730158735,49.07047124945957,51.79842608583481,Low Performance
C0373,43,3071,60942770,30,1,Corporate,Manufacturing,Hyderabad,Telangana,South,1417273.7209302327,71.4186046511628,0.23948532194922845,High Value,70.96516623422657,68.25396825396825,66.38564634673584,69.23590286265093,High Performance
C0374,46,3203,58464410,30,1,Corporate,Manufacturing,Pune,Maharashtra,West,1270965.4347826086,69.6304347826087,0.22974617089806865,High Value,68.07922538532426,73.01587301587301,69.23908344141807,69.79219128570764,High Performance
C0375,44,3155,65579710,30,1,Fleet Owner,Mining,Surat,Gujarat,West,1490447.9545454546,71.70454545454545,0.25770699235835576,High Value,76.36467823406076,69.84126984126983,68.20146995244272,72.77501405989987,High Performance
C0376,35,2814,49197710,30,1,Retail,Construction,Delhi,Delhi,North,1405648.857142857,80.4,0.19333104515129154,Medium Value,57.28856217879941,55.55555555555556,60.83009079118028,57.476965914302426,Medium Performance
C0377,40,2878,56674980,30,1,Dealer,Logistics,Nagpur,Maharashtra,West,1416874.5,71.95,0.22271429132226978,Medium Value,65.99551311864337,63.49206349206349,62.21357544314743,64.48809069557022,Medium Performance
C0378,42,2762,49279070,30,1,Retail,Manufacturing,Delhi,Delhi,North,1173311.1904761905,65.76190476190476,0.19365076356569555,Medium Value,57.38330230834745,66.66666666666666,59.70600951145698,60.63285305646512,Medium Performance
C0379,44,3010,52506820,30,1,Retail,Mining,Vadodara,Gujarat,West,1193336.8181818181,68.4090909090909,0.20633477428463107,Medium Value,61.141874741345234,69.84126984126983,65.06701253782965,64.5367208306195,Medium Performance
C0380,58,4063,71455250,30,1,Fleet Owner,Manufacturing,Hyderabad,Telangana,South,1231987.0689655172,70.05172413793103,0.28079595908116095,High Value,83.20648527394174,92.06349206349206,87.82965845222654,86.78822194646379,High Performance
C0381,34,2374,53603960,30,1,Corporate,Mining,Chennai,Tamil Nadu,South,1576587.0588235294,69.82352941176471,0.21064617867473964,Medium Value,62.419445854082966,53.96825396825397,51.31863380890618,57.66392587929891,Medium Performance
C0382,37,2710,39722420,30,1,Retail,Manufacturing,Hyderabad,Telangana,South,1073578.9189189188,73.24324324324324,0.15609622835165632,Low Value,46.255005122441375,58.730158730158735,58.581928231733684,52.462935826615045,Low Performance
C0383,43,2872,56328200,30,1,Fleet Owner,Infrastructure,Lucknow,Uttar Pradesh,North,1309958.1395348837,66.79069767441861,0.22135155838535941,Medium Value,65.59170311219462,68.25396825396825,62.08387375702551,65.68881678369289,Medium Performance
C0384,42,3384,64311810,30,1,Retail,Construction,Chennai,Tamil Nadu,South,1531233.5714285714,80.57142857142857,0.2527245565468653,High Value,74.88826463703562,66.66666666666666,73.15175097276264,72.07448251307034,High Performance
C0385,42,2949,60053350,30,1,Corporate,Manufacturing,Ahmedabad,Gujarat,West,1429841.6666666667,70.21428571428571,0.23599018979412484,High Value,69.92947589471548,66.66666666666666,63.74837872892347,67.71441369314243,High Performance
C0386,38,2488,42278620,30,1,Retail,Construction,Delhi,Delhi,North,1112595.2631578948,65.47368421052632,0.16614126535877985,Low Value,49.231587216230835,60.317460317460316,53.782965845222655,53.46762487239805,Medium Performance
C0387,38,2894,43291870,30,1,Dealer,Infrastructure,Kolkata,West Bengal,East,1139259.7368421052,76.15789473684211,0.17012300925498042,Medium Value,50.411472126070514,60.317460317460316,62.55944660613921,55.81286347950119,Medium Performance
C0388,34,2182,41959050,30,1,Fleet Owner,Infrastructure,Pune,Maharashtra,West,1234089.705882353,64.17647058823529,0.1648854588974832,Low Value,48.85946205399303,53.96825396825397,47.16817985300475,50.05384318807366,Low Performance
C0389,33,2232,44362320,30,1,Retail,Mining,Surat,Gujarat,West,1344312.7272727273,67.63636363636364,0.17432953060083575,Medium Value,51.657963911649475,52.38095238095239,48.249027237354085,51.19307311758127,Low Performance
C0390,35,2582,52697070,30,1,Fleet Owner,Construction,Delhi,Delhi,North,1505630.5714285714,73.77142857142857,0.2070823950852747,Medium Value,61.363412470530534,55.55555555555556,55.814958927799395,58.51136468749182,Medium Performance
C0391,35,2274,42554570,30,1,Government,Construction,Ahmedabad,Gujarat,West,1215844.857142857,64.97142857142858,0.1672256593663363,Low Value,49.552918813438104,55.55555555555556,49.15693904020752,51.274513881427225,Low Performance
C0392,34,1945,37128430,30,1,Fleet Owner,Logistics,Kolkata,West Bengal,East,1092012.6470588236,57.205882352941174,0.1459026889000843,Low Value,43.23441824134093,53.96825396825397,42.04496325118893,46.21667796138444,Low Performance
C0393,42,2367,45246830,30,1,Retail,Rental,Kolkata,West Bengal,East,1077305.4761904762,56.357142857142854,0.17780536804828542,Medium Value,52.687936772840985,66.66666666666666,51.16731517509727,56.57743142143994,Medium Performance
C0394,46,3405,66611310,30,1,Government,Construction,Hyderabad,Telangana,South,1448071.956521739,74.02173913043478,0.26176084580352776,High Value,77.565930909107,73.01587301587301,73.60570687418937,75.40886873415327,High Performance
C0395,44,2938,50643860,30,1,Corporate,Manufacturing,Kolkata,West Bengal,East,1150996.8181818181,66.77272727272727,0.19901394565510644,Medium Value,58.972540034575026,69.84126984126983,63.51059230436662,63.14076943054178,Medium Performance
C0396,40,2897,52935440,30,1,Government,Manufacturing,Ahmedabad,Gujarat,West,1323386.0,72.425,0.20801911188027822,Medium Value,61.640983816159434,63.49206349206349,62.62429744920017,62.39297044553879,Medium Performance
C0397,41,2720,47355040,30,1,Fleet Owner,Mining,Ahmedabad,Gujarat,West,1155000.975609756,66.34146341463415,0.18608994964158324,Medium Value,55.142854281622725,65.07936507936508,58.79809770860355,58.854856206341594,Medium Performance
C0398,43,3153,53653050,30,1,Government,Rental,Hyderabad,Telangana,South,1247745.3488372094,73.32558139534883,0.210839086454522,Medium Value,62.47660899272005,68.25396825396825,68.15823605706875,65.34614218396425,Medium Performance
C0399,42,2656,49461920,30,1,Fleet Owner,Rental,Chennai,Tamil Nadu,South,1177664.761904762,63.23809523809524,0.19436930476620903,Medium Value,57.59622306409794,66.66666666666666,57.4146130566364,60.281034143376246,Medium Performance
C0400,38,2330,42250310,30,1,Government,Infrastructure,Delhi,Delhi,North,1111850.2631578948,61.31578947368421,0.16603001623990352,Low Value,49.19862147056337,60.317460317460316,50.36748811067877,52.76804645265553,Low Performance
C0401,38,2505,48565440,30,1,Government,Logistics,Guwahati,Assam,North East,1278037.894736842,65.92105263157895,0.19084642910071098,Medium Value,56.5523116661477,60.317460317460316,54.150453955901426,57.20148471949223,Medium Performance
C0402,39,2501,40181870,30,1,Fleet Owner,Rental,Hyderabad,Telangana,South,1030304.358974359,64.12820512820512,0.15790171784892684,Low Value,46.79001437171434,61.904761904761905,54.06398616515348,52.77923299031643,Medium Performance
C0403,49,3658,66810710,30,1,Government,Construction,Kolkata,West Bengal,East,1363483.8775510204,74.65306122448979,0.2625444231367648,High Value,77.79812340949884,77.77777777777779,79.07479463899698,78.04735396588215,High Performance
C0404,35,2374,44973650,30,1,Government,Mining,Ahmedabad,Gujarat,West,1284961.4285714286,67.82857142857142,0.17673185924239931,Medium Value,52.36983071839242,55.55555555555556,51.31863380890618,53.11530878764412,Medium Performance
C0405,37,2259,44240650,30,1,Corporate,Infrastructure,Pune,Maharashtra,West,1195693.2432432433,61.054054054054056,0.17385140695923623,Medium Value,51.51628456599915,58.730158730158735,48.83268482490272,53.14372686702774,Medium Performance
C0406,37,2628,55494220,30,1,Dealer,Logistics,Pune,Maharashtra,West,1499843.7837837837,71.02702702702703,0.21807428745069038,Medium Value,64.62057020609238,58.730158730158735,56.809338521400775,61.29120042637397,Medium Performance
C0407,43,2773,51590180,30,1,Dealer,Logistics,Hyderabad,Telangana,South,1199771.6279069767,64.48837209302326,0.20273267635715683,Medium Value,60.07448791306452,68.25396825396825,59.943795936013835,62.5021936199255,Medium Performance
C0408,39,2900,54619740,30,1,Government,Infrastructure,Hyderabad,Telangana,South,1400506.1538461538,74.35897435897436,0.21463786465044415,Medium Value,63.602276837272655,61.904761904761905,62.68914829226113,62.91039664851712,Medium Performance
C0409,45,2971,47755320,30,1,Government,Logistics,Pune,Maharashtra,West,1061229.3333333333,66.02222222222223,0.18766292022808329,Medium Value,55.60896267709335,71.42857142857143,64.22395157803719,62.07784308272554,Medium Performance
C0410,42,2714,49311570,30,1,Corporate,Mining,Hyderabad,Telangana,South,1174085.0,64.61904761904762,0.19377847802572665,Medium Value,57.42114712410841,66.66666666666666,58.66839602248163,60.44425276655053,Medium Performance
C0411,46,3012,61125740,30,1,Corporate,Mining,Hyderabad,Telangana,South,1328820.4347826086,65.47826086956522,0.24020433471082508,High Value,71.17822672468141,73.01587301587301,65.11024643320363,70.51592455374333,High Performance
C0412,37,2070,38694470,30,1,Corporate,Infrastructure,Kolkata,West Bengal,East,1045796.4864864865,55.945945945945944,0.15205671822276476,Low Value,45.05800271131905,58.730158730158735,44.74708171206226,49.0974653171196,Low Performance
C0413,46,3109,54533070,30,1,Fleet Owner,Manufacturing,Chennai,Tamil Nadu,South,1185501.5217391304,67.58695652173913,0.2142972796581089,Medium Value,63.5013534470572,73.01587301587301,67.20709035884134,67.09685670005877,High Performance
C0414,44,2672,54269830,30,1,Dealer,Construction,Chennai,Tamil Nadu,South,1233405.2272727273,60.72727272727273,0.21326283182861389,Medium Value,63.19482208395214,69.84126984126983,57.76048421962818,64.10188883828266,Medium Performance
C0415,36,3025,57595000,30,1,Government,Infrastructure,Guwahati,Assam,North East,1599861.111111111,84.02777777777777,0.22632967155358724,Medium Value,67.06683580776324,57.14285714285714,65.39126675313446,63.75452839736566,Medium Performance
C0416,43,2911,42362580,30,1,Dealer,Manufacturing,Chennai,Tamil Nadu,South,985176.2790697674,67.69767441860465,0.16647120092998638,Low Value,49.32935493103976,68.25396825396825,62.92693471681798,57.72625488507395,Medium Performance
C0417,36,2290,44665420,30,1,Fleet Owner,Mining,Kolkata,West Bengal,East,1240706.111111111,63.611111111111114,0.17552061530346433,Medium Value,52.0109104857155,57.14285714285714,49.50281020319931,53.04887442635475,Medium Performance
C0418,32,2243,39210750,30,1,Government,Mining,Pune,Maharashtra,West,1225335.9375,70.09375,0.1540855311896835,Low Value,45.659187987659564,50.79365079365079,48.486813661910936,47.765051964307204,Low Performance
C0419,34,2293,49492260,30,1,Fleet Owner,Logistics,Mumbai,Maharashtra,West,1455654.705882353,67.44117647058823,0.19448853112674266,Medium Value,57.63155265518063,53.96825396825397,49.56766104626027,54.91978472731856,Medium Performance
C0420,54,4133,82700390,30,1,Retail,Rental,Chennai,Tamil Nadu,South,1531488.7037037036,76.53703703703704,0.3249857124065209,High Value,96.30095455105452,85.71428571428571,89.34284479031561,91.7333319478761,High Performance
C0421,45,3405,69154590,30,1,Retail,Construction,Chennai,Tamil Nadu,South,1536768.6666666667,75.66666666666667,0.2717551114006943,High Value,80.52746823306165,71.42857142857143,73.60570687418937,76.41344691994013,High Performance
C0422,44,3019,61810690,30,1,Government,Construction,Hyderabad,Telangana,South,1404788.4090909092,68.61363636363636,0.24289596607692684,High Value,71.97582077254194,69.84126984126983,65.26156506701254,69.99260435205443,High Performance
C0423,35,2455,43818650,30,1,Dealer,Infrastructure,Visakhapatnam,Andhra Pradesh,South,1251961.4285714286,70.14285714285714,0.17219308381667847,Medium Value,51.0248841890415,55.55555555555556,53.0696065715521,52.79303007549784,Medium Performance
C0424,38,3059,50065860,30,1,Retail,Construction,Ahmedabad,Gujarat,West,1317522.6315789474,80.5,0.19674259310439937,Medium Value,58.29948454196477,60.317460317460316,66.126242974492,60.470228961118885,Medium Performance
C0425,44,2773,57482400,30,1,Dealer,Manufacturing,Chennai,Tamil Nadu,South,1306418.1818181819,63.02272727272727,0.22588719007052566,Medium Value,66.9357180768499,69.84126984126983,59.943795936013835,66.40899917800866,Medium Performance
C0426,40,2623,47615070,30,1,Dealer,Infrastructure,Guwahati,Assam,North East,1190376.75,65.575,0.1871117832121029,Medium Value,55.44564774138646,63.49206349206349,56.70125378296584,58.11069367490544,Medium Performance
C0427,46,2646,47425980,30,1,Corporate,Mining,Vadodara,Gujarat,West,1030999.5652173914,57.52173913043478,0.18636872083526346,Medium Value,55.22546078100987,73.01587301587301,57.19844357976653,60.95718101122014,Medium Performance
C0428,45,3061,56913820,30,1,Retail,Construction,Delhi,Delhi,North,1264751.5555555555,68.02222222222223,0.22365285506484914,Medium Value,66.27363175853098,71.42857142857143,66.16947686986597,67.79928268181011,High Performance
C0429,44,2856,56178520,30,1,Fleet Owner,Logistics,Ahmedabad,Gujarat,West,1276784.5454545454,64.9090909090909,0.22076336452759152,Medium Value,65.4174073576377,69.84126984126983,61.73800259403372,66.00868515000654,Medium Performance
C0430,29,2199,37535780,30,1,Retail,Manufacturing,Nagpur,Maharashtra,West,1294337.2413793104,75.82758620689656,0.14750344229373574,Low Value,43.70875933980942,46.03174603174603,47.53566796368352,45.17103707216523,Low Performance
C0431,31,2010,39337010,30,1,Government,Logistics,Nagpur,Maharashtra,West,1268935.8064516129,64.83870967741936,0.1545816920427151,Low Value,45.80621218575121,49.2063492063492,43.45006485084306,46.35502382494897,Low Performance
C0432,41,2547,43308880,30,1,Fleet Owner,Mining,Hyderabad,Telangana,South,1056314.1463414633,62.1219512195122,0.17018985303852285,Medium Value,50.43127952041186,65.07936507936508,55.05836575875487,55.751122435766426,Medium Performance
C0433,38,3012,51222820,30,1,Dealer,Infrastructure,Chandigarh,Punjab,North,1347968.9473684211,79.26315789473684,0.20128907069447902,Medium Value,59.64671340482005,60.317460317460316,65.11024643320363,60.94064408428885,Medium Performance
C0434,35,2174,42930130,30,1,Corporate,Mining,Indore,Madhya Pradesh,Central,1226575.142857143,62.114285714285714,0.1687014883696988,Medium Value,49.990241859813025,55.55555555555556,46.99524427150886,51.06083645087495,Low Performance
C0435,57,3742,66153460,30,1,Dealer,Manufacturing,Chennai,Tamil Nadu,South,1160587.0175438595,65.64912280701755,0.25996164378736647,High Value,77.03278478922535,90.47619047619048,80.89061824470384,81.83737318641059,High Performance
C0436,38,2905,49724270,30,1,Fleet Owner,Logistics,Kolkata,West Bengal,East,1308533.4210526317,76.44736842105263,0.19540025518433704,Medium Value,57.90171806147908,60.317460317460316,62.79723303069606,59.60554373211685,Medium Performance
C0437,32,2097,38523930,30,1,Dealer,Mining,Nagpur,Maharashtra,West,1203872.8125,65.53125,0.15138655133003537,Low Value,44.85941640732294,50.79365079365079,45.3307392996109,46.733951301678886,Low Performance
C0438,45,3016,52796800,30,1,Corporate,Rental,Kolkata,West Bengal,East,1173262.2222222222,67.02222222222223,0.20747430164216402,Medium Value,61.47954365440253,71.42857142857143,65.19671422395157,65.20768610056301,Medium Performance
C0439,43,2755,49820310,30,1,Dealer,Construction,Visakhapatnam,Andhra Pradesh,South,1158611.8604651163,64.06976744186046,0.1957776612379182,Medium Value,58.01355240319238,68.25396825396825,59.55469087764808,61.39390485331628,Medium Performance
C0440,47,3555,67904760,30,1,Retail,Manufacturing,Hyderabad,Telangana,South,1444782.1276595744,75.63829787234043,0.26684368482898113,High Value,79.07209635359959,74.60317460317461,76.84824902723736,77.28665036319964,High Performance
C0441,35,2635,41532900,30,1,Dealer,Construction,Lucknow,Uttar Pradesh,North,1186654.2857142857,75.28571428571429,0.1632108276007984,Low Value,48.363229185176664,55.55555555555556,56.96065715520968,52.24041269029694,Low Performance
C0442,36,2373,47299810,30,1,Dealer,Logistics,Kolkata,West Bengal,East,1313883.611111111,65.91666666666667,0.18587291365304423,Medium Value,55.07854138394649,57.14285714285714,51.29701686121919,54.94153120707422,Medium Performance
C0443,43,2920,52360250,30,1,Dealer,Infrastructure,Kolkata,West Bengal,East,1217680.2325581396,67.90697674418605,0.20575880171826924,Medium Value,60.971200444542674,68.25396825396825,63.12148724600086,63.58608814766198,Medium Performance
C0444,35,2853,46629480,30,1,Dealer,Manufacturing,Chennai,Tamil Nadu,South,1332270.857142857,81.51428571428572,0.183238734145578,Medium Value,54.29797168089904,55.55555555555556,61.673151750972764,56.150282857310735,Medium Performance
C0445,30,2285,48822870,30,1,Government,Mining,Kolkata,West Bengal,East,1627429.0,76.16666666666667,0.19185804551442814,Medium Value,56.85207754065057,47.61904761904761,49.39472546476438,52.590698148992445,Low Performance
C0446,36,2401,43391360,30,1,Retail,Logistics,Visakhapatnam,Andhra Pradesh,South,1205315.5555555555,66.69444444444444,0.17051397268970336,Medium Value,50.527323840533825,57.14285714285714,51.90229139645483,52.786977342415014,Medium Performance
C0447,39,3115,58830780,30,1,Fleet Owner,Rental,Kolkata,West Bengal,East,1508481.5384615385,79.87179487179488,0.23118588618181005,High Value,68.50584708225786,61.904761904761905,67.33679204496326,66.29171052155016,Medium Performance
C0448,37,2535,53741830,30,1,Fleet Owner,Logistics,Kolkata,West Bengal,East,1452481.8918918918,68.51351351351352,0.21118796306257007,Medium Value,62.57998938482029,58.730158730158735,54.79896238651103,59.868834788759976,Medium Performance
C0449,37,2543,49669150,30,1,Fleet Owner,Logistics,Surat,Gujarat,West,1342409.4594594594,68.72972972972973,0.19518365146012429,Medium Value,57.83753325394849,58.730158730158735,54.97189796800692,57.532193839623254,Medium Performance
C0450,43,2678,48802430,30,1,Fleet Owner,Construction,Kolkata,West Bengal,East,1134940.2325581396,62.27906976744186,0.19177772294325782,Medium Value,56.82827606267661,68.25396825396825,57.890185905750116,60.4683656886788,Medium Performance
C0451,42,2397,41063830,30,1,Government,Manufacturing,Ranchi,Jharkhand,East,977710.2380952381,57.07142857142857,0.16136753462335868,Low Value,47.81701787043845,66.66666666666666,51.81582360570688,54.27167365636059,Medium Performance
C0452,42,2639,39890320,30,1,Fleet Owner,Mining,Hyderabad,Telangana,South,949769.5238095238,62.833333333333336,0.1567560209005555,Low Value,46.45051726294182,66.66666666666666,57.04712494595763,54.634683620662436,Medium Performance
C0453,36,2909,51744150,30,1,Dealer,Mining,Ranchi,Jharkhand,East,1437337.5,80.80555555555556,0.2033377285236488,Medium Value,60.253779183301894,57.14285714285714,62.88370082144401,59.84648689879689,Medium Performance
C0454,37,2154,36757440,30,1,Government,Mining,Pune,Maharashtra,West,993444.3243243244,58.21621621621622,0.14444481851464,Low Value,42.80241675828994,58.730158730158735,46.56290531776913,48.33283706174642,Low Performance
C0455,40,2848,57607900,30,1,Retail,Logistics,Indore,Madhya Pradesh,Central,1440197.5,71.2,0.22638036437003037,Medium Value,67.08185728848066,63.49206349206349,61.56506701253783,64.90156109436694,Medium Performance
C0456,29,1677,26909060,30,1,Corporate,Mining,Delhi,Delhi,North,927898.6206896552,57.827586206896555,0.10574387901060461,Low Value,31.334412861554817,46.03174603174603,36.25162127107652,36.72705449451652,Low Performance
C0457,35,2723,48077820,30,1,Retail,Manufacturing,Kolkata,West Bengal,East,1373652.0,77.8,0.18893024063916117,Medium Value,55.98449969502901,55.55555555555556,58.86294855166451,56.431506224514074,Medium Performance
C0458,43,2970,48276200,30,1,Dealer,Manufacturing,Ahmedabad,Gujarat,West,1122702.3255813953,69.06976744186046,0.18970980970319107,Medium Value,56.21550445043388,68.25396825396825,64.2023346303502,61.42440962747746,Medium Performance
C0459,45,3116,62289100,30,1,Retail,Logistics,Ranchi,Jharkhand,East,1384202.2222222222,69.24444444444444,0.24477596222534168,High Value,72.53290810510192,71.42857142857143,67.35840899265024,71.16670727965243,High Performance
C0460,36,2905,56715420,30,1,Dealer,Logistics,Coimbatore,Tamil Nadu,South,1575428.3333333333,80.69444444444444,0.22287320740730537,Medium Value,66.0426037140087,57.14285714285714,62.79723303069606,62.72360560600071,Medium Performance
C0461,42,3079,55770880,30,1,Corporate,Infrastructure,Delhi,Delhi,North,1327878.0952380951,73.30952380952381,0.219161471527989,Medium Value,64.94272856696705,66.66666666666666,66.55858192823173,65.78308066912987,Medium Performance
C0462,52,3826,72302020,30,1,Retail,Logistics,Chennai,Tamil Nadu,South,1390423.4615384615,73.57692307692308,0.28412349056794683,High Value,84.19251157061575,82.53968253968253,82.70644185041071,83.39944891729478,High Performance
C0463,36,2670,45761800,30,1,Dealer,Mining,Nagpur,Maharashtra,West,1271161.111111111,74.16666666666667,0.179829033140046,Medium Value,53.28759661199236,57.14285714285714,57.71725032425421,55.33010551370417,Medium Performance
C0464,39,2845,52911390,30,1,Corporate,Infrastructure,Lucknow,Uttar Pradesh,North,1356702.3076923077,72.94871794871794,0.20792460317985523,Medium Value,61.61297865249633,61.904761904761905,61.50021616947687,61.67796113157211,Medium Performance
C0465,39,2713,42438980,30,1,Fleet Owner,Mining,Chennai,Tamil Nadu,South,1088178.9743589743,69.56410256410257,0.1667714281529518,Low Value,49.418319359474744,61.904761904761905,58.646779074794644,55.009944066124866,Medium Performance
C0466,52,3880,78342990,30,1,Retail,Manufacturing,Bengaluru,Karnataka,South,1506595.9615384615,74.61538461538461,0.30786254354068876,High Value,91.22695454499934,82.53968253968253,83.873757025508,87.15013343950602,High Performance
C0467,55,2898,53206760,30,1,Retail,Construction,Delhi,Delhi,North,967395.6363636364,52.69090909090909,0.20908531148937484,Medium Value,61.95692398269059,87.3015873015873,62.64591439688716,69.69812106119892,High Performance
C0468,56,3955,70116180,30,1,Fleet Owner,Rental,Hyderabad,Telangana,South,1252074.642857143,70.625,0.2755338482505808,High Value,81.64719735267944,88.88888888888889,85.495028102032,84.58927096341279,High Performance
C0469,44,3044,55971040,30,1,Government,Manufacturing,Chandigarh,Punjab,North,1272069.0909090908,69.18181818181819,0.2199480354147529,Medium Value,65.17580605381976,69.84126984126983,65.8019887591872,66.70068173112827,Medium Performance
C0470,44,2622,42659850,30,1,Government,Mining,Chennai,Tamil Nadu,South,969542.0454545454,59.59090909090909,0.16763937562332318,Low Value,49.675512727386206,69.84126984126983,56.679636835278856,57.126064683129826,Medium Performance
C0471,42,3064,58365420,30,1,Fleet Owner,Logistics,Ahmedabad,Gujarat,West,1389652.857142857,72.95238095238095,0.22935717230119232,High Value,67.96395589879575,66.66666666666666,66.23432771292693,67.22884349198326,High Performance
C0472,37,2818,45819430,30,1,Dealer,Manufacturing,Coimbatore,Tamil Nadu,South,1238362.972972973,76.16216216216216,0.18005550035024886,Medium Value,53.35470420375555,58.730158730158735,60.91655858192823,56.47971143731104,Medium Performance
C0473,31,2056,40406800,30,1,Government,Rental,Chennai,Tamil Nadu,South,1303445.1612903227,66.3225806451613,0.1587856198026129,Low Value,47.05193543045625,49.2063492063492,44.44444444444444,47.176761366021765,Low Performance
C0474,35,2257,42219110,30,1,Government,Logistics,Pune,Maharashtra,West,1206260.2857142857,64.48571428571428,0.16590741035827367,Low Value,49.16229044743285,55.55555555555556,48.78945092952875,51.00570207628884,Low Performance
C0475,58,4343,76825820,30,1,Fleet Owner,Construction,Kolkata,West Bengal,East,1324583.103448276,74.87931034482759,0.3019005574691382,High Value,89.46027703336702,92.06349206349206,93.8824038045828,91.12566689664769,High Performance
C0476,38,2530,65951870,30,1,Fleet Owner,Infrastructure,Delhi,Delhi,North,1735575.5263157894,66.57894736842105,0.25916946046436123,High Value,76.79804213047913,60.317460317460316,54.690877648076096,67.43243469009288,High Performance
C0477,37,2745,45390380,30,1,Government,Construction,Ahmedabad,Gujarat,West,1226767.027027027,74.1891891891892,0.17836947299405356,Medium Value,52.855094412917445,58.730158730158735,59.33852140077821,55.91429910566199,Medium Performance
C0478,47,3323,61995630,30,1,Retail,Rental,Delhi,Delhi,North,1319055.9574468085,70.70212765957447,0.24362272029963922,High Value,72.19117524105984,74.60317460317461,71.83311716385646,72.8431634342536,High Performance
C0479,29,1874,31298140,30,1,Retail,Construction,Mumbai,Maharashtra,West,1079246.2068965517,64.62068965517241,0.12299154000239935,Low Value,36.445302829557896,46.03174603174603,40.51015996541288,40.13420721738533,Low Performance
C0480,37,2491,45569160,30,1,Government,Infrastructure,Mumbai,Maharashtra,West,1231598.9189189188,67.32432432432432,0.17907202041449546,Medium Value,53.0632758332788,58.730158730158735,53.847816688283615,54.92024887334374,Medium Performance
C0481,40,2894,47983990,30,1,Corporate,Logistics,Chennai,Tamil Nadu,South,1199599.75,72.35,0.18856151916886216,Medium Value,55.87523880078745,63.49206349206349,62.55944660613921,59.497127769240606,Medium Performance
C0482,36,2843,64020490,30,1,Fleet Owner,Logistics,Kolkata,West Bengal,East,1778346.9444444445,78.97222222222223,0.2515797634239034,High Value,74.5490353531131,57.14285714285714,61.4569822741029,66.70877127423428,Medium Performance
C0483,53,3846,85183900,30,1,Corporate,Rental,Delhi,Delhi,North,1607243.3962264152,72.56603773584905,0.334745101287501,High Value,99.1928923476851,84.12698412698413,83.13878080415046,91.46229757276788,High Performance
C0484,31,2368,41941080,30,1,Fleet Owner,Mining,Ahmedabad,Gujarat,West,1352938.064516129,76.38709677419355,0.16481484262527524,Low Value,48.83853678201689,49.2063492063492,51.18893212278426,49.418959577470055,Low Performance
C0485,34,2620,52472400,30,1,Fleet Owner,Rental,Pune,Maharashtra,West,1543305.8823529412,77.05882352941177,0.2061995148472689,Medium Value,61.10179417031472,53.96825396825397,56.63640293990488,58.06865386361453,Medium Performance
C0486,42,3174,53820770,30,1,Government,Manufacturing,Pune,Maharashtra,West,1281446.9047619049,75.57142857142857,0.21149817166179638,Medium Value,62.671911531163985,66.66666666666666,68.61219195849546,65.05839415728107,Medium Performance
C0487,31,1910,36312870,30,1,Dealer,Mining,Visakhapatnam,Andhra Pradesh,South,1171382.9032258065,61.61290322580645,0.14269780259168527,Low Value,42.28473461235613,49.2063492063492,41.2883700821444,44.161946084511705,Low Performance
C0488,40,3168,58528170,30,1,Government,Construction,Chennai,Tamil Nadu,South,1463204.25,79.2,0.22999672702027119,High Value,68.15347109156792,63.49206349206349,68.48249027237354,66.82085264787771,Medium Performance
C0489,51,3366,61811660,30,1,Fleet Owner,Rental,Chennai,Tamil Nadu,South,1211993.3333333333,66.0,0.2428997778623493,High Value,71.97695029473542,80.95238095238095,72.76264591439688,74.82671861596137,High Performance
C0490,50,4114,73710890,30,1,Government,Logistics,Pune,Maharashtra,West,1474217.8,82.28,0.28965989276191684,High Value,85.83307851157387,79.36507936507937,88.93212278426286,84.51248762216332,High Performance
C0491,32,2861,61370730,30,1,Dealer,Infrastructure,Chennai,Tamil Nadu,South,1917835.3125,89.40625,0.24116706595891804,High Value,71.46350676816685,50.79365079365079,61.846087332468656,63.33906608867239,Medium Performance
C0492,37,2768,51225690,30,1,Dealer,Rental,Ranchi,Jharkhand,East,1384478.1081081082,74.8108108108108,0.20130034886371873,Medium Value,59.650055393165715,58.730158730158735,59.8357111975789,59.41121755514626,Medium Performance
C0493,45,3145,52616240,30,1,Retail,Construction,Chennai,Tamil Nadu,South,1169249.7777777778,69.88888888888889,0.20676475939898808,Medium Value,61.26928950259336,71.42857142857143,67.98530047557286,65.66027627498268,Medium Performance
C0494,32,2140,37868420,30,1,Corporate,Construction,Ranchi,Jharkhand,East,1183388.125,66.875,0.14881060961634335,Low Value,44.09610394026248,50.79365079365079,46.26026805015132,46.53820081825675,Low Performance
C0495,52,3819,82914040,30,1,Fleet Owner,Infrastructure,Jaipur,Rajasthan,North,1594500.7692307692,73.4423076923077,0.32582528761838697,High Value,96.5497405475877,82.53968253968253,82.55512321660181,89.54779967901898,High Performance
C0496,41,2547,49977230,30,1,Government,Infrastructure,Bhubaneswar,Odisha,East,1218956.8292682928,62.1219512195122,0.19639430594770532,Medium Value,58.19627881824497,65.07936507936508,55.05836575875487,59.63362208468298,Medium Performance
C0497,33,2411,42503770,30,1,Government,Logistics,Chennai,Tamil Nadu,South,1287993.0303030303,73.06060606060606,0.16702603184111842,Low Value,49.49376445526405,52.38095238095239,52.11846087332469,50.88486011658267,Low Performance
C0498,30,2160,52056060,30,1,Fleet Owner,Construction,Kolkata,West Bengal,East,1735202.0,72.0,0.20456343366913504,Medium Value,60.616984613578815,47.61904761904761,46.69260700389105,53.9327279932819,Medium Performance
C0499,44,2851,57171990,30,1,Corporate,Construction,Bhubaneswar,Odisha,East,1299363.4090909092,64.79545454545455,0.2246673794385793,Medium Value,66.57425933037733,69.84126984126983,61.62991785559879,66.56549418868937,Medium Performance
C0500,29,2099,36693490,30,1,Corporate,Infrastructure,Kolkata,West Bengal,East,1265292.7586206896,72.37931034482759,0.1441935157540557,Low Value,42.727949805431074,46.03174603174603,45.37397319498487,44.24829335123632,Low Performance
